CompoundName,material_system,phase_route,system_route_branch,actual_kwh_per_ton,recommended_kwh_per_ton,predicted_baseline_kwh_per_ton,mooney_pred,mooney_lower,mooney_upper,recommendation_status
M1-B00458---- 12 004,CarbonBlack,OilWet,CarbonBlack_OilWet,112.74,98.05,112.74,42.22,40.46,43.99,RECOMMENDED
M1-B00458---- 12 004,CarbonBlack,OilWet,CarbonBlack_OilWet,109.96,98.05,109.96,42.42,40.66,44.18,RECOMMENDED
M1-B00458---- 12 004,CarbonBlack,OilWet,CarbonBlack_OilWet,108.87,98.05,108.87,42.22,40.45,43.98,RECOMMENDED
M1-B00458---- 12 004,CarbonBlack,OilWet,CarbonBlack_OilWet,117.12,117.12,117.12,41.5,39.73,43.26,NO_VALID_CANDIDATE
M1-B00458---- 12 004,CarbonBlack,OilWet,CarbonBlack_OilWet,112.13,112.13,112.13,41.43,39.67,43.19,NO_VALID_CANDIDATE
M1-B00458---- 12 004,CarbonBlack,OilWet,CarbonBlack_OilWet,109.62,109.62,109.62,41.58,39.82,43.35,NO_VALID_CANDIDATE
M1-B00458---- 12 004,CarbonBlack,OilWet,CarbonBlack_OilWet,112.13,98.05,112.13,41.52,39.75,43.28,RECOMMENDED
M1-B00458---- 12 004,CarbonBlack,OilWet,CarbonBlack_OilWet,109.72,98.05,109.72,41.77,40.01,43.54,RECOMMENDED
M1-B00458---- 12 004,CarbonBlack,OilWet,CarbonBlack_OilWet,110.01,98.05,110.01,41.21,39.44,42.97,RECOMMENDED
M1-B00458---- 12 004,CarbonBlack,OilWet,CarbonBlack_OilWet,112.23,98.05,112.23,42.31,40.55,44.07,RECOMMENDED
M1-B00163R4-- 01 004,CarbonBlack,OilWet,CarbonBlack_OilWet,115.44,115.44,115.44,30.18,28.41,31.94,NO_VALID_CANDIDATE
M1-B00163R4-- 01 004,CarbonBlack,OilWet,CarbonBlack_OilWet,114.93,114.93,114.93,29.46,27.7,31.22,NO_VALID_CANDIDATE
M1-B00163R4-- 01 004,CarbonBlack,OilWet,CarbonBlack_OilWet,116.09,116.09,116.09,29.34,27.58,31.1,NO_VALID_CANDIDATE
M1-B00163R4-- 01 004,CarbonBlack,OilWet,CarbonBlack_OilWet,122.47,122.47,122.47,30.95,29.18,32.71,NO_VALID_CANDIDATE
M1-B00163R4-- 01 004,CarbonBlack,OilWet,CarbonBlack_OilWet,122.05,122.05,122.05,30.27,28.5,32.03,NO_VALID_CANDIDATE
M1-B00163R4-- 01 004,CarbonBlack,OilWet,CarbonBlack_OilWet,118.1,118.1,118.1,29.75,27.99,31.51,NO_VALID_CANDIDATE
M1-B00163R4-- 01 004,CarbonBlack,OilWet,CarbonBlack_OilWet,130.23,130.23,130.23,30.35,28.59,32.12,NO_VALID_CANDIDATE
M1-B00163R4-- 01 004,CarbonBlack,OilWet,CarbonBlack_OilWet,131.21,131.21,131.21,29.79,28.03,31.56,NO_VALID_CANDIDATE
M1-B00163R4-- 01 004,CarbonBlack,OilWet,CarbonBlack_OilWet,123.52,123.52,123.52,29.8,28.04,31.57,NO_VALID_CANDIDATE
M1-B00163R4-- 01 004,CarbonBlack,OilWet,CarbonBlack_OilWet,126.77,126.77,126.77,29.5,27.73,31.26,NO_VALID_CANDIDATE
M1-B00163R4-- 01 003,CarbonBlack,OilWet,CarbonBlack_OilWet,104.06,104.06,104.06,33.75,31.98,35.51,NO_VALID_CANDIDATE
M1-B00163R4-- 01 003,CarbonBlack,OilWet,CarbonBlack_OilWet,103.98,103.98,103.98,33.62,31.85,35.38,NO_VALID_CANDIDATE
M1-B00163R4-- 01 003,CarbonBlack,OilWet,CarbonBlack_OilWet,107.18,107.18,107.18,33.54,31.78,35.3,NO_VALID_CANDIDATE
M1-B00458---- 12 003,CarbonBlack,OilWet,CarbonBlack_OilWet,105.72,105.72,105.72,40.68,38.91,42.44,NO_VALID_CANDIDATE
M1-B00458---- 12 003,CarbonBlack,OilWet,CarbonBlack_OilWet,108.26,108.26,108.26,41.2,39.43,42.96,NO_VALID_CANDIDATE
M1-B00458---- 12 003,CarbonBlack,OilWet,CarbonBlack_OilWet,100.37,100.37,100.37,40.79,39.03,42.55,NO_VALID_CANDIDATE
M1-B00458---- 12 003,CarbonBlack,OilWet,CarbonBlack_OilWet,101.8,101.8,101.8,40.87,39.11,42.64,NO_VALID_CANDIDATE
M1-B00458---- 12 003,CarbonBlack,OilWet,CarbonBlack_OilWet,111.36,100.24,111.36,41.26,39.5,43.03,RECOMMENDED
M1-B00458---- 12 003,CarbonBlack,OilWet,CarbonBlack_OilWet,107.25,107.25,107.25,40.89,39.13,42.66,NO_VALID_CANDIDATE
M1-B00458---- 12 003,CarbonBlack,OilWet,CarbonBlack_OilWet,107.34,107.34,107.34,39.84,38.08,41.61,NO_VALID_CANDIDATE
M1-B00458---- 12 003,CarbonBlack,OilWet,CarbonBlack_OilWet,109.02,100.24,109.02,40.68,38.91,42.44,RECOMMENDED
M1-B00458---- 12 003,CarbonBlack,OilWet,CarbonBlack_OilWet,106.58,106.58,106.58,40.22,38.45,41.98,NO_VALID_CANDIDATE
M1-B00458---- 12 003,CarbonBlack,OilWet,CarbonBlack_OilWet,108.03,108.03,108.03,40.11,38.35,41.87,NO_VALID_CANDIDATE
M1-B00163R4-- 01 003,CarbonBlack,OilWet,CarbonBlack_OilWet,105.51,105.51,105.51,34.63,32.87,36.39,NO_VALID_CANDIDATE
M1-B00163R4-- 01 003,CarbonBlack,OilWet,CarbonBlack_OilWet,102.94,102.94,102.94,34.0,32.24,35.77,NO_VALID_CANDIDATE
M1-B00163R4-- 01 003,CarbonBlack,OilWet,CarbonBlack_OilWet,106.78,106.78,106.78,33.7,31.93,35.46,NO_VALID_CANDIDATE
M1-B00163R4-- 01 003,CarbonBlack,OilWet,CarbonBlack_OilWet,104.49,104.49,104.49,33.17,31.4,34.93,NO_VALID_CANDIDATE
M1-B00163R4-- 01 003,CarbonBlack,OilWet,CarbonBlack_OilWet,104.57,104.57,104.57,33.21,31.45,34.98,NO_VALID_CANDIDATE
M1-B00163R4-- 01 003,CarbonBlack,OilWet,CarbonBlack_OilWet,104.09,104.09,104.09,33.2,31.44,34.97,NO_VALID_CANDIDATE
M1-B00163R4-- 01 003,CarbonBlack,OilWet,CarbonBlack_OilWet,110.54,110.54,110.54,33.51,31.74,35.27,NO_VALID_CANDIDATE
M1-B00163RT-- 01 001,CarbonBlack,OilWet,CarbonBlack_OilWet,123.45,123.45,123.45,56.0,54.23,57.76,NO_VALID_CANDIDATE
M1-B00163RT-- 01 001,CarbonBlack,OilWet,CarbonBlack_OilWet,122.02,122.02,122.02,55.56,53.8,57.32,NO_VALID_CANDIDATE
M1-B00163RT-- 01 001,CarbonBlack,OilWet,CarbonBlack_OilWet,118.39,118.39,118.39,56.01,54.25,57.78,NO_VALID_CANDIDATE
M1-B00163RT-- 01 001,CarbonBlack,OilWet,CarbonBlack_OilWet,122.5,122.5,122.5,56.3,54.54,58.07,NO_VALID_CANDIDATE
M1-B00163RT-- 01 001,CarbonBlack,OilWet,CarbonBlack_OilWet,122.12,122.12,122.12,56.62,54.85,58.38,NO_VALID_CANDIDATE
M1-B00163RT-- 01 001,CarbonBlack,OilWet,CarbonBlack_OilWet,119.96,119.96,119.96,56.31,54.55,58.08,NO_VALID_CANDIDATE
M1-B00163RT-- 01 001,CarbonBlack,OilWet,CarbonBlack_OilWet,121.44,121.44,121.44,57.01,55.25,58.78,NO_VALID_CANDIDATE
M1-B00163RT-- 01 001,CarbonBlack,OilWet,CarbonBlack_OilWet,120.95,120.95,120.95,56.91,55.15,58.68,NO_VALID_CANDIDATE
M1-B00163RT-- 01 001,CarbonBlack,OilWet,CarbonBlack_OilWet,127.24,127.24,127.24,53.57,51.8,55.33,NO_VALID_CANDIDATE
M1-B00163RT-- 01 001,CarbonBlack,OilWet,CarbonBlack_OilWet,131.98,131.98,131.98,53.28,51.51,55.04,NO_VALID_CANDIDATE
M1-B00163RT-- 01 002,CarbonBlack,OilWet,CarbonBlack_OilWet,122.7,122.7,122.7,57.05,55.28,58.81,NO_VALID_CANDIDATE
M1-B00163RT-- 01 002,CarbonBlack,OilWet,CarbonBlack_OilWet,125.46,125.46,125.46,57.14,55.38,58.91,NO_VALID_CANDIDATE
M1-B00163RT-- 01 002,CarbonBlack,OilWet,CarbonBlack_OilWet,126.9,126.9,126.9,57.15,55.39,58.92,NO_VALID_CANDIDATE
M1-B00163RT-- 01 002,CarbonBlack,OilWet,CarbonBlack_OilWet,127.64,127.64,127.64,57.07,55.31,58.84,NO_VALID_CANDIDATE
M1-B00163RT-- 01 002,CarbonBlack,OilWet,CarbonBlack_OilWet,105.37,105.37,105.37,56.43,54.67,58.2,NO_VALID_CANDIDATE
M1-B00163RT-- 01 002,CarbonBlack,OilWet,CarbonBlack_OilWet,106.27,106.27,106.27,57.42,55.66,59.19,NO_VALID_CANDIDATE
M1-B00163RT-- 01 002,CarbonBlack,OilWet,CarbonBlack_OilWet,109.49,109.49,109.49,56.83,55.06,58.59,NO_VALID_CANDIDATE
M1-B00163RT-- 01 002,CarbonBlack,OilWet,CarbonBlack_OilWet,107.79,107.79,107.79,56.58,54.82,58.35,NO_VALID_CANDIDATE
M1-B00163RT-- 01 002,CarbonBlack,OilWet,CarbonBlack_OilWet,114.98,114.98,114.98,55.31,53.54,57.07,NO_VALID_CANDIDATE
M1-B00163RT-- 01 002,CarbonBlack,OilWet,CarbonBlack_OilWet,116.42,116.42,116.42,55.82,54.06,57.59,NO_VALID_CANDIDATE
M1-B00458---- 12 005,CarbonBlack,OilWet,CarbonBlack_OilWet,110.9,110.9,110.9,41.86,40.1,43.63,NO_VALID_CANDIDATE
M1-B00458---- 12 005,CarbonBlack,OilWet,CarbonBlack_OilWet,103.59,103.59,103.59,42.46,40.69,44.22,NO_VALID_CANDIDATE
M1-B00458---- 12 005,CarbonBlack,OilWet,CarbonBlack_OilWet,104.24,104.24,104.24,42.48,40.72,44.25,NO_VALID_CANDIDATE
M1-B00458---- 12 005,CarbonBlack,OilWet,CarbonBlack_OilWet,105.03,105.03,105.03,41.92,40.16,43.68,NO_VALID_CANDIDATE
M1-B00458---- 12 005,CarbonBlack,OilWet,CarbonBlack_OilWet,104.17,104.17,104.17,42.0,40.23,43.76,NO_VALID_CANDIDATE
M1-B00458---- 12 005,CarbonBlack,OilWet,CarbonBlack_OilWet,106.3,106.3,106.3,41.25,39.49,43.01,NO_VALID_CANDIDATE
M1-B00458---- 12 005,CarbonBlack,OilWet,CarbonBlack_OilWet,104.02,104.02,104.02,40.63,38.86,42.39,NO_VALID_CANDIDATE
M1-B00458---- 12 005,CarbonBlack,OilWet,CarbonBlack_OilWet,125.32,125.32,125.32,40.62,38.85,42.38,NO_VALID_CANDIDATE
M1-B00458---- 12 005,CarbonBlack,OilWet,CarbonBlack_OilWet,120.46,120.46,120.46,40.34,38.58,42.1,NO_VALID_CANDIDATE
M1-B00458---- 12 005,CarbonBlack,OilWet,CarbonBlack_OilWet,121.45,121.45,121.45,39.91,38.14,41.67,NO_VALID_CANDIDATE
M1-B00458---- 12 007,CarbonBlack,OilWet,CarbonBlack_OilWet,129.67,129.67,129.67,41.26,39.5,43.03,NO_VALID_CANDIDATE
M1-B00458---- 12 007,CarbonBlack,OilWet,CarbonBlack_OilWet,128.2,128.2,128.2,40.29,38.52,42.05,NO_VALID_CANDIDATE
M1-B00458---- 12 007,CarbonBlack,OilWet,CarbonBlack_OilWet,124.61,124.61,124.61,40.83,39.07,42.59,NO_VALID_CANDIDATE
M1-B00458---- 12 007,CarbonBlack,OilWet,CarbonBlack_OilWet,120.97,120.97,120.97,40.79,39.03,42.56,NO_VALID_CANDIDATE
M1-B00458---- 12 007,CarbonBlack,OilWet,CarbonBlack_OilWet,123.59,123.59,123.59,41.09,39.32,42.85,NO_VALID_CANDIDATE
M1-B00458---- 12 007,CarbonBlack,OilWet,CarbonBlack_OilWet,122.75,122.75,122.75,41.24,39.48,43.01,NO_VALID_CANDIDATE
M1-B00458---- 12 007,CarbonBlack,OilWet,CarbonBlack_OilWet,132.56,132.56,132.56,40.81,39.05,42.58,NO_VALID_CANDIDATE
M1-B00458---- 12 007,CarbonBlack,OilWet,CarbonBlack_OilWet,127.65,127.65,127.65,40.76,39.0,42.53,NO_VALID_CANDIDATE
M1-B00458---- 12 007,CarbonBlack,OilWet,CarbonBlack_OilWet,122.89,122.89,122.89,40.8,39.04,42.57,NO_VALID_CANDIDATE
M1-B00458---- 12 007,CarbonBlack,OilWet,CarbonBlack_OilWet,141.28,141.28,141.28,39.99,38.23,41.76,NO_VALID_CANDIDATE
M1-B00458---- 12 008,CarbonBlack,OilWet,CarbonBlack_OilWet,131.56,131.56,131.56,40.21,38.44,41.97,NO_VALID_CANDIDATE
M1-B00458---- 12 008,CarbonBlack,OilWet,CarbonBlack_OilWet,124.57,124.57,124.57,40.6,38.83,42.36,NO_VALID_CANDIDATE
M1-B00458---- 12 008,CarbonBlack,OilWet,CarbonBlack_OilWet,120.12,120.12,120.12,40.59,38.82,42.35,NO_VALID_CANDIDATE
M1-B00458---- 12 008,CarbonBlack,OilWet,CarbonBlack_OilWet,123.81,123.81,123.81,40.54,38.78,42.3,NO_VALID_CANDIDATE
M1-B00458---- 12 008,CarbonBlack,OilWet,CarbonBlack_OilWet,127.9,127.9,127.9,40.87,39.1,42.63,NO_VALID_CANDIDATE
M1-B00458---- 12 008,CarbonBlack,OilWet,CarbonBlack_OilWet,124.46,124.46,124.46,41.02,39.26,42.79,NO_VALID_CANDIDATE
M1-B00458---- 12 008,CarbonBlack,OilWet,CarbonBlack_OilWet,123.61,123.61,123.61,40.88,39.11,42.64,NO_VALID_CANDIDATE
M1-B00458---- 12 008,CarbonBlack,OilWet,CarbonBlack_OilWet,127.62,127.62,127.62,40.84,39.07,42.6,NO_VALID_CANDIDATE
M1-B00458---- 12 008,CarbonBlack,OilWet,CarbonBlack_OilWet,119.26,119.26,119.26,40.8,39.03,42.56,NO_VALID_CANDIDATE
M1-B00458---- 12 008,CarbonBlack,OilWet,CarbonBlack_OilWet,121.49,121.49,121.49,40.82,39.06,42.59,NO_VALID_CANDIDATE
M1-A00268XM-- 02 004,CarbonBlack,OilWet,CarbonBlack_OilWet,116.04,116.04,101.16,,,,REJECTED
M1-A00268XM-- 02 004,CarbonBlack,OilWet,CarbonBlack_OilWet,105.66,105.66,100.65,,,,REJECTED
M1-A00268XM-- 02 004,CarbonBlack,OilWet,CarbonBlack_OilWet,105.3,105.3,100.85,,,,REJECTED
M1-T17771---- 05 002,Silica,OilWet,Silica_OilWet,171.44,171.44,171.44,34.08,31.73,36.44,NO_VALID_CANDIDATE
M1-T17771---- 05 002,Silica,OilWet,Silica_OilWet,172.99,172.99,172.99,34.38,32.03,36.74,NO_VALID_CANDIDATE
M1-T33025W3-- 04 004,Silica,OilWet,Silica_OilWet,336.15,336.15,336.15,50.98,48.62,53.33,NO_VALID_CANDIDATE
M1-T33025W3-- 04 004,Silica,OilWet,Silica_OilWet,317.67,317.67,317.67,51.5,49.15,53.85,NO_VALID_CANDIDATE
M1-T33025W3-- 04 004,Silica,OilWet,Silica_OilWet,316.64,316.64,316.64,51.18,48.83,53.53,NO_VALID_CANDIDATE
M1-T02128W5-- 04 003,Silica,OilWet,Silica_OilWet,232.63,232.63,232.63,62.39,60.04,64.74,NO_VALID_CANDIDATE
M1-T02128W5-- 04 003,Silica,OilWet,Silica_OilWet,228.31,228.31,228.31,62.24,59.89,64.6,NO_VALID_CANDIDATE
M1-T02128W5-- 04 003,Silica,OilWet,Silica_OilWet,218.89,218.89,218.89,62.57,60.22,64.93,NO_VALID_CANDIDATE
M1-T17771---- 05 002,Silica,OilWet,Silica_OilWet,173.85,173.85,173.85,35.14,32.78,37.49,NO_VALID_CANDIDATE
M1-S00211---- 10 001,Silica,OilWet,Silica_OilWet,137.64,137.64,137.64,26.51,24.16,28.86,NO_VALID_CANDIDATE
M1-T30087---- 08 001,Silica,OilWet,Silica_OilWet,187.98,187.98,187.98,61.07,58.71,63.42,NO_VALID_CANDIDATE
M1-T30087---- 08 001,Silica,OilWet,Silica_OilWet,184.63,184.63,184.63,60.43,58.08,62.79,NO_VALID_CANDIDATE
M1-T30087---- 08 001,Silica,OilWet,Silica_OilWet,182.54,182.54,182.54,60.67,58.31,63.02,NO_VALID_CANDIDATE
M1-A06441XZ-- 01 002,CarbonBlack,OilWet,CarbonBlack_OilWet,108.56,108.56,126.92,,,,REJECTED
M1-A06441XZ-- 01 002,CarbonBlack,OilWet,CarbonBlack_OilWet,105.1,105.1,126.92,,,,REJECTED
M1-A06441XZ-- 01 002,CarbonBlack,OilWet,CarbonBlack_OilWet,104.14,104.14,126.92,,,,REJECTED
M1-T15611W6-- 01 004,Silica,OilWet,Silica_OilWet,224.38,224.38,224.38,51.4,49.05,53.75,NO_VALID_CANDIDATE
M1-T15611W6-- 01 004,Silica,OilWet,Silica_OilWet,225.18,225.18,225.18,51.36,49.0,53.71,NO_VALID_CANDIDATE
M1-T15611W6-- 01 004,Silica,OilWet,Silica_OilWet,222.04,222.04,222.04,51.29,48.93,53.64,NO_VALID_CANDIDATE
M1-A00205W3-- 03 003,CarbonBlack,OilWet,CarbonBlack_OilWet,122.91,122.91,122.91,42.31,40.55,44.08,NO_VALID_CANDIDATE
M1-A00205W3-- 03 003,CarbonBlack,OilWet,CarbonBlack_OilWet,123.83,123.83,123.83,41.86,40.09,43.62,NO_VALID_CANDIDATE
M1-T09170WS-- 02 004,Silica,OilWet,Silica_OilWet,183.76,183.76,183.76,58.13,55.78,60.48,NO_VALID_CANDIDATE
M1-T09170WS-- 02 004,Silica,OilWet,Silica_OilWet,174.39,174.39,174.39,58.86,56.51,61.21,NO_VALID_CANDIDATE
M1-T09170WS-- 02 004,Silica,OilWet,Silica_OilWet,172.76,172.76,172.76,58.07,55.72,60.42,NO_VALID_CANDIDATE
M1-T17771---- 04 003,Silica,OilWet,Silica_OilWet,173.82,173.82,173.82,34.79,32.44,37.14,NO_VALID_CANDIDATE
M1-T17771---- 04 003,Silica,OilWet,Silica_OilWet,159.42,159.42,159.42,34.41,32.06,36.76,NO_VALID_CANDIDATE
M1-T33025W3-- 03 005,Silica,OilWet,Silica_OilWet,305.69,305.69,305.69,49.96,47.6,52.31,NO_VALID_CANDIDATE
M1-T33025W3-- 03 005,Silica,OilWet,Silica_OilWet,311.82,311.82,311.82,50.3,47.95,52.66,NO_VALID_CANDIDATE
M1-B15563---- 01 005,CarbonBlack,OilWet,CarbonBlack_OilWet,116.55,116.55,121.89,,,,REJECTED
M1-B15563---- 01 005,CarbonBlack,OilWet,CarbonBlack_OilWet,118.84,118.84,123.57,,,,REJECTED
M1-B15563---- 01 005,CarbonBlack,OilWet,CarbonBlack_OilWet,119.15,119.15,123.57,,,,REJECTED
M1-T33025W3-- 03 005,Silica,OilWet,Silica_OilWet,311.06,311.06,311.06,49.75,47.4,52.11,NO_VALID_CANDIDATE
M1-A00268R2-- 05 003,CarbonBlack,OilWet,CarbonBlack_OilWet,104.48,104.48,104.48,46.1,44.33,47.86,NO_VALID_CANDIDATE
M1-A00268R2-- 05 003,CarbonBlack,OilWet,CarbonBlack_OilWet,113.15,113.15,113.15,46.87,45.11,48.64,NO_VALID_CANDIDATE
M1-A00268R2-- 05 003,CarbonBlack,OilWet,CarbonBlack_OilWet,106.09,106.09,106.09,46.52,44.75,48.28,NO_VALID_CANDIDATE
M1-T15760---- 06 001,Silica,OilWet,Silica_OilWet,138.85,138.85,138.85,55.42,53.07,57.78,NO_VALID_CANDIDATE
M1-T15760---- 06 001,Silica,OilWet,Silica_OilWet,141.87,141.87,141.87,56.5,54.14,58.85,NO_VALID_CANDIDATE
M1-T15760---- 06 001,Silica,OilWet,Silica_OilWet,166.31,166.31,166.31,55.52,53.17,57.87,NO_VALID_CANDIDATE
M1-T09170XT-- 02 001,Silica,OilWet,Silica_OilWet,287.92,287.92,287.92,58.93,56.58,61.28,NO_VALID_CANDIDATE
M1-T09170XT-- 02 001,Silica,OilWet,Silica_OilWet,287.86,287.86,287.86,59.01,56.65,61.36,NO_VALID_CANDIDATE
M1-T09170XT-- 02 001,Silica,OilWet,Silica_OilWet,291.72,291.72,291.72,58.73,56.38,61.08,NO_VALID_CANDIDATE
M1-A00205W3-- 03 002,CarbonBlack,OilWet,CarbonBlack_OilWet,122.75,122.75,122.75,40.87,39.11,42.63,NO_VALID_CANDIDATE
M1-A00205W3-- 03 002,CarbonBlack,OilWet,CarbonBlack_OilWet,116.57,116.57,116.57,40.21,38.45,41.98,NO_VALID_CANDIDATE
M1-A00205W3-- 03 002,CarbonBlack,OilWet,CarbonBlack_OilWet,115.24,115.24,115.24,40.23,38.47,41.99,NO_VALID_CANDIDATE
M1-A00205W4-- 01 001,CarbonBlack,OilWet,CarbonBlack_OilWet,125.42,125.42,125.42,43.79,42.03,45.55,NO_VALID_CANDIDATE
M1-A00205W4-- 01 001,CarbonBlack,OilWet,CarbonBlack_OilWet,118.0,118.0,118.0,42.67,40.91,44.44,NO_VALID_CANDIDATE
M1-A00205W4-- 01 001,CarbonBlack,OilWet,CarbonBlack_OilWet,118.55,118.55,118.55,42.79,41.02,44.55,NO_VALID_CANDIDATE
M1-B00458B1-- 02 002,CarbonBlack,OilWet,CarbonBlack_OilWet,118.72,118.72,118.72,41.54,39.78,43.31,NO_VALID_CANDIDATE
M1-B00458B1-- 02 002,CarbonBlack,OilWet,CarbonBlack_OilWet,113.02,113.02,113.02,41.51,39.75,43.27,NO_VALID_CANDIDATE
M1-B00458B1-- 02 002,CarbonBlack,OilWet,CarbonBlack_OilWet,114.07,114.07,114.07,41.04,39.28,42.81,NO_VALID_CANDIDATE
M1-B00460B--- 02 001,CarbonBlack,OilWet,CarbonBlack_OilWet,199.41,199.41,199.41,52.13,50.36,53.89,NO_VALID_CANDIDATE
M1-B00163R4-- 01 003,CarbonBlack,OilWet,CarbonBlack_OilWet,139.05,139.05,139.05,33.16,31.4,34.93,NO_VALID_CANDIDATE
M1-B00163R4-- 01 003,CarbonBlack,OilWet,CarbonBlack_OilWet,131.6,131.6,131.6,32.81,31.04,34.57,NO_VALID_CANDIDATE
M1-B00163R4-- 01 003,CarbonBlack,OilWet,CarbonBlack_OilWet,124.16,124.16,124.16,32.11,30.34,33.87,NO_VALID_CANDIDATE
M1-B00458---- 12 003,CarbonBlack,OilWet,CarbonBlack_OilWet,138.6,103.17,138.6,41.51,39.74,43.27,RECOMMENDED
M1-A03391---- 09 001,CarbonBlack,OilWet,CarbonBlack_OilWet,222.9,222.9,211.8,,,,REJECTED
M1-A03391---- 09 001,CarbonBlack,OilWet,CarbonBlack_OilWet,208.75,208.75,211.11,,,,REJECTED
M1-A03391---- 09 001,CarbonBlack,OilWet,CarbonBlack_OilWet,204.76,204.76,211.11,,,,REJECTED
M1-T02128W5-- 04 002,Silica,OilWet,Silica_OilWet,239.01,239.01,239.01,61.74,59.39,64.09,NO_VALID_CANDIDATE
M1-T02128W5-- 04 002,Silica,OilWet,Silica_OilWet,234.48,234.48,234.48,61.0,58.65,63.35,NO_VALID_CANDIDATE
M1-T02128W5-- 04 002,Silica,OilWet,Silica_OilWet,230.87,230.87,230.87,60.98,58.63,63.33,NO_VALID_CANDIDATE
M1-T09170WS-- 01 009,Silica,OilWet,Silica_OilWet,200.23,200.23,200.23,58.97,56.62,61.33,NO_VALID_CANDIDATE
M1-T09170WS-- 01 009,Silica,OilWet,Silica_OilWet,192.67,192.67,192.67,58.78,56.43,61.13,NO_VALID_CANDIDATE
M1-T09170WS-- 01 009,Silica,OilWet,Silica_OilWet,186.85,186.85,186.85,58.75,56.4,61.1,NO_VALID_CANDIDATE
M1-T19012---- 01 005,Silica,OilWet,Silica_OilWet,280.39,231.67,280.39,108.4,106.05,110.76,RECOMMENDED
M1-T19012---- 01 005,Silica,OilWet,Silica_OilWet,297.78,297.78,297.78,109.2,106.85,111.55,NO_VALID_CANDIDATE
M1-T19012---- 01 005,Silica,OilWet,Silica_OilWet,303.44,303.44,303.44,108.9,106.55,111.25,NO_VALID_CANDIDATE
M1-T09170---- 24 001,Silica,OilWet,Silica_OilWet,194.14,194.14,194.14,58.05,55.7,60.4,NO_VALID_CANDIDATE
M1-T09170---- 24 001,Silica,OilWet,Silica_OilWet,191.21,191.21,191.21,57.68,55.33,60.03,NO_VALID_CANDIDATE
M1-T09170---- 24 001,Silica,OilWet,Silica_OilWet,187.07,187.07,187.07,57.8,55.45,60.15,NO_VALID_CANDIDATE
M1-T00011B8-- 02 001,Silica,OilWet,Silica_OilWet,103.94,103.94,103.94,42.0,39.65,44.35,NO_VALID_CANDIDATE
M1-T00011B8-- 02 001,Silica,OilWet,Silica_OilWet,102.25,102.25,102.25,41.89,39.54,44.24,NO_VALID_CANDIDATE
M1-T00011B8-- 02 001,Silica,OilWet,Silica_OilWet,100.4,100.4,100.4,42.2,39.84,44.55,NO_VALID_CANDIDATE
M1-T33025XA-- 01 001,Silica,OilWet,Silica_OilWet,219.6,145.89,219.6,49.16,46.81,51.52,RECOMMENDED
M1-T33025XA-- 01 001,Silica,OilWet,Silica_OilWet,213.35,137.0,213.35,49.18,46.82,51.53,RECOMMENDED
M1-T33025XA-- 01 001,Silica,OilWet,Silica_OilWet,211.68,141.24,211.68,48.39,46.04,50.74,RECOMMENDED
M1-T01139B--- 14 003,Silica,OilWet,Silica_OilWet,136.4,136.4,136.4,63.91,61.55,66.26,NO_VALID_CANDIDATE
M1-T01139B--- 14 003,Silica,OilWet,Silica_OilWet,128.78,128.78,128.78,63.72,61.37,66.07,NO_VALID_CANDIDATE
M1-T01139B--- 14 003,Silica,OilWet,Silica_OilWet,126.84,126.84,126.84,63.89,61.53,66.24,NO_VALID_CANDIDATE
M1-B00163RT-- 01 002,CarbonBlack,OilWet,CarbonBlack_OilWet,124.21,124.21,124.21,57.04,55.28,58.81,NO_VALID_CANDIDATE
M1-T00011-M-- 01 003,Silica,OilWet,Silica_OilWet,192.39,192.39,192.39,41.3,38.95,43.65,NO_VALID_CANDIDATE
M1-T00011-M-- 01 003,Silica,OilWet,Silica_OilWet,192.34,192.34,192.34,42.14,39.79,44.49,NO_VALID_CANDIDATE
M1-T00011-M-- 01 003,Silica,OilWet,Silica_OilWet,202.63,202.63,202.63,44.08,41.72,46.43,NO_VALID_CANDIDATE
M1-T00011B2-- 16 002,Silica,OilWet,Silica_OilWet,102.38,102.38,102.38,42.92,40.57,45.27,REJECTED_NEGATIVE_OR_ZERO_SAVING
M1-T00011B2-- 16 002,Silica,OilWet,Silica_OilWet,98.63,98.63,98.63,43.0,40.65,45.36,REJECTED_NEGATIVE_OR_ZERO_SAVING
M1-T00011B2-- 16 002,Silica,OilWet,Silica_OilWet,107.58,107.58,107.58,43.4,41.05,45.76,REJECTED_NEGATIVE_OR_ZERO_SAVING
M1-T00011-M-- 01 004,Silica,OilWet,Silica_OilWet,184.8,184.8,184.8,41.61,39.26,43.96,NO_VALID_CANDIDATE
M1-T00011-M-- 01 004,Silica,OilWet,Silica_OilWet,193.37,193.37,193.37,39.53,37.18,41.88,NO_VALID_CANDIDATE
M1-A00205W3-- 03 003,CarbonBlack,OilWet,CarbonBlack_OilWet,116.77,116.77,116.77,41.08,39.32,42.85,NO_VALID_CANDIDATE
M1-B00163XM-- 02 003,CarbonBlack,OilWet,CarbonBlack_OilWet,98.84,98.84,98.84,33.38,31.61,35.14,NO_VALID_CANDIDATE
M1-B00163XM-- 02 003,CarbonBlack,OilWet,CarbonBlack_OilWet,97.4,97.4,97.4,32.9,31.13,34.66,NO_VALID_CANDIDATE
M1-T10035B6-- 03 001,Silica,OilWet,Silica_OilWet,300.0,300.0,300.0,43.23,40.88,45.58,NO_VALID_CANDIDATE
M1-S00211---- 10 001,Silica,OilWet,Silica_OilWet,119.22,119.22,119.22,27.14,24.79,29.49,NO_VALID_CANDIDATE
M1-S00211---- 10 001,Silica,OilWet,Silica_OilWet,120.61,120.61,120.61,27.35,25.0,29.7,NO_VALID_CANDIDATE
M1-B00163R4-- 01 004,CarbonBlack,OilWet,CarbonBlack_OilWet,115.08,115.08,115.08,32.29,30.53,34.06,NO_VALID_CANDIDATE
M1-B00163R4-- 01 004,CarbonBlack,OilWet,CarbonBlack_OilWet,114.79,114.79,114.79,32.53,30.77,34.3,NO_VALID_CANDIDATE
M1-B00163R4-- 01 004,CarbonBlack,OilWet,CarbonBlack_OilWet,117.96,117.96,117.96,32.18,30.42,33.95,NO_VALID_CANDIDATE
M1-S08156B1-- 01 004,Silica,OilWet,Silica_OilWet,92.27,92.27,92.27,26.49,24.14,28.85,NO_VALID_CANDIDATE
M1-B15563R1-- 03 002,CarbonBlack,OilWet,CarbonBlack_OilWet,109.94,109.94,119.33,,,,REJECTED
M1-B15563R1-- 03 002,CarbonBlack,OilWet,CarbonBlack_OilWet,110.12,110.12,122.3,,,,REJECTED
M1-B15563R1-- 03 002,CarbonBlack,OilWet,CarbonBlack_OilWet,104.94,104.94,122.03,,,,REJECTED
M1-S08156B1-- 01 004,Silica,OilWet,Silica_OilWet,102.43,102.43,102.43,26.68,24.32,29.03,NO_VALID_CANDIDATE
M1-S08156B1-- 01 004,Silica,OilWet,Silica_OilWet,101.48,101.48,101.48,26.44,24.09,28.8,NO_VALID_CANDIDATE
M1-T00011B2-- 23 003,Silica,OilWet,Silica_OilWet,201.38,201.38,201.38,40.65,38.3,43.0,NO_VALID_CANDIDATE
M1-T01139-A-- 02 001,Silica,OilWet,Silica_OilWet,155.49,129.57,155.49,56.46,54.1,58.81,RECOMMENDED
M1-T01139-A-- 02 001,Silica,OilWet,Silica_OilWet,146.22,122.94,146.22,56.37,54.02,58.72,RECOMMENDED
M1-T01139-A-- 02 001,Silica,OilWet,Silica_OilWet,142.11,122.85,142.11,56.08,53.73,58.43,RECOMMENDED
M1-S08156---- 20 002,Silica,OilWet,Silica_OilWet,105.86,105.86,105.86,26.6,24.25,28.95,NO_VALID_CANDIDATE
M1-S08156---- 20 002,Silica,OilWet,Silica_OilWet,103.99,103.99,103.99,26.48,24.13,28.83,NO_VALID_CANDIDATE
M1-S08156---- 20 002,Silica,OilWet,Silica_OilWet,102.8,102.8,102.8,26.65,24.3,29.0,REJECTED_NEGATIVE_OR_ZERO_SAVING
M1-T09170---- 23 004,Silica,OilWet,Silica_OilWet,174.12,174.12,174.12,55.24,52.89,57.6,NO_VALID_CANDIDATE
M1-T09170---- 23 004,Silica,OilWet,Silica_OilWet,195.05,195.05,195.05,54.43,52.08,56.78,NO_VALID_CANDIDATE
M1-T09170---- 23 004,Silica,OilWet,Silica_OilWet,188.66,188.66,188.66,54.45,52.1,56.8,NO_VALID_CANDIDATE
M1-A06441R1-- 04 001,CarbonBlack,OilWet,CarbonBlack_OilWet,119.11,119.11,119.11,57.12,55.36,58.89,NO_VALID_CANDIDATE
M1-M08161Y--- 02 011,CarbonBlack,OilWet,CarbonBlack_OilWet,143.52,143.52,182.74,,,,REJECTED
M1-M08161Y--- 02 011,CarbonBlack,OilWet,CarbonBlack_OilWet,143.83,143.83,182.74,,,,REJECTED
M1-M08161Y--- 02 011,CarbonBlack,OilWet,CarbonBlack_OilWet,142.52,142.52,182.74,,,,REJECTED
M1-T00011B2-- 22 004,Silica,OilWet,Silica_OilWet,104.98,104.98,104.98,40.0,37.65,42.35,REJECTED_NEGATIVE_OR_ZERO_SAVING
M1-T00011B2-- 22 004,Silica,OilWet,Silica_OilWet,114.45,114.45,114.45,39.81,37.46,42.17,NO_VALID_CANDIDATE
M1-T00011B2-- 22 004,Silica,OilWet,Silica_OilWet,98.91,98.91,98.91,39.9,37.55,42.25,NO_VALID_CANDIDATE
M1-B00460B--- 04 009,CarbonBlack,OilWet,CarbonBlack_OilWet,201.3,201.3,201.3,52.83,51.07,54.6,NO_VALID_CANDIDATE
M1-B00460B--- 04 009,CarbonBlack,OilWet,CarbonBlack_OilWet,200.31,200.31,200.31,52.07,50.31,53.83,NO_VALID_CANDIDATE
M1-T19327---- 01 003,Silica,OilWet,Silica_OilWet,190.53,190.53,190.53,29.97,27.62,32.33,NO_VALID_CANDIDATE
M1-T19327---- 01 003,Silica,OilWet,Silica_OilWet,187.32,187.32,187.32,29.82,27.46,32.17,NO_VALID_CANDIDATE
M1-B00460B--- 04 009,CarbonBlack,OilWet,CarbonBlack_OilWet,204.6,204.6,204.6,50.8,49.03,52.56,NO_VALID_CANDIDATE
M1-T10035B6-- 03 002,Silica,OilWet,Silica_OilWet,276.29,240.61,276.29,43.68,41.33,46.03,RECOMMENDED
M1-T10035B6-- 03 002,Silica,OilWet,Silica_OilWet,259.32,231.65,259.32,44.08,41.73,46.43,RECOMMENDED
M1-B00163---- 08 008,CarbonBlack,OilWet,CarbonBlack_OilWet,115.19,115.19,115.19,30.05,28.29,31.82,NO_VALID_CANDIDATE
M1-T19012W--- 01 001,Silica,OilWet,Silica_OilWet,195.21,195.21,195.21,99.31,96.96,101.66,NO_VALID_CANDIDATE
M1-T19012W--- 01 001,Silica,OilWet,Silica_OilWet,193.25,193.25,193.25,99.08,96.73,101.43,NO_VALID_CANDIDATE
M1-T19012W--- 01 001,Silica,OilWet,Silica_OilWet,190.04,190.04,190.04,106.14,103.79,108.49,NO_VALID_CANDIDATE
M1-T00011XV-- 03 004,Silica,OilWet,Silica_OilWet,251.75,251.75,251.75,41.44,39.09,43.8,NO_VALID_CANDIDATE
M1-R00037---- 12 001,CarbonBlack,OilWet,CarbonBlack_OilWet,139.1,139.1,139.1,56.45,54.69,58.22,NO_VALID_CANDIDATE
M1-R00037---- 12 001,CarbonBlack,OilWet,CarbonBlack_OilWet,141.6,141.6,141.6,56.02,54.26,57.79,NO_VALID_CANDIDATE
M1-R00037---- 12 001,CarbonBlack,OilWet,CarbonBlack_OilWet,141.8,141.8,141.8,55.98,54.21,57.74,NO_VALID_CANDIDATE
M1-T15215---- 08 005,Silica,NoOilDry,Silica_NoOilDry,206.86,206.86,206.86,67.83,65.48,70.18,NO_VALID_CANDIDATE
M1-T15215---- 08 005,Silica,NoOilDry,Silica_NoOilDry,193.64,193.64,193.64,68.46,66.11,70.81,NO_VALID_CANDIDATE
M1-T15215---- 08 005,Silica,NoOilDry,Silica_NoOilDry,183.36,183.36,183.36,68.41,66.06,70.76,NO_VALID_CANDIDATE
M1-T25045---- 08 004,Silica,NoOilDry,Silica_NoOilDry,152.15,152.15,152.15,62.39,60.03,64.74,NO_VALID_CANDIDATE
M1-C10430---- 05 005,CarbonBlack,NoOilDry,CarbonBlack_NoOilDry,219.95,219.95,219.95,29.37,27.61,31.14,NO_VALID_CANDIDATE
M1-C10430---- 05 005,CarbonBlack,NoOilDry,CarbonBlack_NoOilDry,214.1,214.1,214.1,28.89,27.13,30.66,NO_VALID_CANDIDATE
M1-C10430---- 05 005,CarbonBlack,NoOilDry,CarbonBlack_NoOilDry,208.65,208.65,208.65,28.97,27.2,30.73,NO_VALID_CANDIDATE
M1-T25045---- 08 004,Silica,NoOilDry,Silica_NoOilDry,167.61,167.61,167.61,60.09,57.73,62.44,NO_VALID_CANDIDATE
M1-T25045---- 08 004,Silica,NoOilDry,Silica_NoOilDry,144.72,144.72,144.72,64.18,61.82,66.53,NO_VALID_CANDIDATE
M1-T11923---- 09 002,Silica,NoOilDry,Silica_NoOilDry,175.79,175.79,175.79,57.28,54.93,59.64,NO_VALID_CANDIDATE
M1-T11923---- 09 002,Silica,NoOilDry,Silica_NoOilDry,166.71,166.71,166.71,57.74,55.39,60.09,NO_VALID_CANDIDATE
M1-T11923---- 09 002,Silica,NoOilDry,Silica_NoOilDry,164.44,164.44,164.44,57.77,55.42,60.12,NO_VALID_CANDIDATE
M1-T25045-M-- 01 001,Silica,NoOilDry,Silica_NoOilDry,246.08,246.08,246.08,57.23,54.88,59.58,NO_VALID_CANDIDATE
M1-R00218W1-- 01 003,CarbonBlack,NoOilDry,CarbonBlack_NoOilDry,157.98,157.98,152.64,,,,REJECTED
M1-R00218W1-- 01 003,CarbonBlack,NoOilDry,CarbonBlack_NoOilDry,153.45,153.45,152.64,,,,REJECTED
M1-R00218W1-- 01 003,CarbonBlack,NoOilDry,CarbonBlack_NoOilDry,154.77,154.77,152.64,,,,REJECTED
M1-T25045-M-- 01 001,Silica,NoOilDry,Silica_NoOilDry,230.12,230.12,230.12,59.5,57.15,61.85,NO_VALID_CANDIDATE
M1-T25045-M-- 01 001,Silica,NoOilDry,Silica_NoOilDry,233.08,213.89,233.08,59.56,57.21,61.91,RECOMMENDED
M1-T13127---- 19 001,Silica,NoOilDry,Silica_NoOilDry,252.93,252.93,252.93,64.81,62.46,67.16,NO_VALID_CANDIDATE
M1-T14885---- 17 002,Silica,NoOilDry,Silica_NoOilDry,136.77,136.77,136.77,65.61,63.26,67.96,NO_VALID_CANDIDATE
M1-T14885---- 17 002,Silica,NoOilDry,Silica_NoOilDry,138.66,138.66,138.66,65.66,63.31,68.01,REJECTED_NEGATIVE_OR_ZERO_SAVING
M1-T14885---- 17 002,Silica,NoOilDry,Silica_NoOilDry,135.47,135.47,135.47,64.93,62.57,67.28,NO_VALID_CANDIDATE
M1-T18191---- 01 003,Silica,NoOilDry,Silica_NoOilDry,204.6,204.6,204.6,90.04,87.69,92.39,NO_VALID_CANDIDATE
M1-T18191---- 01 003,Silica,NoOilDry,Silica_NoOilDry,207.62,207.62,207.62,91.22,88.87,93.57,NO_VALID_CANDIDATE
M1-T18191---- 01 003,Silica,NoOilDry,Silica_NoOilDry,217.58,217.58,217.58,90.83,88.47,93.18,NO_VALID_CANDIDATE
M1-T16734---- 06 002,Silica,NoOilDry,Silica_NoOilDry,185.83,185.83,185.83,65.17,62.82,67.52,NO_VALID_CANDIDATE
M1-T16734---- 06 002,Silica,NoOilDry,Silica_NoOilDry,184.66,184.66,184.66,65.8,63.45,68.15,NO_VALID_CANDIDATE
M1-T16734---- 06 002,Silica,NoOilDry,Silica_NoOilDry,178.32,178.32,178.32,66.26,63.91,68.61,NO_VALID_CANDIDATE
M1-T26104---- 06 003,Silica,NoOilDry,Silica_NoOilDry,117.78,117.78,117.78,63.04,60.69,65.39,NO_VALID_CANDIDATE
M1-T26104---- 06 003,Silica,NoOilDry,Silica_NoOilDry,134.3,134.3,134.3,63.21,60.85,65.56,NO_VALID_CANDIDATE
M1-T26104---- 06 003,Silica,NoOilDry,Silica_NoOilDry,161.97,161.97,161.97,63.02,60.67,65.38,NO_VALID_CANDIDATE
M1-T26104---- 01 005,Silica,NoOilDry,Silica_NoOilDry,128.71,128.71,128.71,60.89,58.54,63.24,NO_VALID_CANDIDATE
