report_section,subset_definition,OrderID,BatchNumber,CompoundName,MixerLine,material_system,phase_route,system_route_branch,energy_bucket,high_energy_flag,is_top10_kwh_per_batch,is_top10_kwh_per_ton,branch_high_energy_batch_flag,branch_high_energy_ton_flag,high_energy_probability,high_energy_specialist_active,actual_kwh_per_batch,mode_b_predicted_kwh_per_batch,high_energy_adjusted_prediction_kwh_per_batch,high_energy_residual_correction_kwh,batch_weight_ton,actual_kwh_per_ton,mode_b_predicted_kwh_per_ton,high_energy_adjusted_prediction_kwh_per_ton,model_gap_kwh,abs_model_gap_kwh,model_gap_pct_of_actual,abs_model_gap_pct,sample_count,MAE_kWh,RMSE_kWh,R2,MAPE_pct,MAE_kWh_per_ton,Hit_2kWh_pct,Hit_5pct_pct,feature_name,feature_rationale,feature_availability,implementation_status
TOP10_SAMPLE,TOP10_UNION,1782804,2.0,M1-T33025W3-- 04 004,ML09,Silica,OilWet,Silica_OilWet,TOP_10PCT_KWH_PER_BATCH,1.0,True,True,1.0,1.0,0.8314778836984072,True,50.42194382938938,48.076642222812985,50.96333564935901,2.8866934265460236,0.15,336.1462921959292,320.5109481520866,339.75557099572677,-2.345301606576392,2.345301606576392,-4.65135103579523,4.65135103579523,,,,,,,,,,,,
TOP10_SAMPLE,TOP10_UNION,1782804,3.0,M1-T33025W3-- 04 004,ML09,Silica,OilWet,Silica_OilWet,TOP_10PCT_KWH_PER_BATCH,1.0,True,True,0.0,0.0,0.8345084546894016,True,47.650775316579505,47.775986262531134,50.66267968907716,2.8866934265460236,0.15,317.67183544386336,318.5065750835409,337.75119792718107,0.12521094595162907,0.12521094595162907,0.26276790906288455,0.26276790906288455,,,,,,,,,,,,
TOP10_SAMPLE,TOP10_UNION,1782804,4.0,M1-T33025W3-- 04 004,ML09,Silica,OilWet,Silica_OilWet,TOP_10PCT_KWH_PER_TON,1.0,False,True,0.0,0.0,0.710537791814719,True,47.49644722802933,47.57242238289152,50.91386616864464,3.34144378575312,0.15,316.6429815201956,317.14948255261015,339.42577445763095,0.07597515486218498,0.07597515486218498,0.15995965866126793,0.15995965866126793,,,,,,,,,,,,
TOP10_SAMPLE,TOP10_UNION,1782804,5.0,M1-T33025W3-- 04 004,ML09,Silica,OilWet,Silica_OilWet,TOP_10PCT_KWH_PER_BATCH,1.0,True,True,0.0,0.0,0.8486092855478008,True,47.609386427690616,47.8386517015859,50.784635713098154,2.9459840115122526,0.15,317.39590951793747,318.9243446772394,338.56423808732103,0.22926527389528673,0.22926527389528673,0.4815547754296225,0.4815547754296225,,,,,,,,,,,,
TOP10_SAMPLE,TOP10_UNION,1782804,6.0,M1-T33025W3-- 04 004,ML09,Silica,OilWet,Silica_OilWet,TOP_10PCT_KWH_PER_TON,1.0,False,True,0.0,0.0,0.9190343973041659,True,46.91093580448057,48.392676219805274,51.43563106106324,3.042954841257969,0.15,312.7395720298705,322.6178414653685,342.90420707375495,1.4817404153247011,1.4817404153247011,3.1586247213238847,3.1586247213238847,,,,,,,,,,,,
TOP10_SAMPLE,TOP10_UNION,1907516,4.0,M1-T33025W3-- 03 005,ML07,Silica,OilWet,Silica_OilWet,TOP_10PCT_KWH_PER_TON,1.0,False,True,0.0,0.0,0.8532255595800698,True,46.772999400155534,47.334745161584074,48.82767450501506,1.4929293434309896,0.15,311.8199960010369,315.5649677438938,325.51783003343377,0.5617457614285399,0.5617457614285399,1.2010043585673318,1.2010043585673318,,,,,,,,,,,,
TOP10_SAMPLE,TOP10_UNION,1925692,2.0,M1-T33025W3-- 03 005,ML07,Silica,OilWet,Silica_OilWet,TOP_10PCT_KWH_PER_TON,1.0,False,True,0.0,0.0,0.9270863812500283,True,46.65926538123593,48.15291966135816,49.28563548852242,1.132715827164259,0.15,311.0617692082396,321.0194644090544,328.57090325681617,1.4936542801222288,1.4936542801222288,3.201195449431365,3.201195449431365,,,,,,,,,,,,
TOP10_SAMPLE,TOP10_UNION,1925692,3.0,M1-T33025W3-- 03 005,ML07,Silica,OilWet,Silica_OilWet,TOP_10PCT_KWH_PER_BATCH,1.0,True,True,0.0,0.0,0.9270863812500283,True,47.76573837607662,48.15291966135816,49.344474027166235,1.1915543658080752,0.15,318.4382558405108,321.0194644090544,328.96316018110826,0.3871812852815424,0.3871812852815424,0.8105836912498382,0.8105836912498382,,,,,,,,,,,,
TOP10_SAMPLE,TOP10_UNION,1971355,4.0,M1-T33025W3-- 03 005,ML07,Silica,OilWet,Silica_OilWet,TOP_10PCT_KWH_PER_BATCH,1.0,True,True,0.0,0.0,0.9270863812500283,True,48.14245480767838,47.907761184612035,49.7096337927425,1.8018726081304668,0.15,320.9496987178559,319.38507456408024,331.39755861828337,-0.23469362306634167,0.23469362306634167,-0.4874982466180967,0.4874982466180967,,,,,,,,,,,,
TOP10_SAMPLE,TOP10_UNION,1971355,6.0,M1-T33025W3-- 03 005,ML07,Silica,OilWet,Silica_OilWet,TOP_10PCT_KWH_PER_TON,1.0,False,True,0.0,0.0,0.9167954590203269,True,46.84060635595998,47.49098972243766,49.455060618708586,1.9640708962709226,0.15,312.2707090397332,316.60659814958444,329.70040412472395,0.6503833664776835,0.6503833664776835,1.3885033031706877,1.3885033031706877,,,,,,,,,,,,
TOP10_SAMPLE,TOP10_UNION,2020312,3.0,M1-T33025W3-- 03 005,ML07,Silica,OilWet,Silica_OilWet,TOP_10PCT_KWH_PER_TON,1.0,False,True,0.0,0.0,0.8252296986509402,True,46.234249400155534,47.02181592994887,49.02871874432316,2.006902814374284,0.15,308.22832933437024,313.4787728663258,326.8581249621544,0.7875665297933381,0.7875665297933381,1.7034266588324642,1.7034266588324642,,,,,,,,,,,,
TOP10_SAMPLE,TOP10_UNION,2024~1493574,1.0,M1-T09170---- 24 001,ML09,Silica,OilWet,Silica_OilWet,TOP_10PCT_KWH_PER_BATCH,1.0,True,False,0.0,0.0,0.013391357887093962,False,48.55541666666667,44.83891759264685,44.83891759264685,0.0,0.23650000000000002,205.30831571529248,189.5937318927985,189.5937318927985,-3.716499074019822,3.716499074019822,-7.654138980072229,7.654138980072229,,,,,,,,,,,,
TOP10_SAMPLE,TOP10_UNION,2024~1493574,2.0,M1-T09170---- 24 001,ML09,Silica,OilWet,Silica_OilWet,TOP_10PCT_KWH_PER_BATCH,1.0,True,False,0.0,0.0,0.013391357887093962,False,48.10958333333333,44.83891759264685,44.83891759264685,0.0,0.23650000000000002,203.42318534178997,189.5937318927985,189.5937318927985,-3.270665740686482,3.270665740686482,-6.798366383731201,6.798366383731201,,,,,,,,,,,,
TOP10_SAMPLE,TOP10_UNION,2024~1497445,1.0,M1-T09170---- 24 001,ML09,Silica,OilWet,Silica_OilWet,TOP_10PCT_KWH_PER_BATCH,1.0,True,False,0.0,0.0,0.013391357887093962,False,47.88541666666667,44.36542882662181,44.36542882662181,0.0,0.23650000000000002,202.4753347427766,187.59166522884485,187.59166522884485,-3.5199878400448625,3.5199878400448625,-7.350855615495035,7.350855615495035,,,,,,,,,,,,
TOP10_SAMPLE,TOP10_UNION,2024~1497445,3.0,M1-T09170---- 24 001,ML09,Silica,OilWet,Silica_OilWet,TOP_10PCT_KWH_PER_BATCH,1.0,True,False,1.0,0.0,0.013391357887093962,False,49.015277777777776,44.42809426567658,44.42809426567658,0.0,0.23650000000000002,207.25276015973688,187.85663537283963,187.85663537283963,-4.587183512101198,4.587183512101198,-9.358681048179033,9.358681048179033,,,,,,,,,,,,
TOP10_SAMPLE,TOP10_UNION,2024~1500389,1.0,M1-T09170---- 24 001,ML09,Silica,OilWet,Silica_OilWet,TOP_10PCT_KWH_PER_BATCH,1.0,True,False,0.0,0.0,0.013391357887093962,False,47.64083333333333,44.36542882662181,44.36542882662181,0.0,0.23650000000000002,201.44115574348132,187.59166522884485,187.59166522884485,-3.2754045067115243,3.2754045067115243,-6.875204058237558,6.875204058237558,,,,,,,,,,,,
TOP10_SAMPLE,TOP10_UNION,2024~1506771,2.0,M1-T09170---- 24 001,ML09,Silica,OilWet,Silica_OilWet,TOP_10PCT_KWH_PER_BATCH,1.0,True,False,0.0,0.0,0.013391357887093962,False,47.958392531876136,44.77625215359208,44.77625215359208,0.0,0.23650000000000002,202.78390076903227,189.32876174880371,189.32876174880371,-3.1821403782840534,3.1821403782840534,-6.635210669684153,6.635210669684153,,,,,,,,,,,,
TOP10_SAMPLE,TOP10_UNION,2024~1528000,1.0,M1-T33025XA-- 01 001,ML09,Silica,OilWet,Silica_OilWet,TOP_10PCT_KWH_PER_BATCH,1.0,True,False,1.0,0.0,0.13480331502773055,False,54.97085648148149,48.81136083969943,48.81136083969943,0.0,0.25032142857142864,219.60108167805413,194.99473584128745,194.99473584128745,-6.159495641782058,6.159495641782058,-11.205020325373793,11.205020325373793,,,,,,,,,,,,
TOP10_SAMPLE,TOP10_UNION,2024~1528000,2.0,M1-T33025XA-- 01 001,ML09,Silica,OilWet,Silica_OilWet,TOP_10PCT_KWH_PER_BATCH,1.0,True,False,1.0,0.0,0.1418885959367028,False,53.40726851851852,47.93961704495734,47.93961704495734,0.0,0.25032142857142864,213.35476081017524,191.51223815933872,191.51223815933872,-5.467651473561183,5.467651473561183,-10.237654209305463,10.237654209305463,,,,,,,,,,,,
TOP10_SAMPLE,TOP10_UNION,2024~1546888,1.0,M1-T33025XA-- 01 001,ML09,Silica,OilWet,Silica_OilWet,TOP_10PCT_KWH_PER_BATCH,1.0,True,False,1.0,0.0,0.10994897950899442,False,52.988194444444446,47.01984448922626,47.01984448922626,0.0,0.25032142857142864,211.68061698451191,187.83787212132043,187.83787212132043,-5.968349955218187,5.968349955218187,-11.263546565029147,11.263546565029147,,,,,,,,,,,,
TOP10_SAMPLE,TOP10_UNION,2024~1546888,2.0,M1-T33025XA-- 01 001,ML09,Silica,OilWet,Silica_OilWet,TOP_10PCT_KWH_PER_BATCH,1.0,True,False,1.0,0.0,0.10692805867331748,False,49.76902777777778,47.34547051464958,47.34547051464958,0.0,0.25032142857142864,198.82048477354508,189.13870372523724,189.13870372523724,-2.4235572631282025,2.4235572631282025,-4.869609416421708,4.869609416421708,,,,,,,,,,,,
TOP10_SAMPLE,TOP10_UNION,2024~1546888,3.0,M1-T33025XA-- 01 001,ML09,Silica,OilWet,Silica_OilWet,TOP_10PCT_KWH_PER_BATCH,1.0,True,False,1.0,0.0,0.10426482904788723,False,50.459722222222226,47.01984448922626,47.01984448922626,0.0,0.25032142857142864,201.57971496964217,187.83787212132043,187.83787212132043,-3.439877732995967,3.439877732995967,-6.81707623725495,6.81707623725495,,,,,,,,,,,,
TOP10_SAMPLE,TOP10_UNION,2025~1744119,47.0,M1-T17771---- 05 002,MB03,Silica,OilWet,Silica_OilWet,TOP_10PCT_KWH_PER_BATCH,1.0,True,False,1.0,0.0,0.013346069229544266,False,54.6140306122449,45.14345799024141,45.14345799024141,0.0,0.26371428571428573,207.09545735954188,171.1832101471776,171.1832101471776,-9.470572622003495,9.470572622003495,-17.34091499168735,17.34091499168735,,,,,,,,,,,,
TOP10_SAMPLE,TOP10_UNION,2067741,1.0,M1-T30087---- 08 001,ML09,Silica,OilWet,Silica_OilWet,TOP_10PCT_KWH_PER_BATCH,1.0,True,False,1.0,0.0,0.013346069229544266,False,49.227777777777774,42.610094881771154,42.610094881771154,0.0,0.2464285714285714,199.76489533011272,172.9105299550134,172.9105299550134,-6.61768289600662,6.61768289600662,-13.442985230574333,13.442985230574333,,,,,,,,,,,,
TOP10_SAMPLE,TOP10_UNION,2204879,2.0,M1-T09170WS-- 02 004,MB03,Silica,OilWet,Silica_OilWet,TOP_10PCT_KWH_PER_BATCH,1.0,True,False,0.0,0.0,0.013346069229544266,False,47.91254966155148,42.1597916863588,42.1597916863588,0.0,0.23660714285714288,202.49832309787794,178.18477995744095,178.18477995744095,-5.752757975192679,5.752757975192679,-12.006787398770205,12.006787398770205,,,,,,,,,,,,
TOP10_SAMPLE,TOP10_UNION,2204879,3.0,M1-T09170WS-- 02 004,MB03,Silica,OilWet,Silica_OilWet,TOP_10PCT_KWH_PER_BATCH,1.0,True,False,0.0,0.0,0.013346069229544266,False,47.93730868381415,42.1597916863588,42.1597916863588,0.0,0.23660714285714288,202.60296500329,178.18477995744095,178.18477995744095,-5.777516997455351,5.777516997455351,-12.052234795997437,12.052234795997437,,,,,,,,,,,,
TOP10_SAMPLE,TOP10_UNION,2341958,3.0,M1-T33025W3-- 03 005,ML07,Silica,OilWet,Silica_OilWet,TOP_10PCT_KWH_PER_TON,1.0,False,True,0.0,0.0,0.3656209603749928,False,46.52783410035009,43.68639694217964,43.68639694217964,0.0,0.15,310.1855606690006,291.2426462811976,291.2426462811976,-2.84143715817045,2.84143715817045,-6.106962022006242,6.106962022006242,,,,,,,,,,,,
TOP10_SAMPLE,TOP10_UNION,2400178,1.0,M1-T33025W3-- 03 005,ML07,Silica,OilWet,Silica_OilWet,TOP_10PCT_KWH_PER_BATCH,1.0,True,True,1.0,1.0,0.7529644751738855,True,60.996721199324284,45.74991066534141,49.08546151568574,3.335550850344335,0.15,406.6448079954952,304.9994044356094,327.23641010457163,-15.246810533982874,15.246810533982874,-24.996114929127987,24.996114929127987,,,,,,,,,,,,
TOP10_SAMPLE,TOP10_UNION,7422141,15.0,M1-T33025W3-- 03 005,ML07,Silica,OilWet,Silica_OilWet,TOP_10PCT_KWH_PER_TON,1.0,False,True,0.0,0.0,0.7878785549156793,True,46.52661753735057,43.965328453889306,47.73446192420167,3.7691334703123593,0.15,310.1774502490038,293.1021896925954,318.22974616134445,-2.5612890834612614,2.5612890834612614,-5.50499739510424,5.50499739510424,,,,,,,,,,,,
TOP10_SAMPLE,TOP10_UNION,7511035,14.0,M1-T19327---- 01 003,ML07,Silica,OilWet,Silica_OilWet,TOP_10PCT_KWH_PER_BATCH,1.0,True,False,1.0,0.0,0.056997625290342344,False,52.75763888888889,49.849826835781904,49.849826835781904,0.0,0.27689285714285716,190.53448844175014,180.0329100221712,180.0329100221712,-2.907812053106987,2.907812053106987,-5.511641753398087,5.511641753398087,,,,,,,,,,,,
TOP10_SAMPLE,TOP10_UNION,7511035,15.0,M1-T19327---- 01 003,ML07,Silica,OilWet,Silica_OilWet,TOP_10PCT_KWH_PER_BATCH,1.0,True,False,1.0,0.0,0.056997625290342344,False,51.86763888888889,49.849826835781904,49.849826835781904,0.0,0.27689285714285716,187.32024879258208,180.0329100221712,180.0329100221712,-2.0178120531069865,2.0178120531069865,-3.89031021332888,3.89031021332888,,,,,,,,,,,,
TOP10_SAMPLE,TOP10_UNION,7748652,11.0,M1-T33025W3-- 03 005,ML07,Silica,OilWet,Silica_OilWet,TOP_10PCT_KWH_PER_TON,1.0,False,True,0.0,0.0,0.6302328104503064,True,46.43789909623204,43.72000439020645,47.441766852475865,3.7217624622694148,0.15,309.58599397488024,291.46669593470966,316.27844568317244,-2.7178947060255894,2.7178947060255894,-5.852751220276713,5.852751220276713,,,,,,,,,,,,
TOP10_SAMPLE,TOP10_UNION,7765906,16.0,M1-T33025W3-- 03 005,ML07,Silica,OilWet,Silica_OilWet,TOP_10PCT_KWH_PER_BATCH,1.0,True,True,1.0,1.0,0.7878785549156793,True,50.141299835279426,44.2610977770005,47.596648627344834,3.335550850344335,0.15,334.2753322351962,295.0739851800034,317.31099084896556,-5.880202058278925,5.880202058278925,-11.727262910208031,11.727262910208031,,,,,,,,,,,,
TOP10_SAMPLE,TOP10_UNION,7794844,2.0,M1-T00011XV-- 03 004,ML10,Silica,OilWet,Silica_OilWet,TOP_10PCT_KWH_PER_BATCH,1.0,True,False,1.0,0.0,0.012744765237139896,False,58.26277777777777,47.51214172001483,47.51214172001483,0.0,0.23142857142857146,251.7527434842249,205.2993778025332,205.2993778025332,-10.75063605776294,10.75063605776294,-18.451979922356845,18.451979922356845,,,,,,,,,,,,
TOP10_SAMPLE,TOP10_UNION,7803398,1.0,M1-T33025W3-- 03 005,ML07,Silica,OilWet,Silica_OilWet,TOP_10PCT_KWH_PER_TON,1.0,False,True,0.0,0.0,0.7878785549156793,True,47.27951247231758,44.412824446140924,48.181957916453285,3.7691334703123593,0.15,315.1967498154505,296.08549630760615,321.21305277635525,-2.8666880261766536,2.8666880261766536,-6.063277466862874,6.063277466862874,,,,,,,,,,,,
TOP10_SAMPLE,TOP10_UNION,1827617,1.0,M1-T15215---- 08 005,ML07,Silica,NoOilDry,Silica_NoOilDry,TOP_10PCT_KWH_PER_BATCH,1.0,True,False,0.0,0.0,0.04746141212053321,False,49.91305555555555,40.81836118359333,40.81836118359333,0.0,0.2412857142857143,206.86287086375893,169.17023581122163,169.17023581122163,-9.09469437196222,9.09469437196222,-18.221073165595726,18.221073165595726,,,,,,,,,,,,
TOP10_SAMPLE,TOP10_UNION,1895567,1.0,M1-T15215---- 08 005,ML07,Silica,NoOilDry,Silica_NoOilDry,TOP_10PCT_KWH_PER_BATCH,1.0,True,False,0.0,0.0,0.02084146350220879,False,47.82458333333333,39.49464474379786,39.49464474379786,0.0,0.2412857142857143,198.20727254785868,163.68414044202785,163.68414044202785,-8.329938589535466,8.329938589535466,-17.41769192525211,17.41769192525211,,,,,,,,,,,,
TOP10_SAMPLE,TOP10_UNION,2022369,10.0,M1-T25045-M-- 01 001,ML10,Silica,NoOilDry,Silica_NoOilDry,TOP_10PCT_KWH_PER_BATCH,1.0,True,False,0.0,0.0,0.030475063130171218,False,57.12680555555555,52.07324140960355,52.07324140960355,0.0,0.23214285714285718,246.0847008547008,224.3155014567537,224.3155014567537,-5.053564145952002,5.053564145952002,-8.846222183800274,8.846222183800274,,,,,,,,,,,,
TOP10_SAMPLE,TOP10_UNION,2028005,7.0,M1-T25045-M-- 01 001,ML10,Silica,NoOilDry,Silica_NoOilDry,TOP_10PCT_KWH_PER_BATCH,1.0,True,False,0.0,0.0,0.05636881987049536,False,53.421388888888885,52.08652104428048,52.08652104428048,0.0,0.23214285714285718,230.12290598290593,224.3727060369005,224.3727060369005,-1.3348678446084037,1.3348678446084037,-2.49875166552632,2.49875166552632,,,,,,,,,,,,
TOP10_SAMPLE,TOP10_UNION,2028005,9.0,M1-T25045-M-- 01 001,ML10,Silica,NoOilDry,Silica_NoOilDry,TOP_10PCT_KWH_PER_BATCH,1.0,True,False,0.0,0.0,0.030475063130171218,False,54.107083333333335,52.08652104428048,52.08652104428048,0.0,0.23214285714285718,233.07666666666665,224.3727060369005,224.3727060369005,-2.0205622890528545,2.0205622890528545,-3.7343766556495614,3.7343766556495614,,,,,,,,,,,,
TOP10_SAMPLE,TOP10_UNION,2121469,5.0,M1-T13127---- 19 001,ML10,Silica,NoOilDry,Silica_NoOilDry,TOP_10PCT_KWH_PER_BATCH,1.0,True,False,0.0,0.0,0.042474213237272,False,58.71496527777778,51.764413808382315,51.764413808382315,0.0,0.23214285714285718,252.92600427350425,222.98516717456994,222.98516717456994,-6.950551469395464,6.950551469395464,-11.83778519924644,11.83778519924644,,,,,,,,,,,,
TOP10_SAMPLE,TOP10_UNION,2263738,1.0,M1-T18191---- 01 003,ML09,Silica,NoOilDry,Silica_NoOilDry,TOP_10PCT_KWH_PER_BATCH,1.0,True,False,0.0,0.0,0.028282275064823757,False,49.27916666666667,42.504289882430804,42.504289882430804,0.0,0.24085714285714288,204.59914986160535,176.47095443476607,176.47095443476607,-6.774876784235865,6.774876784235865,-13.747953227501542,13.747953227501542,,,,,,,,,,,,
TOP10_SAMPLE,TOP10_UNION,2263738,2.0,M1-T18191---- 01 003,ML09,Silica,NoOilDry,Silica_NoOilDry,TOP_10PCT_KWH_PER_BATCH,1.0,True,False,0.0,0.0,0.028282275064823757,False,50.00736714975845,40.1648772756843,40.1648772756843,0.0,0.24085714285714288,207.62252078784647,166.75809070568806,166.75809070568806,-9.842489874074154,9.842489874074154,-19.6820797315695,19.6820797315695,,,,,,,,,,,,
TOP10_SAMPLE,TOP10_UNION,2263738,3.0,M1-T18191---- 01 003,ML09,Silica,NoOilDry,Silica_NoOilDry,TOP_10PCT_KWH_PER_BATCH,1.0,True,False,0.0,0.0,0.028282275064823757,False,52.405833333333334,42.50574610839654,42.50574610839654,0.0,0.24085714285714288,217.5805654408857,176.47700045004495,176.47700045004495,-9.90008722493679,9.90008722493679,-18.891193203562178,18.891193203562178,,,,,,,,,,,,
TOP10_SAMPLE,TOP10_UNION,2263738,4.0,M1-T18191---- 01 003,ML09,Silica,NoOilDry,Silica_NoOilDry,TOP_10PCT_KWH_PER_BATCH,1.0,True,False,0.0,0.0,0.028282275064823757,False,51.02111111111111,42.50574610839654,42.50574610839654,0.0,0.24085714285714288,211.83142216950043,176.47700045004495,176.47700045004495,-8.515365002714567,8.515365002714567,-16.689885455787607,16.689885455787607,,,,,,,,,,,,
TOP10_SAMPLE,TOP10_UNION,2263738,5.0,M1-T18191---- 01 003,ML09,Silica,NoOilDry,Silica_NoOilDry,TOP_10PCT_KWH_PER_BATCH,1.0,True,False,0.0,0.0,0.028282275064823757,False,53.25986111111111,42.60829811178575,42.60829811178575,0.0,0.24085714285714288,221.1263509951232,176.90277982354698,176.90277982354698,-10.651562999325357,10.651562999325357,-19.999231648584267,19.999231648584267,,,,,,,,,,,,
TOP10_SAMPLE,TOP10_UNION,2411205,14.0,M1-T11923---- 09 002,ML09,Silica,NoOilDry,Silica_NoOilDry,TOP_10PCT_KWH_PER_BATCH,1.0,True,False,0.0,0.0,0.03091044659706918,False,47.57722222222222,40.66240612605531,40.66240612605531,0.0,0.2511071428571429,189.46980830923366,161.93249488402054,161.93249488402054,-6.914816096166909,6.914816096166909,-14.533879392683751,14.533879392683751,,,,,,,,,,,,
TOP10_SAMPLE,TOP10_UNION,2397376,1.0,M1-T16734---- 06 002,ML07,Silica,NoOilDry,Silica_NoOilDry,TOP_10PCT_KWH_PER_BATCH,1.0,True,False,0.0,0.0,0.1475762374396815,False,50.88458333333333,41.766231861276985,41.766231861276985,0.0,0.2446428571428572,207.99537712895372,170.72328352054822,170.72328352054822,-9.118351472056347,9.118351472056347,-17.919674044148305,17.919674044148305,,,,,,,,,,,,
TOP10_SAMPLE,TOP10_UNION,7534451,1.0,M1-T18191---- 01 003,ML09,Silica,NoOilDry,Silica_NoOilDry,TOP_10PCT_KWH_PER_BATCH,1.0,True,False,0.0,0.0,0.024363644312343374,False,48.3375,39.08107769918722,39.08107769918722,0.0,0.24085714285714288,200.6895017793594,162.25832971192793,162.25832971192793,-9.25642230081278,9.25642230081278,-19.149567728601564,19.149567728601564,,,,,,,,,,,,
TOP10_SAMPLE,TOP10_UNION,7534451,4.0,M1-T18191---- 01 003,ML09,Silica,NoOilDry,Silica_NoOilDry,TOP_10PCT_KWH_PER_BATCH,1.0,True,False,0.0,0.0,0.024363644312343374,False,47.577222222222225,39.166162281894316,39.166162281894316,0.0,0.24085714285714288,197.53295110056675,162.6115871727522,162.6115871727522,-8.41105994032791,8.41105994032791,-17.67875371336685,17.67875371336685,,,,,,,,,,,,
TOP10_SAMPLE,TOP10_UNION,7717067,1.0,M1-T18191---- 01 003,ML09,Silica,NoOilDry,Silica_NoOilDry,TOP_10PCT_KWH_PER_BATCH,1.0,True,False,0.0,0.0,0.028282275064823757,False,47.52444444444444,41.243929859311514,41.243929859311514,0.0,0.24085714285714288,197.3138262817978,171.23814295087814,171.23814295087814,-6.280514585132927,6.280514585132927,-13.215335094500222,13.215335094500222,,,,,,,,,,,,
BRANCH_HIGH_ENERGY_METRICS,TOP_10PCT_KWH_PER_BATCH,,,,,Silica,NoOilDry,Silica_NoOilDry,,,,,,,,,,,,,,,,,,,,,16.0,7.403,7.848,-4.5695,14.63,30.768,6.25,12.5,,,,
BRANCH_HIGH_ENERGY_METRICS,TOP_10PCT_KWH_PER_BATCH,,,,,Silica,OilWet,Silica_OilWet,,,,,,,,,,,,,,,,,,,,,25.0,4.51,5.66,-1.6113,8.61,20.943,16.0,28.0,,,,
BRANCH_HIGH_ENERGY_METRICS,TOP_10PCT_KWH_PER_TON,,,,,Silica,OilWet,Silica_OilWet,,,,,,,,,,,,,,,,,,,,,17.0,2.382,4.262,-0.5832,4.57,15.877,58.82,64.71,,,,
CALIBRATOR_FEATURE_RECOMMENDATION,FUTURE_HIGH_ENERGY_RESIDUAL_CALIBRATOR,,,,,,,,,,,,,,,,,,,,,,,,,,,,,,,,,,,,batch_weight_ton,Controls load-dependent baseline energy.,PRE_BATCH_OR_CONTROLLABLE_SETPOINT,DIAGNOSTIC_ONLY_NOT_USED_IN_CURRENT_MODEL
CALIBRATOR_FEATURE_RECOMMENDATION,FUTURE_HIGH_ENERGY_RESIDUAL_CALIBRATOR,,,,,,,,,,,,,,,,,,,,,,,,,,,,,,,,,,,,Top_Fill_Factor,Captures fill-level operating regime before batching.,PRE_BATCH_OR_CONTROLLABLE_SETPOINT,DIAGNOSTIC_ONLY_NOT_USED_IN_CURRENT_MODEL
CALIBRATOR_FEATURE_RECOMMENDATION,FUTURE_HIGH_ENERGY_RESIDUAL_CALIBRATOR,,,,,,,,,,,,,,,,,,,,,,,,,,,,,,,,,,,,MixerLine,Captures equipment-specific pre-batch context.,PRE_BATCH_OR_CONTROLLABLE_SETPOINT,DIAGNOSTIC_ONLY_NOT_USED_IN_CURRENT_MODEL
CALIBRATOR_FEATURE_RECOMMENDATION,FUTURE_HIGH_ENERGY_RESIDUAL_CALIBRATOR,,,,,,,,,,,,,,,,,,,,,,,,,,,,,,,,,,,,material_system,Separates CarbonBlack and Silica process behavior.,PRE_BATCH_OR_CONTROLLABLE_SETPOINT,DIAGNOSTIC_ONLY_NOT_USED_IN_CURRENT_MODEL
CALIBRATOR_FEATURE_RECOMMENDATION,FUTURE_HIGH_ENERGY_RESIDUAL_CALIBRATOR,,,,,,,,,,,,,,,,,,,,,,,,,,,,,,,,,,,,phase_route,Separates OilWet and NoOilDry route behavior.,PRE_BATCH_OR_CONTROLLABLE_SETPOINT,DIAGNOSTIC_ONLY_NOT_USED_IN_CURRENT_MODEL
CALIBRATOR_FEATURE_RECOMMENDATION,FUTURE_HIGH_ENERGY_RESIDUAL_CALIBRATOR,,,,,,,,,,,,,,,,,,,,,,,,,,,,,,,,,,,,weight_pct_silica,Captures silica-related high-energy material loading.,PRE_BATCH_OR_CONTROLLABLE_SETPOINT,DIAGNOSTIC_ONLY_NOT_USED_IN_CURRENT_MODEL
CALIBRATOR_FEATURE_RECOMMENDATION,FUTURE_HIGH_ENERGY_RESIDUAL_CALIBRATOR,,,,,,,,,,,,,,,,,,,,,,,,,,,,,,,,,,,,weight_pct_carbon_black,Captures carbon-black-related high-energy material loading.,PRE_BATCH_OR_CONTROLLABLE_SETPOINT,DIAGNOSTIC_ONLY_NOT_USED_IN_CURRENT_MODEL
CALIBRATOR_FEATURE_RECOMMENDATION,FUTURE_HIGH_ENERGY_RESIDUAL_CALIBRATOR,,,,,,,,,,,,,,,,,,,,,,,,,,,,,,,,,,,,weight_pct_oil,Captures oil loading context before batching.,PRE_BATCH_OR_CONTROLLABLE_SETPOINT,DIAGNOSTIC_ONLY_NOT_USED_IN_CURRENT_MODEL
CALIBRATOR_FEATURE_RECOMMENDATION,FUTURE_HIGH_ENERGY_RESIDUAL_CALIBRATOR,,,,,,,,,,,,,,,,,,,,,,,,,,,,,,,,,,,,supplier_rubber_viscosity_avg,Captures raw-material viscosity variation.,PRE_BATCH_OR_CONTROLLABLE_SETPOINT,DIAGNOSTIC_ONLY_NOT_USED_IN_CURRENT_MODEL
CALIBRATOR_FEATURE_RECOMMENDATION,FUTURE_HIGH_ENERGY_RESIDUAL_CALIBRATOR,,,,,,,,,,,,,,,,,,,,,,,,,,,,,,,,,,,,supplier_silica_surface_area_avg,Captures silica surface-area variation.,PRE_BATCH_OR_CONTROLLABLE_SETPOINT,DIAGNOSTIC_ONLY_NOT_USED_IN_CURRENT_MODEL
CALIBRATOR_FEATURE_RECOMMENDATION,FUTURE_HIGH_ENERGY_RESIDUAL_CALIBRATOR,,,,,,,,,,,,,,,,,,,,,,,,,,,,,,,,,,,,supplier_carbon_black_structure_avg,Captures carbon-black structure variation.,PRE_BATCH_OR_CONTROLLABLE_SETPOINT,DIAGNOSTIC_ONLY_NOT_USED_IN_CURRENT_MODEL
CALIBRATOR_FEATURE_RECOMMENDATION,FUTURE_HIGH_ENERGY_RESIDUAL_CALIBRATOR,,,,,,,,,,,,,,,,,,,,,,,,,,,,,,,,,,,,Stage2_DryMixing_Duration,Controllable DryMix duration setpoint.,PRE_BATCH_OR_CONTROLLABLE_SETPOINT,DIAGNOSTIC_ONLY_NOT_USED_IN_CURRENT_MODEL
CALIBRATOR_FEATURE_RECOMMENDATION,FUTURE_HIGH_ENERGY_RESIDUAL_CALIBRATOR,,,,,,,,,,,,,,,,,,,,,,,,,,,,,,,,,,,,Stage4_WetMixing_Duration,Controllable WetMix duration setpoint.,PRE_BATCH_OR_CONTROLLABLE_SETPOINT,DIAGNOSTIC_ONLY_NOT_USED_IN_CURRENT_MODEL
CALIBRATOR_FEATURE_RECOMMENDATION,FUTURE_HIGH_ENERGY_RESIDUAL_CALIBRATOR,,,,,,,,,,,,,,,,,,,,,,,,,,,,,,,,,,,,Stage5_PID_Duration,Controllable PID duration setpoint when applicable.,PRE_BATCH_OR_CONTROLLABLE_SETPOINT,DIAGNOSTIC_ONLY_NOT_USED_IN_CURRENT_MODEL
CALIBRATOR_FEATURE_RECOMMENDATION,FUTURE_HIGH_ENERGY_RESIDUAL_CALIBRATOR,,,,,,,,,,,,,,,,,,,,,,,,,,,,,,,,,,,,Stage6_BottomMixing_Duration,Controllable BottomMix duration setpoint.,PRE_BATCH_OR_CONTROLLABLE_SETPOINT,DIAGNOSTIC_ONLY_NOT_USED_IN_CURRENT_MODEL
CALIBRATOR_FEATURE_RECOMMENDATION,FUTURE_HIGH_ENERGY_RESIDUAL_CALIBRATOR,,,,,,,,,,,,,,,,,,,,,,,,,,,,,,,,,,,,Target_Temperature,Controllable target temperature setpoint.,PRE_BATCH_OR_CONTROLLABLE_SETPOINT,DIAGNOSTIC_ONLY_NOT_USED_IN_CURRENT_MODEL
