CompoundName,MixerLine,material_system,phase_route,system_route_branch,recipe_maturity_level,recipe_history_n_batches,similar_recipe_count,similar_recipe_list,similarity_score,cold_start_strategy,recommendation_readiness,safe_bounds_match_level,safe_bound_status,route_stage_status,recommendation_status,confidence_label,ood_flag,model_based_saving_pct,shadow_actual_saving_pct,recommended_DryMixing_Duration,recommended_WetMixing_Duration,recommended_PID_Duration,recommended_BottomMixing_Duration,delta_DryMixing_Duration,delta_WetMixing_Duration,delta_PID_Duration,delta_BottomMixing_Duration
M1-A00268XM-- 02 004,MB02,CarbonBlack,OilWet,CarbonBlack_OilWet,L0_NEW_RECIPE_COLD_START,0,5,M1-A00268R2-- 05 006;M1-A00268R2-- 05 003;M1-A00268R2-- 05 001;M1-A44268---- 01 002;M1-A00205W3-- 03 003,0.979,INTERSECT_BRANCH_SIMILAR_RECIPE_ENGINEERING_BOUNDS,OBSERVATION_ONLY,UNAVAILABLE,UNAVAILABLE,UNAVAILABLE,REJECTED,LOW,True,0.0,0.0,0.0,0.0,0.0,0.0,-31.0,-13.0,0.0,-75.0
M1-A00268XM-- 02 004,MB02,CarbonBlack,OilWet,CarbonBlack_OilWet,L0_NEW_RECIPE_COLD_START,0,5,M1-A00268R2-- 05 006;M1-A00268R2-- 05 003;M1-A00268R2-- 05 001;M1-A44268---- 01 002;M1-A00205W3-- 03 003,0.98,INTERSECT_BRANCH_SIMILAR_RECIPE_ENGINEERING_BOUNDS,OBSERVATION_ONLY,UNAVAILABLE,UNAVAILABLE,UNAVAILABLE,REJECTED,LOW,True,0.0,0.0,0.0,0.0,0.0,0.0,-31.0,-5.0,0.0,-74.0
M1-A00268XM-- 02 004,MB02,CarbonBlack,OilWet,CarbonBlack_OilWet,L0_NEW_RECIPE_COLD_START,0,5,M1-A00268R2-- 05 006;M1-A00268R2-- 05 003;M1-A00268R2-- 05 001;M1-A44268---- 01 002;M1-A00205W3-- 03 003,0.98,INTERSECT_BRANCH_SIMILAR_RECIPE_ENGINEERING_BOUNDS,OBSERVATION_ONLY,UNAVAILABLE,UNAVAILABLE,UNAVAILABLE,REJECTED,LOW,True,0.0,0.0,0.0,0.0,0.0,0.0,-31.0,-5.0,0.0,-78.0
M1-T17771---- 05 002,MB03,Silica,OilWet,Silica_OilWet,L0_NEW_RECIPE_COLD_START,0,5,M1-T17771---- 05 001;M1-T17771B1-- 01 002;M1-T17771---- 05 003;M1-T17771X6-- 01 005;M1-T33025W3-- 07 003,0.996,INTERSECT_BRANCH_SIMILAR_RECIPE_ENGINEERING_BOUNDS,OBSERVATION_ONLY,SILICA_ROUTE_GLOBAL_FALLBACK,WITHIN_SAFE_BOUNDS,VALID_ROUTE_STAGES,NO_VALID_CANDIDATE,MEDIUM,False,0.0,1.81,0.0,34.0,50.0,134.0,0.0,0.0,0.0,0.0
M1-T17771---- 05 002,MB03,Silica,OilWet,Silica_OilWet,L0_NEW_RECIPE_COLD_START,0,5,M1-T17771---- 05 001;M1-T17771B1-- 01 002;M1-T17771---- 05 003;M1-T17771X6-- 01 005;M1-T33025W3-- 07 003,0.996,INTERSECT_BRANCH_SIMILAR_RECIPE_ENGINEERING_BOUNDS,OBSERVATION_ONLY,SILICA_ROUTE_GLOBAL_FALLBACK,WITHIN_SAFE_BOUNDS,VALID_ROUTE_STAGES,NO_VALID_CANDIDATE,HIGH,False,0.0,2.69,0.0,35.0,50.0,134.0,0.0,0.0,0.0,0.0
M1-T02128W5-- 04 003,ML07,Silica,OilWet,Silica_OilWet,L0_NEW_RECIPE_COLD_START,0,5,M1-T02128W5-- 04 004;M1-T02128W5-- 04 006;M1-T02128W5-- 04 002;M1-T33025W3-- 03 004;M1-T33025W3-- 03 005,0.983,INTERSECT_BRANCH_SIMILAR_RECIPE_ENGINEERING_BOUNDS,OBSERVATION_ONLY,SILICA_ROUTE_GLOBAL_FALLBACK,WITHIN_SAFE_BOUNDS,VALID_ROUTE_STAGES,NO_VALID_CANDIDATE,HIGH,False,0.0,-17.66,0.0,80.0,40.0,82.0,0.0,0.0,0.0,0.0
M1-T02128W5-- 04 003,ML07,Silica,OilWet,Silica_OilWet,L0_NEW_RECIPE_COLD_START,0,5,M1-T02128W5-- 04 004;M1-T02128W5-- 04 006;M1-T02128W5-- 04 002;M1-T33025W3-- 03 004;M1-T33025W3-- 03 005,0.982,INTERSECT_BRANCH_SIMILAR_RECIPE_ENGINEERING_BOUNDS,OBSERVATION_ONLY,SILICA_ROUTE_GLOBAL_FALLBACK,WITHIN_SAFE_BOUNDS,VALID_ROUTE_STAGES,NO_VALID_CANDIDATE,HIGH,False,0.0,-17.33,0.0,72.0,37.0,81.0,0.0,0.0,0.0,0.0
M1-T02128W5-- 04 003,ML07,Silica,OilWet,Silica_OilWet,L0_NEW_RECIPE_COLD_START,0,5,M1-T02128W5-- 04 004;M1-T02128W5-- 04 006;M1-T02128W5-- 04 002;M1-T33025W3-- 03 004;M1-T33025W3-- 03 005,0.982,INTERSECT_BRANCH_SIMILAR_RECIPE_ENGINEERING_BOUNDS,OBSERVATION_ONLY,SILICA_ROUTE_GLOBAL_FALLBACK,WITHIN_SAFE_BOUNDS,VALID_ROUTE_STAGES,NO_VALID_CANDIDATE,HIGH,False,0.0,-24.25,0.0,75.0,34.0,81.0,0.0,0.0,0.0,0.0
M1-T17771---- 05 002,MB03,Silica,OilWet,Silica_OilWet,L0_NEW_RECIPE_COLD_START,0,5,M1-T17771---- 05 001;M1-T17771B1-- 01 002;M1-T17771---- 05 003;M1-T17771X6-- 01 005;M1-T33025W3-- 07 003,0.986,INTERSECT_BRANCH_SIMILAR_RECIPE_ENGINEERING_BOUNDS,OBSERVATION_ONLY,SILICA_ROUTE_GLOBAL_FALLBACK,WITHIN_SAFE_BOUNDS,VALID_ROUTE_STAGES,NO_VALID_CANDIDATE,HIGH,False,0.0,4.55,0.0,30.0,47.0,133.0,0.0,0.0,0.0,0.0
M1-S00211---- 10 001,ML09,Silica,OilWet,Silica_OilWet,L0_NEW_RECIPE_COLD_START,0,5,M1-S00211B--- 05 003;M1-T15760---- 06 002;M1-T15760B--- 01 003;M1-T15760---- 06 001;M1-T15760XP-- 01 003,0.97,INTERSECT_BRANCH_SIMILAR_RECIPE_ENGINEERING_BOUNDS,OBSERVATION_ONLY,SILICA_ROUTE_GLOBAL_FALLBACK,WITHIN_SAFE_BOUNDS,VALID_ROUTE_STAGES,NO_VALID_CANDIDATE,LOW,False,0.0,16.0,0.0,68.0,20.0,90.0,0.0,0.0,0.0,0.0
M1-T30087---- 08 001,ML09,Silica,OilWet,Silica_OilWet,L0_NEW_RECIPE_COLD_START,0,5,M1-T17732---- 06 002;M1-T09170---- 24 001;M1-T09170WS-- 01 009;M1-T09170WS-- 01 010;M1-T09170XM-- 01 001,0.917,INTERSECT_BRANCH_SIMILAR_RECIPE_ENGINEERING_BOUNDS,OBSERVATION_ONLY,SILICA_ROUTE_GLOBAL_FALLBACK,WITHIN_SAFE_BOUNDS,VALID_ROUTE_STAGES,NO_VALID_CANDIDATE,LOW,False,0.0,5.63,0.0,50.0,50.0,73.0,0.0,0.0,0.0,0.0
M1-T30087---- 08 001,ML09,Silica,OilWet,Silica_OilWet,L0_NEW_RECIPE_COLD_START,0,5,M1-T17732---- 06 002;M1-T09170---- 24 001;M1-T09170WS-- 01 009;M1-T09170WS-- 01 010;M1-T09170XM-- 01 001,0.917,INTERSECT_BRANCH_SIMILAR_RECIPE_ENGINEERING_BOUNDS,OBSERVATION_ONLY,SILICA_ROUTE_GLOBAL_FALLBACK,WITHIN_SAFE_BOUNDS,VALID_ROUTE_STAGES,NO_VALID_CANDIDATE,MEDIUM,False,0.0,3.13,0.0,55.0,52.0,72.0,0.0,0.0,0.0,0.0
M1-T30087---- 08 001,ML09,Silica,OilWet,Silica_OilWet,L0_NEW_RECIPE_COLD_START,0,5,M1-T17732---- 06 002;M1-T09170---- 24 001;M1-T09170WS-- 01 009;M1-T09170WS-- 01 010;M1-T09170XM-- 01 001,0.917,INTERSECT_BRANCH_SIMILAR_RECIPE_ENGINEERING_BOUNDS,OBSERVATION_ONLY,SILICA_ROUTE_GLOBAL_FALLBACK,WITHIN_SAFE_BOUNDS,VALID_ROUTE_STAGES,NO_VALID_CANDIDATE,MEDIUM,False,0.0,2.83,0.0,62.0,49.0,73.0,0.0,0.0,0.0,0.0
M1-A06441XZ-- 01 002,MB02,CarbonBlack,OilWet,CarbonBlack_OilWet,L0_NEW_RECIPE_COLD_START,0,5,M1-A06441R1-- 04 001;M1-A06441R2-- 01 005;M1-R00037W9-- 03 001;M1-A00268R2-- 05 001;M1-A00268R2-- 05 006,0.986,INTERSECT_BRANCH_SIMILAR_RECIPE_ENGINEERING_BOUNDS,OBSERVATION_ONLY,UNAVAILABLE,UNAVAILABLE,UNAVAILABLE,REJECTED,LOW,True,0.0,0.0,0.0,0.0,0.0,0.0,-45.0,-25.0,0.0,-86.0
M1-A06441XZ-- 01 002,MB02,CarbonBlack,OilWet,CarbonBlack_OilWet,L0_NEW_RECIPE_COLD_START,0,5,M1-A06441R1-- 04 001;M1-A06441R2-- 01 005;M1-R00037W9-- 03 001;M1-A00268R2-- 05 001;M1-A00268R2-- 05 006,0.986,INTERSECT_BRANCH_SIMILAR_RECIPE_ENGINEERING_BOUNDS,OBSERVATION_ONLY,UNAVAILABLE,UNAVAILABLE,UNAVAILABLE,REJECTED,LOW,True,0.0,0.0,0.0,0.0,0.0,0.0,-44.0,-23.0,0.0,-85.0
M1-A06441XZ-- 01 002,MB02,CarbonBlack,OilWet,CarbonBlack_OilWet,L0_NEW_RECIPE_COLD_START,0,5,M1-A06441R1-- 04 001;M1-A06441R2-- 01 005;M1-R00037W9-- 03 001;M1-A00268R2-- 05 001;M1-A00268R2-- 05 006,0.986,INTERSECT_BRANCH_SIMILAR_RECIPE_ENGINEERING_BOUNDS,OBSERVATION_ONLY,UNAVAILABLE,UNAVAILABLE,UNAVAILABLE,REJECTED,LOW,True,0.0,0.0,0.0,0.0,0.0,0.0,-44.0,-23.0,0.0,-83.0
M1-T15611W6-- 01 004,ML07,Silica,OilWet,Silica_OilWet,L0_NEW_RECIPE_COLD_START,0,5,M1-T15611W2-- 01 001;M1-T19327---- 01 005;M1-T19327---- 01 003;M1-T19327---- 01 004;M1-T18035---- 03 013,0.887,INTERSECT_BRANCH_SIMILAR_RECIPE_ENGINEERING_BOUNDS,OBSERVATION_ONLY,SILICA_ROUTE_GLOBAL_FALLBACK,WITHIN_SAFE_BOUNDS,VALID_ROUTE_STAGES,NO_VALID_CANDIDATE,LOW,True,0.0,-1.42,0.0,62.0,49.0,92.0,0.0,0.0,0.0,0.0
M1-T15611W6-- 01 004,ML07,Silica,OilWet,Silica_OilWet,L0_NEW_RECIPE_COLD_START,0,5,M1-T15611W2-- 01 001;M1-T19327---- 01 005;M1-T19327---- 01 003;M1-T19327---- 01 004;M1-T18035---- 03 013,0.887,INTERSECT_BRANCH_SIMILAR_RECIPE_ENGINEERING_BOUNDS,OBSERVATION_ONLY,SILICA_ROUTE_GLOBAL_FALLBACK,WITHIN_SAFE_BOUNDS,VALID_ROUTE_STAGES,NO_VALID_CANDIDATE,LOW,True,0.0,-0.21,0.0,62.0,49.0,89.0,0.0,0.0,0.0,0.0
M1-T15611W6-- 01 004,ML07,Silica,OilWet,Silica_OilWet,L0_NEW_RECIPE_COLD_START,0,5,M1-T15611W2-- 01 001;M1-T19327---- 01 005;M1-T19327---- 01 003;M1-T19327---- 01 004;M1-T18035---- 03 013,0.887,INTERSECT_BRANCH_SIMILAR_RECIPE_ENGINEERING_BOUNDS,OBSERVATION_ONLY,SILICA_ROUTE_GLOBAL_FALLBACK,WITHIN_SAFE_BOUNDS,VALID_ROUTE_STAGES,NO_VALID_CANDIDATE,LOW,True,0.0,-2.5,0.0,61.0,50.0,91.0,0.0,0.0,0.0,0.0
M1-T17771---- 04 003,ML07,Silica,OilWet,Silica_OilWet,L0_NEW_RECIPE_COLD_START,0,5,M1-T17771---- 04 004;M1-T19327---- 01 004;M1-T05073XV-- 01 001;M1-T05073---- 06 006;M1-T05073---- 06 007,0.825,INTERSECT_BRANCH_SIMILAR_RECIPE_ENGINEERING_BOUNDS,OBSERVATION_ONLY,SILICA_ROUTE_GLOBAL_FALLBACK,WITHIN_SAFE_BOUNDS,VALID_ROUTE_STAGES,NO_VALID_CANDIDATE,LOW,True,0.0,6.07,0.0,28.0,44.0,134.0,0.0,0.0,0.0,0.0
M1-T17771---- 04 003,ML07,Silica,OilWet,Silica_OilWet,L0_NEW_RECIPE_COLD_START,0,5,M1-T17771---- 04 004;M1-T19327---- 01 004;M1-T05073XV-- 01 001;M1-T05073---- 06 006;M1-T05073---- 06 007,0.825,INTERSECT_BRANCH_SIMILAR_RECIPE_ENGINEERING_BOUNDS,OBSERVATION_ONLY,SILICA_ROUTE_GLOBAL_FALLBACK,WITHIN_SAFE_BOUNDS,VALID_ROUTE_STAGES,NO_VALID_CANDIDATE,LOW,True,0.0,-1.18,0.0,28.0,40.0,133.0,0.0,0.0,0.0,0.0
M1-T33025W3-- 03 005,ML07,Silica,OilWet,Silica_OilWet,L1_SIMILAR_RECIPE_REFERENCE,2,5,M1-T33025W3-- 03 004;M1-T16455---- 06 001;M1-T14150---- 17 004;M1-T14150---- 17 005;M1-T15760---- 08 001,0.993,INTERSECT_BRANCH_SIMILAR_RECIPE_ENGINEERING_BOUNDS,REFERENCE_ONLY,EXACT_RECIPE_MIXER_ROUTE,NOT_CHECKED,ZERO_EFFECTIVE_DURATIONS,NO_VALID_CANDIDATE,MEDIUM,False,0.0,-1.17,0.0,42.0,61.0,100.0,0.0,0.0,0.0,0.0
M1-T33025W3-- 03 005,ML07,Silica,OilWet,Silica_OilWet,L1_SIMILAR_RECIPE_REFERENCE,2,5,M1-T33025W3-- 03 004;M1-T16455---- 06 001;M1-T14150---- 17 004;M1-T14150---- 17 005;M1-T15760---- 08 001,0.994,INTERSECT_BRANCH_SIMILAR_RECIPE_ENGINEERING_BOUNDS,REFERENCE_ONLY,EXACT_RECIPE_MIXER_ROUTE,NOT_CHECKED,ZERO_EFFECTIVE_DURATIONS,NO_VALID_CANDIDATE,MEDIUM,False,0.0,1.52,0.0,40.0,61.0,101.0,0.0,0.0,0.0,0.0
M1-B15563---- 01 005,ML09,CarbonBlack,OilWet,CarbonBlack_OilWet,L0_NEW_RECIPE_COLD_START,0,5,M1-B15563---- 01 003;M1-B00458---- 11 005;M1-B00458---- 11 006;M1-B00458RFD- 06 001;M1-B00458RRL- 04 002,0.994,INTERSECT_BRANCH_SIMILAR_RECIPE_ENGINEERING_BOUNDS,OBSERVATION_ONLY,UNAVAILABLE,UNAVAILABLE,UNAVAILABLE,REJECTED,LOW,True,0.0,0.0,0.0,0.0,0.0,0.0,-35.0,-19.0,0.0,-91.0
M1-B15563---- 01 005,ML09,CarbonBlack,OilWet,CarbonBlack_OilWet,L0_NEW_RECIPE_COLD_START,0,5,M1-B15563---- 01 003;M1-B00458---- 11 005;M1-B00458---- 11 006;M1-B00458RFD- 06 001;M1-B00458RRL- 04 002,0.994,INTERSECT_BRANCH_SIMILAR_RECIPE_ENGINEERING_BOUNDS,OBSERVATION_ONLY,UNAVAILABLE,UNAVAILABLE,UNAVAILABLE,REJECTED,LOW,True,0.0,0.0,0.0,0.0,0.0,0.0,-35.0,-31.0,0.0,-90.0
M1-B15563---- 01 005,ML09,CarbonBlack,OilWet,CarbonBlack_OilWet,L0_NEW_RECIPE_COLD_START,0,5,M1-B15563---- 01 003;M1-B00458---- 11 005;M1-B00458---- 11 006;M1-B00458RFD- 06 001;M1-B00458RRL- 04 002,0.994,INTERSECT_BRANCH_SIMILAR_RECIPE_ENGINEERING_BOUNDS,OBSERVATION_ONLY,UNAVAILABLE,UNAVAILABLE,UNAVAILABLE,REJECTED,LOW,True,0.0,0.0,0.0,0.0,0.0,0.0,-35.0,-32.0,0.0,-89.0
M1-T33025W3-- 03 005,ML07,Silica,OilWet,Silica_OilWet,L1_SIMILAR_RECIPE_REFERENCE,2,5,M1-T33025W3-- 03 004;M1-T16455---- 06 001;M1-T14150---- 17 004;M1-T14150---- 17 002;M1-T14150---- 17 005,0.981,INTERSECT_BRANCH_SIMILAR_RECIPE_ENGINEERING_BOUNDS,REFERENCE_ONLY,EXACT_RECIPE_MIXER_ROUTE,NOT_CHECKED,ZERO_EFFECTIVE_DURATIONS,NO_VALID_CANDIDATE,LOW,True,0.0,0.03,0.0,54.0,60.0,101.0,0.0,0.0,0.0,0.0
M1-A00268R2-- 05 003,MB02,CarbonBlack,OilWet,CarbonBlack_OilWet,L1_SIMILAR_RECIPE_REFERENCE,2,5,M1-A00268R2-- 05 006;M1-A00268R2-- 05 001;M1-A44268---- 01 002;M1-A00205W3-- 03 003;M1-A00205W3-- 03 002,0.974,INTERSECT_BRANCH_SIMILAR_RECIPE_ENGINEERING_BOUNDS,REFERENCE_ONLY,EXACT_RECIPE_MIXER_ROUTE,NOT_CHECKED,ZERO_EFFECTIVE_DURATIONS,NO_VALID_CANDIDATE,HIGH,False,0.0,-0.76,31.0,5.0,0.0,89.0,0.0,0.0,0.0,0.0
M1-A00268R2-- 05 003,MB02,CarbonBlack,OilWet,CarbonBlack_OilWet,L1_SIMILAR_RECIPE_REFERENCE,2,5,M1-A00268R2-- 05 006;M1-A00268R2-- 05 001;M1-A44268---- 01 002;M1-A00205W3-- 03 003;M1-A00205W3-- 03 002,0.974,INTERSECT_BRANCH_SIMILAR_RECIPE_ENGINEERING_BOUNDS,REFERENCE_ONLY,EXACT_RECIPE_MIXER_ROUTE,NOT_CHECKED,ZERO_EFFECTIVE_DURATIONS,NO_VALID_CANDIDATE,HIGH,False,0.0,6.51,31.0,15.0,0.0,88.0,0.0,0.0,0.0,0.0
M1-A00268R2-- 05 003,MB02,CarbonBlack,OilWet,CarbonBlack_OilWet,L1_SIMILAR_RECIPE_REFERENCE,2,5,M1-A00268R2-- 05 006;M1-A00268R2-- 05 001;M1-A44268---- 01 002;M1-A00205W3-- 03 003;M1-A00205W3-- 03 002,0.973,INTERSECT_BRANCH_SIMILAR_RECIPE_ENGINEERING_BOUNDS,REFERENCE_ONLY,EXACT_RECIPE_MIXER_ROUTE,NOT_CHECKED,ZERO_EFFECTIVE_DURATIONS,NO_VALID_CANDIDATE,HIGH,False,0.0,0.77,31.0,5.0,0.0,88.0,0.0,0.0,0.0,0.0
M1-T09170XT-- 02 001,ML09,Silica,OilWet,Silica_OilWet,L0_NEW_RECIPE_COLD_START,0,5,M1-T09170WS-- 01 009;M1-T09170WS-- 01 010;M1-T09170XM-- 01 001;M1-T09170---- 24 001;M1-T15192R--- 03 001,0.925,INTERSECT_BRANCH_SIMILAR_RECIPE_ENGINEERING_BOUNDS,OBSERVATION_ONLY,SILICA_ROUTE_GLOBAL_FALLBACK,WITHIN_SAFE_BOUNDS,VALID_ROUTE_STAGES,NO_VALID_CANDIDATE,HIGH,False,0.0,2.16,0.0,25.0,42.0,94.0,0.0,0.0,0.0,0.0
M1-T09170XT-- 02 001,ML09,Silica,OilWet,Silica_OilWet,L0_NEW_RECIPE_COLD_START,0,5,M1-T09170WS-- 01 009;M1-T09170WS-- 01 010;M1-T09170XM-- 01 001;M1-T09170---- 24 001;M1-T15192R--- 03 001,0.925,INTERSECT_BRANCH_SIMILAR_RECIPE_ENGINEERING_BOUNDS,OBSERVATION_ONLY,SILICA_ROUTE_GLOBAL_FALLBACK,WITHIN_SAFE_BOUNDS,VALID_ROUTE_STAGES,NO_VALID_CANDIDATE,MEDIUM,False,0.0,2.15,0.0,25.0,45.0,93.0,0.0,0.0,0.0,0.0
M1-T09170XT-- 02 001,ML09,Silica,OilWet,Silica_OilWet,L0_NEW_RECIPE_COLD_START,0,5,M1-T09170WS-- 01 009;M1-T09170WS-- 01 010;M1-T09170XM-- 01 001;M1-T09170---- 24 001;M1-T15192R--- 03 001,0.925,INTERSECT_BRANCH_SIMILAR_RECIPE_ENGINEERING_BOUNDS,OBSERVATION_ONLY,SILICA_ROUTE_GLOBAL_FALLBACK,WITHIN_SAFE_BOUNDS,VALID_ROUTE_STAGES,NO_VALID_CANDIDATE,HIGH,False,0.0,1.46,0.0,27.0,45.0,94.0,0.0,0.0,0.0,0.0
M1-A00205W3-- 03 002,MB02,CarbonBlack,OilWet,CarbonBlack_OilWet,L1_SIMILAR_RECIPE_REFERENCE,4,5,M1-A00205W4-- 01 001;M1-A00205W3-- 03 003;M1-B00163RT-- 01 001;M1-B00163RT-- 01 002;M1-B00163R4-- 01 003,0.996,INTERSECT_BRANCH_SIMILAR_RECIPE_ENGINEERING_BOUNDS,REFERENCE_ONLY,EXACT_RECIPE_MIXER_ROUTE,NOT_CHECKED,ZERO_EFFECTIVE_DURATIONS,NO_VALID_CANDIDATE,HIGH,False,0.0,8.77,51.0,5.0,0.0,80.0,0.0,0.0,0.0,0.0
M1-A00205W3-- 03 002,MB02,CarbonBlack,OilWet,CarbonBlack_OilWet,L1_SIMILAR_RECIPE_REFERENCE,4,5,M1-A00205W4-- 01 001;M1-A00205W3-- 03 003;M1-B00163RT-- 01 001;M1-B00163RT-- 01 002;M1-B00163R4-- 01 003,0.997,INTERSECT_BRANCH_SIMILAR_RECIPE_ENGINEERING_BOUNDS,REFERENCE_ONLY,EXACT_RECIPE_MIXER_ROUTE,NOT_CHECKED,ZERO_EFFECTIVE_DURATIONS,NO_VALID_CANDIDATE,HIGH,False,0.0,4.03,51.0,5.0,0.0,77.0,0.0,0.0,0.0,0.0
M1-A00205W3-- 03 002,MB02,CarbonBlack,OilWet,CarbonBlack_OilWet,L1_SIMILAR_RECIPE_REFERENCE,4,5,M1-A00205W4-- 01 001;M1-A00205W3-- 03 003;M1-B00163RT-- 01 001;M1-B00163RT-- 01 002;M1-B00163R4-- 01 003,0.996,INTERSECT_BRANCH_SIMILAR_RECIPE_ENGINEERING_BOUNDS,REFERENCE_ONLY,EXACT_RECIPE_MIXER_ROUTE,NOT_CHECKED,ZERO_EFFECTIVE_DURATIONS,NO_VALID_CANDIDATE,HIGH,False,0.0,2.46,51.0,5.0,0.0,78.0,0.0,0.0,0.0,0.0
M1-A00205W4-- 01 001,MB02,CarbonBlack,OilWet,CarbonBlack_OilWet,L1_SIMILAR_RECIPE_REFERENCE,9,5,M1-A00205W3-- 03 002;M1-A00205W3-- 03 003;M1-B00163RT-- 01 001;M1-B00163RT-- 01 002;M1-B00163R4-- 01 003,0.991,INTERSECT_BRANCH_SIMILAR_RECIPE_ENGINEERING_BOUNDS,REFERENCE_ONLY,EXACT_RECIPE_MIXER_ROUTE,WITHIN_SAFE_BOUNDS,VALID_ROUTE_STAGES,NO_VALID_CANDIDATE,MEDIUM,False,0.0,5.42,51.0,10.0,0.0,78.0,0.0,0.0,0.0,0.0
M1-A00205W4-- 01 001,MB02,CarbonBlack,OilWet,CarbonBlack_OilWet,L1_SIMILAR_RECIPE_REFERENCE,9,5,M1-A00205W3-- 03 002;M1-A00205W3-- 03 003;M1-B00163RT-- 01 001;M1-B00163RT-- 01 002;M1-B00163R4-- 01 003,0.975,INTERSECT_BRANCH_SIMILAR_RECIPE_ENGINEERING_BOUNDS,REFERENCE_ONLY,EXACT_RECIPE_MIXER_ROUTE,WITHIN_SAFE_BOUNDS,VALID_ROUTE_STAGES,NO_VALID_CANDIDATE,LOW,True,0.0,4.42,52.0,5.0,0.0,78.0,0.0,0.0,0.0,0.0
M1-A00205W4-- 01 001,MB02,CarbonBlack,OilWet,CarbonBlack_OilWet,L1_SIMILAR_RECIPE_REFERENCE,9,5,M1-A00205W3-- 03 002;M1-A00205W3-- 03 003;M1-B00163RT-- 01 001;M1-B00163RT-- 01 002;M1-B00163R4-- 01 003,0.975,INTERSECT_BRANCH_SIMILAR_RECIPE_ENGINEERING_BOUNDS,REFERENCE_ONLY,EXACT_RECIPE_MIXER_ROUTE,WITHIN_SAFE_BOUNDS,VALID_ROUTE_STAGES,NO_VALID_CANDIDATE,LOW,True,0.0,4.87,51.0,5.0,0.0,78.0,0.0,0.0,0.0,0.0
M1-A03391---- 09 001,MB03,CarbonBlack,OilWet,CarbonBlack_OilWet,L0_NEW_RECIPE_COLD_START,0,5,M1-A03391---- 09 005;M1-A03391---- 09 006;M1-A03391---- 09 003;M1-A16404B--- 01 002;M1-A16404---- 01 005,0.994,INTERSECT_BRANCH_SIMILAR_RECIPE_ENGINEERING_BOUNDS,OBSERVATION_ONLY,UNAVAILABLE,UNAVAILABLE,UNAVAILABLE,REJECTED,LOW,True,0.0,0.0,0.0,0.0,0.0,0.0,-29.0,-42.0,0.0,-105.0
M1-A03391---- 09 001,MB03,CarbonBlack,OilWet,CarbonBlack_OilWet,L0_NEW_RECIPE_COLD_START,0,5,M1-A03391---- 09 005;M1-A03391---- 09 006;M1-A03391---- 09 003;M1-A16404B--- 01 002;M1-A16404---- 01 005,0.994,INTERSECT_BRANCH_SIMILAR_RECIPE_ENGINEERING_BOUNDS,OBSERVATION_ONLY,UNAVAILABLE,UNAVAILABLE,UNAVAILABLE,REJECTED,LOW,True,0.0,0.0,0.0,0.0,0.0,0.0,-29.0,-40.0,0.0,-105.0
M1-A03391---- 09 001,MB03,CarbonBlack,OilWet,CarbonBlack_OilWet,L0_NEW_RECIPE_COLD_START,0,5,M1-A03391---- 09 005;M1-A03391---- 09 006;M1-A03391---- 09 003;M1-A16404B--- 01 002;M1-A16404---- 01 005,0.993,INTERSECT_BRANCH_SIMILAR_RECIPE_ENGINEERING_BOUNDS,OBSERVATION_ONLY,UNAVAILABLE,UNAVAILABLE,UNAVAILABLE,REJECTED,LOW,True,0.0,0.0,0.0,0.0,0.0,0.0,-29.0,-36.0,0.0,-106.0
M1-T19012---- 01 005,ML09,Silica,OilWet,Silica_OilWet,L0_NEW_RECIPE_COLD_START,0,5,M1-T19012---- 01 006;M1-T19012---- 01 004;M1-T19012X1-- 01 004;M1-T19012X1-- 01 007;M1-T33025W3-- 04 005,0.995,INTERSECT_BRANCH_SIMILAR_RECIPE_ENGINEERING_BOUNDS,OBSERVATION_ONLY,SILICA_ROUTE_GLOBAL_FALLBACK,WITHIN_SAFE_BOUNDS,VALID_ROUTE_STAGES,RECOMMENDED,HIGH,False,24.05,17.37,0.0,42.9,33.8,92.2,0.0,-70.1,-95.2,-64.8
M1-T19012---- 01 005,ML09,Silica,OilWet,Silica_OilWet,L0_NEW_RECIPE_COLD_START,0,5,M1-T19012---- 01 006;M1-T19012---- 01 004;M1-T19012X1-- 01 004;M1-T19012X1-- 01 007;M1-T33025W3-- 04 005,0.996,INTERSECT_BRANCH_SIMILAR_RECIPE_ENGINEERING_BOUNDS,OBSERVATION_ONLY,SILICA_ROUTE_GLOBAL_FALLBACK,WITHIN_SAFE_BOUNDS,VALID_ROUTE_STAGES,NO_VALID_CANDIDATE,HIGH,False,0.0,7.1,0.0,104.0,119.0,52.0,0.0,0.0,0.0,0.0
M1-T19012---- 01 005,ML09,Silica,OilWet,Silica_OilWet,L0_NEW_RECIPE_COLD_START,0,5,M1-T19012---- 01 006;M1-T19012---- 01 004;M1-T19012X1-- 01 004;M1-T19012X1-- 01 007;M1-T33025W3-- 04 005,0.996,INTERSECT_BRANCH_SIMILAR_RECIPE_ENGINEERING_BOUNDS,OBSERVATION_ONLY,SILICA_ROUTE_GLOBAL_FALLBACK,WITHIN_SAFE_BOUNDS,VALID_ROUTE_STAGES,NO_VALID_CANDIDATE,HIGH,False,0.0,5.82,0.0,112.0,121.0,51.0,0.0,0.0,0.0,0.0
M1-T00011B8-- 02 001,MB02,Silica,OilWet,Silica_OilWet,L0_NEW_RECIPE_COLD_START,0,5,M1-T00011B2-- 14 004;M1-T00011B2-- 14 001;M1-T00011B2-- 21 001;M1-T00011B2-- 21 002;M1-T00011B2-- 21 004,0.998,INTERSECT_BRANCH_SIMILAR_RECIPE_ENGINEERING_BOUNDS,OBSERVATION_ONLY,SILICA_ROUTE_GLOBAL_FALLBACK,WITHIN_SAFE_BOUNDS,VALID_ROUTE_STAGES,NO_VALID_CANDIDATE,MEDIUM,False,0.0,-7.75,0.0,35.0,18.0,88.0,0.0,0.0,0.0,0.0
M1-T00011B8-- 02 001,MB02,Silica,OilWet,Silica_OilWet,L0_NEW_RECIPE_COLD_START,0,5,M1-T00011B2-- 14 004;M1-T00011B2-- 14 001;M1-T00011B2-- 21 001;M1-T00011B2-- 21 002;M1-T00011B2-- 21 004,0.998,INTERSECT_BRANCH_SIMILAR_RECIPE_ENGINEERING_BOUNDS,OBSERVATION_ONLY,SILICA_ROUTE_GLOBAL_FALLBACK,WITHIN_SAFE_BOUNDS,VALID_ROUTE_STAGES,NO_VALID_CANDIDATE,MEDIUM,False,0.0,-9.53,0.0,35.0,19.0,88.0,0.0,0.0,0.0,0.0
M1-T00011B8-- 02 001,MB02,Silica,OilWet,Silica_OilWet,L0_NEW_RECIPE_COLD_START,0,5,M1-T00011B2-- 14 004;M1-T00011B2-- 14 001;M1-T00011B2-- 21 001;M1-T00011B2-- 21 002;M1-T00011B2-- 21 004,0.998,INTERSECT_BRANCH_SIMILAR_RECIPE_ENGINEERING_BOUNDS,OBSERVATION_ONLY,SILICA_ROUTE_GLOBAL_FALLBACK,WITHIN_SAFE_BOUNDS,VALID_ROUTE_STAGES,NO_VALID_CANDIDATE,MEDIUM,False,0.0,-11.54,0.0,37.0,18.0,88.0,0.0,0.0,0.0,0.0
M1-T33025XA-- 01 001,ML09,Silica,OilWet,Silica_OilWet,L0_NEW_RECIPE_COLD_START,0,5,M1-T33025XA-- 01 002;M1-T33025W3-- 04 003;M1-T15760---- 06 002;M1-T15760B--- 01 003;M1-T15760---- 06 001,0.991,INTERSECT_BRANCH_SIMILAR_RECIPE_ENGINEERING_BOUNDS,OBSERVATION_ONLY,SILICA_ROUTE_GLOBAL_FALLBACK,WITHIN_SAFE_BOUNDS,VALID_ROUTE_STAGES,RECOMMENDED,HIGH,False,23.3,33.57,0.0,57.9,34.0,95.3,0.0,-6.1,-18.0,-51.7
M1-T33025XA-- 01 001,ML09,Silica,OilWet,Silica_OilWet,L0_NEW_RECIPE_COLD_START,0,5,M1-T33025XA-- 01 002;M1-T15760---- 06 002;M1-T33025W3-- 04 003;M1-T15760B--- 01 003;M1-T15760---- 06 001,0.99,INTERSECT_BRANCH_SIMILAR_RECIPE_ENGINEERING_BOUNDS,OBSERVATION_ONLY,SILICA_ROUTE_GLOBAL_FALLBACK,WITHIN_SAFE_BOUNDS,VALID_ROUTE_STAGES,RECOMMENDED,HIGH,False,26.63,35.79,0.0,48.8,24.3,79.3,0.0,-12.2,-27.7,-45.7
M1-T33025XA-- 01 001,ML09,Silica,OilWet,Silica_OilWet,L0_NEW_RECIPE_COLD_START,0,5,M1-T33025XA-- 01 002;M1-T15760---- 06 002;M1-T33025W3-- 04 003;M1-T15760B--- 01 003;M1-T33025W3-- 04 005,0.995,INTERSECT_BRANCH_SIMILAR_RECIPE_ENGINEERING_BOUNDS,OBSERVATION_ONLY,SILICA_ROUTE_GLOBAL_FALLBACK,WITHIN_SAFE_BOUNDS,VALID_ROUTE_STAGES,RECOMMENDED,HIGH,False,23.18,33.28,0.0,35.5,47.0,79.7,0.0,-22.5,-1.0,-44.3
M1-T01139B--- 14 003,MB03,Silica,OilWet,Silica_OilWet,L0_NEW_RECIPE_COLD_START,0,5,M1-T17224---- 07 001;M1-T00011B2-- 16 001;M1-T00011B2-- 16 004;M1-T00011B8-- 01 004;M1-T00011B8-- 01 001,0.774,INTERSECT_BRANCH_SIMILAR_RECIPE_ENGINEERING_BOUNDS,OBSERVATION_ONLY,SILICA_ROUTE_GLOBAL_FALLBACK,WITHIN_SAFE_BOUNDS,VALID_ROUTE_STAGES,NO_VALID_CANDIDATE,MEDIUM,False,0.0,1.75,0.0,5.0,31.0,100.0,0.0,0.0,0.0,0.0
M1-T01139B--- 14 003,MB03,Silica,OilWet,Silica_OilWet,L0_NEW_RECIPE_COLD_START,0,5,M1-T17224---- 07 001;M1-T00011B2-- 16 001;M1-T00011B2-- 16 004;M1-T00011B8-- 01 004;M1-T00011B8-- 01 001,0.775,INTERSECT_BRANCH_SIMILAR_RECIPE_ENGINEERING_BOUNDS,OBSERVATION_ONLY,SILICA_ROUTE_GLOBAL_FALLBACK,WITHIN_SAFE_BOUNDS,VALID_ROUTE_STAGES,NO_VALID_CANDIDATE,MEDIUM,False,0.0,-4.06,0.0,3.0,39.0,101.0,0.0,0.0,0.0,0.0
M1-T01139B--- 14 003,MB03,Silica,OilWet,Silica_OilWet,L0_NEW_RECIPE_COLD_START,0,5,M1-T17224---- 07 001;M1-T00011B2-- 16 001;M1-T00011B2-- 16 004;M1-T00011B8-- 01 004;M1-T00011B8-- 01 001,0.774,INTERSECT_BRANCH_SIMILAR_RECIPE_ENGINEERING_BOUNDS,OBSERVATION_ONLY,SILICA_ROUTE_GLOBAL_FALLBACK,WITHIN_SAFE_BOUNDS,VALID_ROUTE_STAGES,NO_VALID_CANDIDATE,MEDIUM,False,0.0,-5.65,0.0,3.0,36.0,101.0,0.0,0.0,0.0,0.0
M1-T00011B2-- 16 002,MB03,Silica,OilWet,Silica_OilWet,L0_NEW_RECIPE_COLD_START,0,5,M1-T00011B8-- 01 004;M1-T00011B8-- 01 001;M1-T00011B2-- 16 004;M1-T00011B2-- 16 001;M1-T00011B2-- 22 001,0.996,INTERSECT_BRANCH_SIMILAR_RECIPE_ENGINEERING_BOUNDS,OBSERVATION_ONLY,SILICA_ROUTE_GLOBAL_FALLBACK,WITHIN_SAFE_BOUNDS,VALID_ROUTE_STAGES,REJECTED_NEGATIVE_OR_ZERO_SAVING,HIGH,False,0.0,1.18,0.0,29.0,22.0,47.0,0.0,0.0,0.0,0.0
M1-T00011B2-- 16 002,MB03,Silica,OilWet,Silica_OilWet,L0_NEW_RECIPE_COLD_START,0,5,M1-T00011B8-- 01 004;M1-T00011B2-- 16 004;M1-T00011B8-- 01 001;M1-T00011B2-- 16 001;M1-T00011B2-- 22 001,0.997,INTERSECT_BRANCH_SIMILAR_RECIPE_ENGINEERING_BOUNDS,OBSERVATION_ONLY,SILICA_ROUTE_GLOBAL_FALLBACK,WITHIN_SAFE_BOUNDS,VALID_ROUTE_STAGES,REJECTED_NEGATIVE_OR_ZERO_SAVING,HIGH,False,0.0,-10.64,0.0,27.0,19.0,72.0,0.0,0.0,0.0,0.0
M1-T00011B2-- 16 002,MB03,Silica,OilWet,Silica_OilWet,L0_NEW_RECIPE_COLD_START,0,5,M1-T00011B8-- 01 004;M1-T00011B2-- 16 004;M1-T00011B8-- 01 001;M1-T00011B2-- 16 001;M1-T00011B2-- 22 001,0.997,INTERSECT_BRANCH_SIMILAR_RECIPE_ENGINEERING_BOUNDS,OBSERVATION_ONLY,SILICA_ROUTE_GLOBAL_FALLBACK,WITHIN_SAFE_BOUNDS,VALID_ROUTE_STAGES,REJECTED_NEGATIVE_OR_ZERO_SAVING,HIGH,False,0.0,-9.05,0.0,27.0,20.0,95.0,0.0,0.0,0.0,0.0
M1-B00163XM-- 02 003,MB02,CarbonBlack,OilWet,CarbonBlack_OilWet,L1_SIMILAR_RECIPE_REFERENCE,4,5,M1-B00163R4-- 01 004;M1-B00163XV-- 01 001;M1-B00163R4-- 01 003;M1-B00163XV-- 01 002;M1-B00163XV-- 01 003,0.93,INTERSECT_BRANCH_SIMILAR_RECIPE_ENGINEERING_BOUNDS,REFERENCE_ONLY,EXACT_RECIPE_MIXER_ROUTE,NOT_CHECKED,ZERO_EFFECTIVE_DURATIONS,NO_VALID_CANDIDATE,MEDIUM,False,0.0,-0.4,50.0,5.0,0.0,36.0,0.0,0.0,0.0,0.0
M1-B00163XM-- 02 003,MB02,CarbonBlack,OilWet,CarbonBlack_OilWet,L1_SIMILAR_RECIPE_REFERENCE,4,5,M1-B00163R4-- 01 004;M1-B00163XV-- 01 001;M1-B00163R4-- 01 003;M1-B00163XV-- 01 002;M1-B00163XV-- 01 003,0.93,INTERSECT_BRANCH_SIMILAR_RECIPE_ENGINEERING_BOUNDS,REFERENCE_ONLY,EXACT_RECIPE_MIXER_ROUTE,NOT_CHECKED,ZERO_EFFECTIVE_DURATIONS,NO_VALID_CANDIDATE,HIGH,False,0.0,-4.53,50.0,31.0,0.0,35.0,0.0,0.0,0.0,0.0
M1-T10035B6-- 03 001,MB02,Silica,OilWet,Silica_OilWet,L0_NEW_RECIPE_COLD_START,0,5,M1-T10035B7-- 02 001;M1-T17054B--- 01 001;M1-S08156---- 18 001;M1-S08156B1-- 03 002;M1-T17054---- 02 006,0.914,INTERSECT_BRANCH_SIMILAR_RECIPE_ENGINEERING_BOUNDS,OBSERVATION_ONLY,SILICA_ROUTE_GLOBAL_FALLBACK,WITHIN_SAFE_BOUNDS,VALID_ROUTE_STAGES,NO_VALID_CANDIDATE,LOW,True,0.0,12.1,0.0,70.0,55.0,144.0,0.0,0.0,0.0,0.0
M1-S00211---- 10 001,ML09,Silica,OilWet,Silica_OilWet,L0_NEW_RECIPE_COLD_START,0,5,M1-S00211B--- 05 003;M1-T15760---- 06 002;M1-T15760B--- 01 003;M1-T15760---- 06 001;M1-T15760XP-- 01 003,0.974,INTERSECT_BRANCH_SIMILAR_RECIPE_ENGINEERING_BOUNDS,OBSERVATION_ONLY,SILICA_ROUTE_GLOBAL_FALLBACK,WITHIN_SAFE_BOUNDS,VALID_ROUTE_STAGES,NO_VALID_CANDIDATE,HIGH,False,0.0,12.31,0.0,78.0,19.0,59.0,0.0,0.0,0.0,0.0
M1-S00211---- 10 001,ML09,Silica,OilWet,Silica_OilWet,L0_NEW_RECIPE_COLD_START,0,5,M1-S00211B--- 05 003;M1-T15760---- 06 002;M1-T15760B--- 01 003;M1-T15760---- 06 001;M1-T15760XP-- 01 003,0.975,INTERSECT_BRANCH_SIMILAR_RECIPE_ENGINEERING_BOUNDS,OBSERVATION_ONLY,SILICA_ROUTE_GLOBAL_FALLBACK,WITHIN_SAFE_BOUNDS,VALID_ROUTE_STAGES,NO_VALID_CANDIDATE,HIGH,False,0.0,10.31,0.0,83.0,19.0,61.0,0.0,0.0,0.0,0.0
M1-S08156B1-- 01 004,ML07,Silica,OilWet,Silica_OilWet,L1_SIMILAR_RECIPE_REFERENCE,1,5,M1-S08156B1-- 01 003;M1-S08156---- 20 001;M1-S08156B1-- 01 005;M1-T05073XV-- 01 001;M1-T05073---- 06 007,0.998,INTERSECT_BRANCH_SIMILAR_RECIPE_ENGINEERING_BOUNDS,REFERENCE_ONLY,EXACT_RECIPE_MIXER_ROUTE,WITHIN_SAFE_BOUNDS,VALID_ROUTE_STAGES,NO_VALID_CANDIDATE,HIGH,False,0.0,-4.89,0.0,44.0,16.0,25.0,0.0,0.0,0.0,0.0
M1-B15563R1-- 03 002,MB02,CarbonBlack,OilWet,CarbonBlack_OilWet,L0_NEW_RECIPE_COLD_START,0,5,M1-B00458---- 12 008;M1-B00458XV-- 01 002;M1-B00458B1-- 02 003;M1-B00458---- 12 003;M1-B00458---- 12 007,0.884,INTERSECT_BRANCH_SIMILAR_RECIPE_ENGINEERING_BOUNDS,OBSERVATION_ONLY,UNAVAILABLE,UNAVAILABLE,UNAVAILABLE,REJECTED,LOW,True,0.0,0.0,0.0,0.0,0.0,0.0,-39.0,-5.0,0.0,-103.0
M1-B15563R1-- 03 002,MB02,CarbonBlack,OilWet,CarbonBlack_OilWet,L0_NEW_RECIPE_COLD_START,0,5,M1-B00458---- 12 008;M1-B00458XV-- 01 002;M1-B00458B1-- 02 003;M1-B00458---- 12 003;M1-B00458---- 12 007,0.885,INTERSECT_BRANCH_SIMILAR_RECIPE_ENGINEERING_BOUNDS,OBSERVATION_ONLY,UNAVAILABLE,UNAVAILABLE,UNAVAILABLE,REJECTED,LOW,True,0.0,0.0,0.0,0.0,0.0,0.0,-40.0,-21.0,0.0,-102.0
M1-B15563R1-- 03 002,MB02,CarbonBlack,OilWet,CarbonBlack_OilWet,L0_NEW_RECIPE_COLD_START,0,5,M1-B00458---- 12 008;M1-B00458XV-- 01 002;M1-B00458B1-- 02 003;M1-B00458---- 12 003;M1-B00458---- 12 007,0.884,INTERSECT_BRANCH_SIMILAR_RECIPE_ENGINEERING_BOUNDS,OBSERVATION_ONLY,UNAVAILABLE,UNAVAILABLE,UNAVAILABLE,REJECTED,LOW,True,0.0,0.0,0.0,0.0,0.0,0.0,-39.0,-21.0,0.0,-102.0
M1-S08156B1-- 01 004,ML07,Silica,OilWet,Silica_OilWet,L1_SIMILAR_RECIPE_REFERENCE,1,5,M1-S08156B1-- 01 003;M1-S08156---- 20 001;M1-S08156B1-- 01 005;M1-T05073XV-- 01 001;M1-T05073---- 06 007,0.994,INTERSECT_BRANCH_SIMILAR_RECIPE_ENGINEERING_BOUNDS,REFERENCE_ONLY,EXACT_RECIPE_MIXER_ROUTE,WITHIN_SAFE_BOUNDS,VALID_ROUTE_STAGES,NO_VALID_CANDIDATE,HIGH,False,0.0,0.62,0.0,40.0,15.0,46.0,0.0,0.0,0.0,0.0
M1-S08156B1-- 01 004,ML07,Silica,OilWet,Silica_OilWet,L1_SIMILAR_RECIPE_REFERENCE,1,5,M1-S08156B1-- 01 003;M1-S08156---- 20 001;M1-S08156B1-- 01 005;M1-T05073XV-- 01 001;M1-T05073---- 06 007,0.994,INTERSECT_BRANCH_SIMILAR_RECIPE_ENGINEERING_BOUNDS,REFERENCE_ONLY,EXACT_RECIPE_MIXER_ROUTE,WITHIN_SAFE_BOUNDS,VALID_ROUTE_STAGES,NO_VALID_CANDIDATE,HIGH,False,0.0,-2.88,0.0,43.0,17.0,46.0,0.0,0.0,0.0,0.0
M1-T00011B2-- 23 003,ML10,Silica,OilWet,Silica_OilWet,L1_SIMILAR_RECIPE_REFERENCE,1,5,M1-T00011B2-- 23 005;M1-T00011-M-- 01 004;M1-T00011B2-- 23 006;M1-T00011-M-- 01 003;M1-T01139-M-- 01 003,0.993,INTERSECT_BRANCH_SIMILAR_RECIPE_ENGINEERING_BOUNDS,REFERENCE_ONLY,EXACT_RECIPE_MIXER_ROUTE,WITHIN_SAFE_BOUNDS,VALID_ROUTE_STAGES,NO_VALID_CANDIDATE,HIGH,False,0.0,10.01,0.0,8.0,45.0,93.0,0.0,0.0,0.0,0.0
M1-T01139-A-- 02 001,MB02,Silica,OilWet,Silica_OilWet,L0_NEW_RECIPE_COLD_START,0,5,M1-T17054---- 02 007;M1-T17054---- 02 006;M1-T00011B2-- 14 001;M1-T00011B2-- 14 004;M1-T00011B2-- 21 001,0.801,INTERSECT_BRANCH_SIMILAR_RECIPE_ENGINEERING_BOUNDS,OBSERVATION_ONLY,SILICA_ROUTE_GLOBAL_FALLBACK,WITHIN_SAFE_BOUNDS,VALID_ROUTE_STAGES,RECOMMENDED,HIGH,False,0.61,16.67,0.0,46.0,28.9,104.0,0.0,41.0,-10.1,-19.0
M1-T01139-A-- 02 001,MB02,Silica,OilWet,Silica_OilWet,L0_NEW_RECIPE_COLD_START,0,5,M1-T17054---- 02 007;M1-T17054---- 02 006;M1-T00011B2-- 14 001;M1-T00011B2-- 14 004;M1-T00011B2-- 21 001,0.801,INTERSECT_BRANCH_SIMILAR_RECIPE_ENGINEERING_BOUNDS,OBSERVATION_ONLY,SILICA_ROUTE_GLOBAL_FALLBACK,WITHIN_SAFE_BOUNDS,VALID_ROUTE_STAGES,RECOMMENDED,HIGH,False,5.69,15.92,0.0,54.8,37.4,79.4,0.0,49.8,2.4,-43.6
M1-T01139-A-- 02 001,MB02,Silica,OilWet,Silica_OilWet,L0_NEW_RECIPE_COLD_START,0,5,M1-T17054---- 02 007;M1-T17054---- 02 006;M1-T00011B2-- 14 001;M1-T00011B2-- 14 004;M1-T00011B2-- 21 001,0.802,INTERSECT_BRANCH_SIMILAR_RECIPE_ENGINEERING_BOUNDS,OBSERVATION_ONLY,SILICA_ROUTE_GLOBAL_FALLBACK,WITHIN_SAFE_BOUNDS,VALID_ROUTE_STAGES,RECOMMENDED,HIGH,False,5.76,13.55,0.0,53.7,39.4,77.6,0.0,48.7,-0.6,-43.4
M1-S08156---- 20 002,ML07,Silica,OilWet,Silica_OilWet,L0_NEW_RECIPE_COLD_START,0,5,M1-S08156---- 20 001;M1-S08156B1-- 01 005;M1-S08156B1-- 01 004;M1-S08156B1-- 01 003;M1-T05073XV-- 01 001,0.99,INTERSECT_BRANCH_SIMILAR_RECIPE_ENGINEERING_BOUNDS,OBSERVATION_ONLY,SILICA_ROUTE_GLOBAL_FALLBACK,WITHIN_SAFE_BOUNDS,VALID_ROUTE_STAGES,NO_VALID_CANDIDATE,HIGH,False,0.0,6.85,0.0,47.0,21.0,47.0,0.0,0.0,0.0,0.0
M1-S08156---- 20 002,ML07,Silica,OilWet,Silica_OilWet,L0_NEW_RECIPE_COLD_START,0,5,M1-S08156---- 20 001;M1-S08156B1-- 01 005;M1-S08156B1-- 01 004;M1-S08156B1-- 01 003;M1-T05073XV-- 01 001,0.989,INTERSECT_BRANCH_SIMILAR_RECIPE_ENGINEERING_BOUNDS,OBSERVATION_ONLY,SILICA_ROUTE_GLOBAL_FALLBACK,WITHIN_SAFE_BOUNDS,VALID_ROUTE_STAGES,NO_VALID_CANDIDATE,HIGH,False,0.0,5.17,0.0,47.0,21.0,47.0,0.0,0.0,0.0,0.0
M1-S08156---- 20 002,ML07,Silica,OilWet,Silica_OilWet,L0_NEW_RECIPE_COLD_START,0,5,M1-S08156---- 20 001;M1-S08156B1-- 01 005;M1-S08156B1-- 01 004;M1-S08156B1-- 01 003;M1-T05073XV-- 01 001,0.989,INTERSECT_BRANCH_SIMILAR_RECIPE_ENGINEERING_BOUNDS,OBSERVATION_ONLY,SILICA_ROUTE_GLOBAL_FALLBACK,WITHIN_SAFE_BOUNDS,VALID_ROUTE_STAGES,REJECTED_NEGATIVE_OR_ZERO_SAVING,HIGH,False,0.0,4.08,0.0,46.0,21.0,46.0,0.0,0.0,0.0,0.0
M1-A06441R1-- 04 001,MB02,CarbonBlack,OilWet,CarbonBlack_OilWet,L1_SIMILAR_RECIPE_REFERENCE,5,5,M1-A06441R2-- 01 005;M1-R00037W9-- 03 001;M1-A00268R2-- 05 001;M1-A00268R2-- 05 006;M1-A00268R2-- 05 003,0.98,INTERSECT_BRANCH_SIMILAR_RECIPE_ENGINEERING_BOUNDS,REFERENCE_ONLY,EXACT_RECIPE_MIXER_ROUTE,WITHIN_SAFE_BOUNDS,VALID_ROUTE_STAGES,NO_VALID_CANDIDATE,MEDIUM,False,0.0,-10.71,48.0,29.0,0.0,104.0,0.0,0.0,0.0,0.0
M1-M08161Y--- 02 011,MB02,CarbonBlack,OilWet,CarbonBlack_OilWet,L0_NEW_RECIPE_COLD_START,0,5,M1-M08161X3-- 01 001;M1-A44268---- 01 002;M1-B00163R4-- 01 003;M1-B00163XV-- 01 001;M1-A00205W4-- 01 001,0.912,INTERSECT_BRANCH_SIMILAR_RECIPE_ENGINEERING_BOUNDS,OBSERVATION_ONLY,UNAVAILABLE,UNAVAILABLE,UNAVAILABLE,REJECTED,LOW,True,0.0,0.0,0.0,0.0,0.0,0.0,-45.0,-5.0,0.0,-50.0
M1-M08161Y--- 02 011,MB02,CarbonBlack,OilWet,CarbonBlack_OilWet,L0_NEW_RECIPE_COLD_START,0,5,M1-M08161X3-- 01 001;M1-A44268---- 01 002;M1-B00163R4-- 01 003;M1-B00163XV-- 01 001;M1-A00205W4-- 01 001,0.912,INTERSECT_BRANCH_SIMILAR_RECIPE_ENGINEERING_BOUNDS,OBSERVATION_ONLY,UNAVAILABLE,UNAVAILABLE,UNAVAILABLE,REJECTED,LOW,True,0.0,0.0,0.0,0.0,0.0,0.0,-47.0,-5.0,0.0,-48.0
M1-M08161Y--- 02 011,MB02,CarbonBlack,OilWet,CarbonBlack_OilWet,L0_NEW_RECIPE_COLD_START,0,5,M1-M08161X3-- 01 001;M1-A44268---- 01 002;M1-B00163R4-- 01 003;M1-B00163XV-- 01 001;M1-A00205W4-- 01 001,0.912,INTERSECT_BRANCH_SIMILAR_RECIPE_ENGINEERING_BOUNDS,OBSERVATION_ONLY,UNAVAILABLE,UNAVAILABLE,UNAVAILABLE,REJECTED,LOW,True,0.0,0.0,0.0,0.0,0.0,0.0,-49.0,-5.0,0.0,-50.0
M1-T00011B2-- 22 004,MB03,Silica,OilWet,Silica_OilWet,L0_NEW_RECIPE_COLD_START,0,5,M1-T00011B2-- 22 005;M1-T00011B8-- 01 001;M1-T00011B8-- 01 004;M1-T00011XZ-- 04 002;M1-T00011B2-- 16 004,0.984,INTERSECT_BRANCH_SIMILAR_RECIPE_ENGINEERING_BOUNDS,OBSERVATION_ONLY,SILICA_ROUTE_GLOBAL_FALLBACK,WITHIN_SAFE_BOUNDS,VALID_ROUTE_STAGES,REJECTED_NEGATIVE_OR_ZERO_SAVING,HIGH,False,0.0,-13.11,0.0,14.0,81.0,37.0,0.0,0.0,0.0,0.0
M1-T00011B2-- 22 004,MB03,Silica,OilWet,Silica_OilWet,L0_NEW_RECIPE_COLD_START,0,5,M1-T00011XZ-- 04 002;M1-T00011B2-- 16 004;M1-T00011B8-- 01 004;M1-T00011B2-- 16 001;M1-T00011B2-- 22 005,0.98,INTERSECT_BRANCH_SIMILAR_RECIPE_ENGINEERING_BOUNDS,OBSERVATION_ONLY,SILICA_ROUTE_GLOBAL_FALLBACK,WITHIN_SAFE_BOUNDS,VALID_ROUTE_STAGES,NO_VALID_CANDIDATE,LOW,False,0.0,-1.32,0.0,29.0,17.0,51.0,0.0,0.0,0.0,0.0
M1-T00011B2-- 22 004,MB03,Silica,OilWet,Silica_OilWet,L0_NEW_RECIPE_COLD_START,0,5,M1-T00011XZ-- 04 002;M1-T00011B2-- 16 004;M1-T00011B8-- 01 004;M1-T00011B2-- 16 001;M1-T00011B2-- 22 005,0.98,INTERSECT_BRANCH_SIMILAR_RECIPE_ENGINEERING_BOUNDS,OBSERVATION_ONLY,SILICA_ROUTE_GLOBAL_FALLBACK,WITHIN_SAFE_BOUNDS,VALID_ROUTE_STAGES,NO_VALID_CANDIDATE,LOW,False,0.0,-14.76,0.0,9.0,32.0,50.0,0.0,0.0,0.0,0.0
M1-B00460B--- 04 009,ML10,CarbonBlack,OilWet,CarbonBlack_OilWet,L1_SIMILAR_RECIPE_REFERENCE,2,5,M1-B00460B--- 04 007;M1-B00460XP-- 02 001;M1-B00460B--- 04 002;M1-B00460-M-- 01 003;M1-B00460B--- 04 001,0.982,INTERSECT_BRANCH_SIMILAR_RECIPE_ENGINEERING_BOUNDS,REFERENCE_ONLY,EXACT_RECIPE_MIXER_ROUTE,NOT_CHECKED,ZERO_EFFECTIVE_DURATIONS,NO_VALID_CANDIDATE,LOW,True,0.0,-3.74,24.0,29.0,0.0,137.0,0.0,0.0,0.0,0.0
M1-B00460B--- 04 009,ML10,CarbonBlack,OilWet,CarbonBlack_OilWet,L1_SIMILAR_RECIPE_REFERENCE,2,5,M1-B00460XP-- 02 001;M1-B00460B--- 04 007;M1-B00460B--- 04 002;M1-B00460-M-- 01 003;M1-B00460B--- 04 001,0.981,INTERSECT_BRANCH_SIMILAR_RECIPE_ENGINEERING_BOUNDS,REFERENCE_ONLY,EXACT_RECIPE_MIXER_ROUTE,NOT_CHECKED,ZERO_EFFECTIVE_DURATIONS,NO_VALID_CANDIDATE,LOW,True,0.0,-5.34,24.0,31.0,0.0,138.0,0.0,0.0,0.0,0.0
M1-T19327---- 01 003,ML07,Silica,OilWet,Silica_OilWet,L1_SIMILAR_RECIPE_REFERENCE,1,5,M1-T19327---- 01 004;M1-T19327---- 01 005;M1-T15611W2-- 01 001;M1-T15760---- 08 001;M1-T16455---- 06 001,0.982,INTERSECT_BRANCH_SIMILAR_RECIPE_ENGINEERING_BOUNDS,REFERENCE_ONLY,EXACT_RECIPE_MIXER_ROUTE,NOT_CHECKED,ZERO_EFFECTIVE_DURATIONS,NO_VALID_CANDIDATE,LOW,False,0.0,9.31,0.0,83.0,85.0,81.0,0.0,0.0,0.0,0.0
M1-T19327---- 01 003,ML07,Silica,OilWet,Silica_OilWet,L1_SIMILAR_RECIPE_REFERENCE,1,5,M1-T19327---- 01 004;M1-T19327---- 01 005;M1-T15611W2-- 01 001;M1-T15760---- 08 001;M1-T16455---- 06 001,0.982,INTERSECT_BRANCH_SIMILAR_RECIPE_ENGINEERING_BOUNDS,REFERENCE_ONLY,EXACT_RECIPE_MIXER_ROUTE,NOT_CHECKED,ZERO_EFFECTIVE_DURATIONS,NO_VALID_CANDIDATE,LOW,True,0.0,7.76,0.0,81.0,80.0,81.0,0.0,0.0,0.0,0.0
M1-B00460B--- 04 009,ML10,CarbonBlack,OilWet,CarbonBlack_OilWet,L1_SIMILAR_RECIPE_REFERENCE,2,5,M1-B00460B--- 04 007;M1-B00460B--- 04 002;M1-B00460B--- 04 001;M1-B00460XP-- 02 001;M1-B00460B--- 04 004,0.987,INTERSECT_BRANCH_SIMILAR_RECIPE_ENGINEERING_BOUNDS,REFERENCE_ONLY,EXACT_RECIPE_MIXER_ROUTE,NOT_CHECKED,ZERO_EFFECTIVE_DURATIONS,NO_VALID_CANDIDATE,LOW,True,0.0,-3.13,24.0,34.0,0.0,136.0,0.0,0.0,0.0,0.0
M1-T10035B6-- 03 002,MB02,Silica,OilWet,Silica_OilWet,L0_NEW_RECIPE_COLD_START,0,5,M1-T10035B7-- 02 001;M1-T17054B--- 01 001;M1-S08156---- 18 001;M1-T00011B2-- 14 004;M1-T00011B2-- 14 001,0.944,INTERSECT_BRANCH_SIMILAR_RECIPE_ENGINEERING_BOUNDS,OBSERVATION_ONLY,SILICA_ROUTE_GLOBAL_FALLBACK,WITHIN_SAFE_BOUNDS,VALID_ROUTE_STAGES,RECOMMENDED,HIGH,False,6.08,12.91,0.0,59.4,30.2,108.1,0.0,19.4,3.2,-45.9
M1-T10035B6-- 03 002,MB02,Silica,OilWet,Silica_OilWet,L0_NEW_RECIPE_COLD_START,0,5,M1-T10035B7-- 02 001;M1-T17054B--- 01 001;M1-S08156---- 18 001;M1-T00011B2-- 14 004;M1-T00011B2-- 14 001,0.945,INTERSECT_BRANCH_SIMILAR_RECIPE_ENGINEERING_BOUNDS,OBSERVATION_ONLY,SILICA_ROUTE_GLOBAL_FALLBACK,WITHIN_SAFE_BOUNDS,VALID_ROUTE_STAGES,RECOMMENDED,HIGH,False,9.58,10.67,0.0,66.7,33.0,81.6,0.0,31.7,5.0,-70.4
M1-B00163---- 08 008,MB02,CarbonBlack,OilWet,CarbonBlack_OilWet,L1_SIMILAR_RECIPE_REFERENCE,1,5,M1-B00163---- 08 005;M1-B00163---- 08 007;M1-B00163XV-- 01 003;M1-B00163XV-- 01 004;M1-B00163XV-- 01 002,0.913,INTERSECT_BRANCH_SIMILAR_RECIPE_ENGINEERING_BOUNDS,REFERENCE_ONLY,EXACT_RECIPE_MIXER_ROUTE,WITHIN_SAFE_BOUNDS,VALID_ROUTE_STAGES,NO_VALID_CANDIDATE,HIGH,False,0.0,-0.03,34.0,36.0,0.0,115.0,0.0,0.0,0.0,0.0
M1-T19012W--- 01 001,ML09,Silica,OilWet,Silica_OilWet,L0_NEW_RECIPE_COLD_START,0,5,M1-T19012X1-- 01 004;M1-T19012X1-- 01 007;M1-T19012---- 01 006;M1-T19012---- 01 004;M1-T33025XA-- 01 002,0.953,INTERSECT_BRANCH_SIMILAR_RECIPE_ENGINEERING_BOUNDS,OBSERVATION_ONLY,SILICA_ROUTE_GLOBAL_FALLBACK,WITHIN_SAFE_BOUNDS,VALID_ROUTE_STAGES,NO_VALID_CANDIDATE,LOW,True,0.0,8.37,0.0,113.0,109.0,46.0,0.0,0.0,0.0,0.0
M1-T19012W--- 01 001,ML09,Silica,OilWet,Silica_OilWet,L0_NEW_RECIPE_COLD_START,0,5,M1-T19012X1-- 01 004;M1-T19012X1-- 01 007;M1-T19012---- 01 006;M1-T19012---- 01 004;M1-T33025XA-- 01 002,0.951,INTERSECT_BRANCH_SIMILAR_RECIPE_ENGINEERING_BOUNDS,OBSERVATION_ONLY,SILICA_ROUTE_GLOBAL_FALLBACK,WITHIN_SAFE_BOUNDS,VALID_ROUTE_STAGES,NO_VALID_CANDIDATE,LOW,True,0.0,7.43,0.0,108.0,109.0,47.0,0.0,0.0,0.0,0.0
M1-T19012W--- 01 001,ML09,Silica,OilWet,Silica_OilWet,L0_NEW_RECIPE_COLD_START,0,5,M1-T19012X1-- 01 004;M1-T19012X1-- 01 007;M1-T19012---- 01 006;M1-T19012---- 01 004;M1-T33025XA-- 01 002,0.954,INTERSECT_BRANCH_SIMILAR_RECIPE_ENGINEERING_BOUNDS,OBSERVATION_ONLY,SILICA_ROUTE_GLOBAL_FALLBACK,WITHIN_SAFE_BOUNDS,VALID_ROUTE_STAGES,NO_VALID_CANDIDATE,LOW,True,0.0,4.8,0.0,117.0,108.0,47.0,0.0,0.0,0.0,0.0
M1-T00011XV-- 03 004,ML10,Silica,OilWet,Silica_OilWet,L0_NEW_RECIPE_COLD_START,0,5,M1-T00011B2-- 23 003;M1-T00011-M-- 01 004;M1-T00011B2-- 23 005;M1-T00011B2-- 23 006;M1-T00011-M-- 01 003,0.989,INTERSECT_BRANCH_SIMILAR_RECIPE_ENGINEERING_BOUNDS,OBSERVATION_ONLY,SILICA_ROUTE_GLOBAL_FALLBACK,WITHIN_SAFE_BOUNDS,VALID_ROUTE_STAGES,NO_VALID_CANDIDATE,MEDIUM,False,0.0,18.45,0.0,24.0,24.0,104.0,0.0,0.0,0.0,0.0
M1-R00037---- 12 001,MB03,CarbonBlack,OilWet,CarbonBlack_OilWet,L1_SIMILAR_RECIPE_REFERENCE,1,5,M1-R00037W9-- 01 001;M1-R00037W9-- 01 002;M1-R00037W9-- 01 004;M1-R00037XE-- 02 005;M1-A16404B--- 01 002,0.994,INTERSECT_BRANCH_SIMILAR_RECIPE_ENGINEERING_BOUNDS,REFERENCE_ONLY,EXACT_RECIPE_MIXER_ROUTE,NOT_CHECKED,ZERO_EFFECTIVE_DURATIONS,NO_VALID_CANDIDATE,LOW,False,0.0,2.82,29.0,19.0,0.0,160.0,0.0,0.0,0.0,0.0
M1-R00037---- 12 001,MB03,CarbonBlack,OilWet,CarbonBlack_OilWet,L1_SIMILAR_RECIPE_REFERENCE,1,5,M1-R00037W9-- 01 001;M1-R00037W9-- 01 002;M1-R00037W9-- 01 004;M1-R00037XE-- 02 005;M1-A16404B--- 01 002,0.995,INTERSECT_BRANCH_SIMILAR_RECIPE_ENGINEERING_BOUNDS,REFERENCE_ONLY,EXACT_RECIPE_MIXER_ROUTE,NOT_CHECKED,ZERO_EFFECTIVE_DURATIONS,NO_VALID_CANDIDATE,LOW,False,0.0,0.81,38.0,16.0,0.0,160.0,0.0,0.0,0.0,0.0
M1-R00037---- 12 001,MB03,CarbonBlack,OilWet,CarbonBlack_OilWet,L1_SIMILAR_RECIPE_REFERENCE,1,5,M1-R00037W9-- 01 001;M1-R00037W9-- 01 002;M1-R00037W9-- 01 004;M1-R00037XE-- 02 005;M1-A16404B--- 01 002,0.996,INTERSECT_BRANCH_SIMILAR_RECIPE_ENGINEERING_BOUNDS,REFERENCE_ONLY,EXACT_RECIPE_MIXER_ROUTE,NOT_CHECKED,ZERO_EFFECTIVE_DURATIONS,NO_VALID_CANDIDATE,LOW,False,0.0,0.95,39.0,16.0,0.0,160.0,0.0,0.0,0.0,0.0
M1-T15215---- 08 005,ML07,Silica,NoOilDry,Silica_NoOilDry,L0_NEW_RECIPE_COLD_START,0,5,M1-T15215---- 08 007;M1-T13127---- 09 004;M1-T13127---- 09 007;M1-T13127---- 09 005;M1-T25088---- 06 003,0.982,INTERSECT_BRANCH_SIMILAR_RECIPE_ENGINEERING_BOUNDS,OBSERVATION_ONLY,SILICA_ROUTE_GLOBAL_FALLBACK,WITHIN_SAFE_BOUNDS,VALID_ROUTE_STAGES,NO_VALID_CANDIDATE,LOW,True,0.0,18.22,116.0,0.0,118.0,147.0,0.0,0.0,0.0,0.0
M1-T15215---- 08 005,ML07,Silica,NoOilDry,Silica_NoOilDry,L0_NEW_RECIPE_COLD_START,0,5,M1-T15215---- 08 007;M1-T13127---- 09 004;M1-T13127---- 09 007;M1-T13127---- 09 005;M1-T25088---- 06 003,0.982,INTERSECT_BRANCH_SIMILAR_RECIPE_ENGINEERING_BOUNDS,OBSERVATION_ONLY,SILICA_ROUTE_GLOBAL_FALLBACK,WITHIN_SAFE_BOUNDS,VALID_ROUTE_STAGES,NO_VALID_CANDIDATE,LOW,True,0.0,12.63,115.0,0.0,115.0,146.0,0.0,0.0,0.0,0.0
M1-T15215---- 08 005,ML07,Silica,NoOilDry,Silica_NoOilDry,L0_NEW_RECIPE_COLD_START,0,5,M1-T15215---- 08 007;M1-T13127---- 09 004;M1-T13127---- 09 007;M1-T13127---- 09 005;M1-T25088---- 06 003,0.982,INTERSECT_BRANCH_SIMILAR_RECIPE_ENGINEERING_BOUNDS,OBSERVATION_ONLY,SILICA_ROUTE_GLOBAL_FALLBACK,WITHIN_SAFE_BOUNDS,VALID_ROUTE_STAGES,NO_VALID_CANDIDATE,LOW,True,0.0,7.74,115.0,0.0,114.0,147.0,0.0,0.0,0.0,0.0
M1-T25045---- 08 004,ML09,Silica,NoOilDry,Silica_NoOilDry,L0_NEW_RECIPE_COLD_START,0,5,M1-T13127---- 16 004;M1-T25045---- 08 005;M1-T19808---- 01 001;M1-T14885B3-- 01 002;M1-T16734---- 07 001,0.98,INTERSECT_BRANCH_SIMILAR_RECIPE_ENGINEERING_BOUNDS,OBSERVATION_ONLY,SILICA_ROUTE_GLOBAL_FALLBACK,WITHIN_SAFE_BOUNDS,VALID_ROUTE_STAGES,NO_VALID_CANDIDATE,LOW,False,0.0,-12.49,104.0,0.0,44.0,93.0,0.0,0.0,0.0,0.0
M1-C10430---- 05 005,MB03,CarbonBlack,NoOilDry,CarbonBlack_NoOilDry,L1_SIMILAR_RECIPE_REFERENCE,2,5,M1-C10430---- 05 004;M1-C10430---- 05 003;M1-A03405R3-- 04 004;M1-A03405R3-- 04 003;M1-A03405X--- 01 001,0.979,INTERSECT_BRANCH_SIMILAR_RECIPE_ENGINEERING_BOUNDS,REFERENCE_ONLY,EXACT_RECIPE_MIXER_ROUTE,NOT_CHECKED,ZERO_EFFECTIVE_DURATIONS,NO_VALID_CANDIDATE,LOW,False,0.0,13.75,68.0,0.0,0.0,80.0,0.0,0.0,0.0,0.0
M1-C10430---- 05 005,MB03,CarbonBlack,NoOilDry,CarbonBlack_NoOilDry,L1_SIMILAR_RECIPE_REFERENCE,2,5,M1-C10430---- 05 004;M1-C10430---- 05 003;M1-A03405R3-- 04 004;M1-A03405R3-- 04 003;M1-A03405X--- 01 001,0.979,INTERSECT_BRANCH_SIMILAR_RECIPE_ENGINEERING_BOUNDS,REFERENCE_ONLY,EXACT_RECIPE_MIXER_ROUTE,NOT_CHECKED,ZERO_EFFECTIVE_DURATIONS,NO_VALID_CANDIDATE,LOW,False,0.0,11.39,67.0,0.0,0.0,81.0,0.0,0.0,0.0,0.0
M1-C10430---- 05 005,MB03,CarbonBlack,NoOilDry,CarbonBlack_NoOilDry,L1_SIMILAR_RECIPE_REFERENCE,2,5,M1-C10430---- 05 004;M1-C10430---- 05 003;M1-A03405R3-- 04 004;M1-A03405R3-- 04 003;M1-A03405X--- 01 001,0.979,INTERSECT_BRANCH_SIMILAR_RECIPE_ENGINEERING_BOUNDS,REFERENCE_ONLY,EXACT_RECIPE_MIXER_ROUTE,NOT_CHECKED,ZERO_EFFECTIVE_DURATIONS,NO_VALID_CANDIDATE,LOW,False,0.0,9.08,77.0,0.0,0.0,81.0,0.0,0.0,0.0,0.0
M1-T25045---- 08 004,ML09,Silica,NoOilDry,Silica_NoOilDry,L0_NEW_RECIPE_COLD_START,0,5,M1-T13127---- 16 004;M1-T25045---- 08 005;M1-T19808---- 01 001;M1-T14885B3-- 01 002;M1-T16734---- 07 001,0.98,INTERSECT_BRANCH_SIMILAR_RECIPE_ENGINEERING_BOUNDS,OBSERVATION_ONLY,SILICA_ROUTE_GLOBAL_FALLBACK,WITHIN_SAFE_BOUNDS,VALID_ROUTE_STAGES,NO_VALID_CANDIDATE,LOW,True,0.0,-1.79,111.0,0.0,61.0,83.0,0.0,0.0,0.0,0.0
M1-T25045---- 08 004,ML09,Silica,NoOilDry,Silica_NoOilDry,L0_NEW_RECIPE_COLD_START,0,5,M1-T13127---- 16 004;M1-T25045---- 08 005;M1-T19808---- 01 001;M1-T14885B3-- 01 002;M1-T16734---- 07 001,0.983,INTERSECT_BRANCH_SIMILAR_RECIPE_ENGINEERING_BOUNDS,OBSERVATION_ONLY,SILICA_ROUTE_GLOBAL_FALLBACK,WITHIN_SAFE_BOUNDS,VALID_ROUTE_STAGES,NO_VALID_CANDIDATE,HIGH,False,0.0,-22.42,122.0,0.0,58.0,99.0,0.0,0.0,0.0,0.0
M1-T11923---- 09 002,ML09,Silica,NoOilDry,Silica_NoOilDry,L0_NEW_RECIPE_COLD_START,0,5,M1-T14885B3-- 01 002;M1-T13127---- 16 004;M1-T19808---- 01 001;M1-T16734---- 07 001;M1-T25045---- 08 005,0.931,INTERSECT_BRANCH_SIMILAR_RECIPE_ENGINEERING_BOUNDS,OBSERVATION_ONLY,SILICA_ROUTE_GLOBAL_FALLBACK,WITHIN_SAFE_BOUNDS,VALID_ROUTE_STAGES,NO_VALID_CANDIDATE,LOW,True,0.0,7.75,112.0,0.0,49.0,80.0,0.0,0.0,0.0,0.0
M1-T11923---- 09 002,ML09,Silica,NoOilDry,Silica_NoOilDry,L0_NEW_RECIPE_COLD_START,0,5,M1-T14885B3-- 01 002;M1-T13127---- 16 004;M1-T19808---- 01 001;M1-T16734---- 07 001;M1-T25045---- 08 005,0.931,INTERSECT_BRANCH_SIMILAR_RECIPE_ENGINEERING_BOUNDS,OBSERVATION_ONLY,SILICA_ROUTE_GLOBAL_FALLBACK,WITHIN_SAFE_BOUNDS,VALID_ROUTE_STAGES,NO_VALID_CANDIDATE,LOW,True,0.0,3.37,112.0,0.0,48.0,75.0,0.0,0.0,0.0,0.0
M1-T11923---- 09 002,ML09,Silica,NoOilDry,Silica_NoOilDry,L0_NEW_RECIPE_COLD_START,0,5,M1-T14885B3-- 01 002;M1-T13127---- 16 004;M1-T19808---- 01 001;M1-T16734---- 07 001;M1-T25045---- 08 005,0.931,INTERSECT_BRANCH_SIMILAR_RECIPE_ENGINEERING_BOUNDS,OBSERVATION_ONLY,SILICA_ROUTE_GLOBAL_FALLBACK,WITHIN_SAFE_BOUNDS,VALID_ROUTE_STAGES,NO_VALID_CANDIDATE,LOW,True,0.0,2.9,111.0,0.0,47.0,76.0,0.0,0.0,0.0,0.0
M1-T25045-M-- 01 001,ML10,Silica,NoOilDry,Silica_NoOilDry,L0_NEW_RECIPE_COLD_START,0,5,M1-T13127---- 09 005;M1-T13127---- 16 004;M1-T19808---- 01 001;M1-T13127---- 09 004;M1-T13127---- 09 007,0.986,INTERSECT_BRANCH_SIMILAR_RECIPE_ENGINEERING_BOUNDS,OBSERVATION_ONLY,SILICA_ROUTE_GLOBAL_FALLBACK,WITHIN_SAFE_BOUNDS,VALID_ROUTE_STAGES,NO_VALID_CANDIDATE,MEDIUM,False,0.0,8.85,134.0,0.0,32.0,97.0,0.0,0.0,0.0,0.0
M1-R00218W1-- 01 003,ML05,CarbonBlack,NoOilDry,CarbonBlack_NoOilDry,L0_NEW_RECIPE_COLD_START,0,5,M1-R00218W5-- 01 001;M1-R00218W5-- 01 004;M1-R00218W2-- 10 004;M1-R00218W2-- 10 005;M1-R00218W1-- 01 002,0.973,INTERSECT_BRANCH_SIMILAR_RECIPE_ENGINEERING_BOUNDS,OBSERVATION_ONLY,UNAVAILABLE,UNAVAILABLE,UNAVAILABLE,REJECTED,LOW,True,0.0,0.0,0.0,0.0,0.0,0.0,-86.0,0.0,0.0,-203.0
M1-R00218W1-- 01 003,ML05,CarbonBlack,NoOilDry,CarbonBlack_NoOilDry,L0_NEW_RECIPE_COLD_START,0,5,M1-R00218W5-- 01 001;M1-R00218W5-- 01 004;M1-R00218W2-- 10 004;M1-R00218W2-- 10 005;M1-R00218W1-- 01 002,0.973,INTERSECT_BRANCH_SIMILAR_RECIPE_ENGINEERING_BOUNDS,OBSERVATION_ONLY,UNAVAILABLE,UNAVAILABLE,UNAVAILABLE,REJECTED,LOW,True,0.0,0.0,0.0,0.0,0.0,0.0,-86.0,0.0,0.0,-186.0
M1-R00218W1-- 01 003,ML05,CarbonBlack,NoOilDry,CarbonBlack_NoOilDry,L0_NEW_RECIPE_COLD_START,0,5,M1-R00218W5-- 01 001;M1-R00218W5-- 01 004;M1-R00218W2-- 10 004;M1-R00218W2-- 10 005;M1-R00218W1-- 01 002,0.973,INTERSECT_BRANCH_SIMILAR_RECIPE_ENGINEERING_BOUNDS,OBSERVATION_ONLY,UNAVAILABLE,UNAVAILABLE,UNAVAILABLE,REJECTED,LOW,True,0.0,0.0,0.0,0.0,0.0,0.0,-85.0,0.0,0.0,-184.0
M1-T25045-M-- 01 001,ML10,Silica,NoOilDry,Silica_NoOilDry,L0_NEW_RECIPE_COLD_START,0,5,M1-T13127---- 09 005;M1-T13127---- 16 004;M1-T19808---- 01 001;M1-T13127---- 09 004;M1-T13127---- 09 007,0.988,INTERSECT_BRANCH_SIMILAR_RECIPE_ENGINEERING_BOUNDS,OBSERVATION_ONLY,SILICA_ROUTE_GLOBAL_FALLBACK,WITHIN_SAFE_BOUNDS,VALID_ROUTE_STAGES,NO_VALID_CANDIDATE,HIGH,False,0.0,2.5,126.0,0.0,31.0,102.0,0.0,0.0,0.0,0.0
M1-T25045-M-- 01 001,ML10,Silica,NoOilDry,Silica_NoOilDry,L0_NEW_RECIPE_COLD_START,0,5,M1-T13127---- 09 005;M1-T13127---- 16 004;M1-T19808---- 01 001;M1-T13127---- 09 004;M1-T13127---- 09 007,0.987,INTERSECT_BRANCH_SIMILAR_RECIPE_ENGINEERING_BOUNDS,OBSERVATION_ONLY,SILICA_ROUTE_GLOBAL_FALLBACK,WITHIN_SAFE_BOUNDS,VALID_ROUTE_STAGES,RECOMMENDED,HIGH,False,4.67,8.23,118.0,0.0,43.7,72.3,-7.0,0.0,12.7,-24.7
M1-T13127---- 19 001,ML10,Silica,NoOilDry,Silica_NoOilDry,L0_NEW_RECIPE_COLD_START,0,5,M1-T13127---- 16 004;M1-T13127---- 09 005;M1-T13127---- 09 004;M1-T25045---- 08 005;M1-T13127---- 09 007,0.995,INTERSECT_BRANCH_SIMILAR_RECIPE_ENGINEERING_BOUNDS,OBSERVATION_ONLY,SILICA_ROUTE_GLOBAL_FALLBACK,WITHIN_SAFE_BOUNDS,VALID_ROUTE_STAGES,NO_VALID_CANDIDATE,HIGH,False,0.0,11.84,169.0,0.0,34.0,96.0,0.0,0.0,0.0,0.0
M1-T14885---- 17 002,ML07,Silica,NoOilDry,Silica_NoOilDry,L0_NEW_RECIPE_COLD_START,0,5,M1-T14885---- 17 001;M1-T14885B3-- 04 003;M1-T14885B3-- 04 002;M1-T13127---- 09 007;M1-T01102W2-- 01 008,0.984,INTERSECT_BRANCH_SIMILAR_RECIPE_ENGINEERING_BOUNDS,OBSERVATION_ONLY,SILICA_ROUTE_GLOBAL_FALLBACK,WITHIN_SAFE_BOUNDS,VALID_ROUTE_STAGES,NO_VALID_CANDIDATE,HIGH,False,0.0,-9.9,133.0,0.0,69.0,137.0,0.0,0.0,0.0,0.0
M1-T14885---- 17 002,ML07,Silica,NoOilDry,Silica_NoOilDry,L0_NEW_RECIPE_COLD_START,0,5,M1-T14885---- 17 001;M1-T14885B3-- 04 003;M1-T14885B3-- 04 002;M1-T13127---- 09 007;M1-T01102W2-- 01 008,0.984,INTERSECT_BRANCH_SIMILAR_RECIPE_ENGINEERING_BOUNDS,OBSERVATION_ONLY,SILICA_ROUTE_GLOBAL_FALLBACK,WITHIN_SAFE_BOUNDS,VALID_ROUTE_STAGES,REJECTED_NEGATIVE_OR_ZERO_SAVING,HIGH,False,0.0,-18.75,164.0,0.0,73.0,137.0,0.0,0.0,0.0,0.0
M1-T14885---- 17 002,ML07,Silica,NoOilDry,Silica_NoOilDry,L0_NEW_RECIPE_COLD_START,0,5,M1-T14885---- 17 001;M1-T14885B3-- 04 002;M1-T14885B3-- 04 003;M1-T13127---- 09 007;M1-T01102W2-- 01 008,0.984,INTERSECT_BRANCH_SIMILAR_RECIPE_ENGINEERING_BOUNDS,OBSERVATION_ONLY,SILICA_ROUTE_GLOBAL_FALLBACK,WITHIN_SAFE_BOUNDS,VALID_ROUTE_STAGES,NO_VALID_CANDIDATE,HIGH,False,0.0,-14.24,141.0,0.0,72.0,137.0,0.0,0.0,0.0,0.0
M1-T18191---- 01 003,ML09,Silica,NoOilDry,Silica_NoOilDry,L0_NEW_RECIPE_COLD_START,0,5,M1-T13127---- 16 004;M1-T25045---- 08 005;M1-T16734---- 07 001;M1-T19808---- 01 001;M1-T14885B3-- 01 002,0.913,INTERSECT_BRANCH_SIMILAR_RECIPE_ENGINEERING_BOUNDS,OBSERVATION_ONLY,SILICA_ROUTE_GLOBAL_FALLBACK,WITHIN_SAFE_BOUNDS,VALID_ROUTE_STAGES,NO_VALID_CANDIDATE,LOW,True,0.0,13.75,237.0,0.0,125.0,109.0,0.0,0.0,0.0,0.0
M1-T18191---- 01 003,ML09,Silica,NoOilDry,Silica_NoOilDry,L0_NEW_RECIPE_COLD_START,0,5,M1-T13127---- 16 004;M1-T25045---- 08 005;M1-T16734---- 07 001;M1-T19808---- 01 001;M1-T14885B3-- 01 002,0.913,INTERSECT_BRANCH_SIMILAR_RECIPE_ENGINEERING_BOUNDS,OBSERVATION_ONLY,SILICA_ROUTE_GLOBAL_FALLBACK,WITHIN_SAFE_BOUNDS,VALID_ROUTE_STAGES,NO_VALID_CANDIDATE,LOW,True,0.0,19.68,249.0,0.0,106.0,111.0,0.0,0.0,0.0,0.0
M1-T18191---- 01 003,ML09,Silica,NoOilDry,Silica_NoOilDry,L0_NEW_RECIPE_COLD_START,0,5,M1-T13127---- 16 004;M1-T25045---- 08 005;M1-T16734---- 07 001;M1-T19808---- 01 001;M1-T14885B3-- 01 002,0.912,INTERSECT_BRANCH_SIMILAR_RECIPE_ENGINEERING_BOUNDS,OBSERVATION_ONLY,SILICA_ROUTE_GLOBAL_FALLBACK,WITHIN_SAFE_BOUNDS,VALID_ROUTE_STAGES,NO_VALID_CANDIDATE,LOW,True,0.0,18.89,227.0,0.0,134.0,108.0,0.0,0.0,0.0,0.0
M1-T16734---- 06 002,ML07,Silica,NoOilDry,Silica_NoOilDry,L0_NEW_RECIPE_COLD_START,0,5,M1-T16734---- 06 001;M1-T13127---- 09 007;M1-T16734---- 06 003;M1-T13127---- 09 004;M1-T13127---- 09 005,0.989,INTERSECT_BRANCH_SIMILAR_RECIPE_ENGINEERING_BOUNDS,OBSERVATION_ONLY,SILICA_ROUTE_GLOBAL_FALLBACK,WITHIN_SAFE_BOUNDS,VALID_ROUTE_STAGES,NO_VALID_CANDIDATE,LOW,False,0.0,13.71,154.0,0.0,57.0,82.0,0.0,0.0,0.0,0.0
M1-T16734---- 06 002,ML07,Silica,NoOilDry,Silica_NoOilDry,L0_NEW_RECIPE_COLD_START,0,5,M1-T16734---- 06 001;M1-T13127---- 09 007;M1-T16734---- 06 003;M1-T13127---- 09 004;M1-T13127---- 09 005,0.988,INTERSECT_BRANCH_SIMILAR_RECIPE_ENGINEERING_BOUNDS,OBSERVATION_ONLY,SILICA_ROUTE_GLOBAL_FALLBACK,WITHIN_SAFE_BOUNDS,VALID_ROUTE_STAGES,NO_VALID_CANDIDATE,LOW,False,0.0,12.95,135.0,0.0,55.0,81.0,0.0,0.0,0.0,0.0
M1-T16734---- 06 002,ML07,Silica,NoOilDry,Silica_NoOilDry,L0_NEW_RECIPE_COLD_START,0,5,M1-T16734---- 06 001;M1-T13127---- 09 007;M1-T16734---- 06 003;M1-T13127---- 09 004;M1-T13127---- 09 005,0.989,INTERSECT_BRANCH_SIMILAR_RECIPE_ENGINEERING_BOUNDS,OBSERVATION_ONLY,SILICA_ROUTE_GLOBAL_FALLBACK,WITHIN_SAFE_BOUNDS,VALID_ROUTE_STAGES,NO_VALID_CANDIDATE,MEDIUM,False,0.0,10.44,139.0,0.0,49.0,81.0,0.0,0.0,0.0,0.0
M1-T26104---- 06 003,ML09,Silica,NoOilDry,Silica_NoOilDry,L1_SIMILAR_RECIPE_REFERENCE,4,5,M1-T26104---- 06 002;M1-T26104---- 06 001;M1-T25045---- 08 005;M1-T13127---- 16 004;M1-T19808---- 01 001,0.961,INTERSECT_BRANCH_SIMILAR_RECIPE_ENGINEERING_BOUNDS,REFERENCE_ONLY,EXACT_RECIPE_MIXER_ROUTE,NOT_CHECKED,ZERO_EFFECTIVE_DURATIONS,NO_VALID_CANDIDATE,HIGH,False,0.0,-26.82,114.0,0.0,26.0,68.0,0.0,0.0,0.0,0.0
M1-T26104---- 06 003,ML09,Silica,NoOilDry,Silica_NoOilDry,L1_SIMILAR_RECIPE_REFERENCE,4,5,M1-T26104---- 06 002;M1-T26104---- 06 001;M1-T25045---- 08 005;M1-T13127---- 16 004;M1-T19808---- 01 001,0.968,INTERSECT_BRANCH_SIMILAR_RECIPE_ENGINEERING_BOUNDS,REFERENCE_ONLY,EXACT_RECIPE_MIXER_ROUTE,NOT_CHECKED,ZERO_EFFECTIVE_DURATIONS,NO_VALID_CANDIDATE,LOW,False,0.0,-16.67,117.0,0.0,26.0,223.0,0.0,0.0,0.0,0.0
M1-T26104---- 06 003,ML09,Silica,NoOilDry,Silica_NoOilDry,L1_SIMILAR_RECIPE_REFERENCE,4,5,M1-T26104---- 06 002;M1-T26104---- 06 001;M1-T25045---- 08 005;M1-T13127---- 16 004;M1-T19808---- 01 001,0.968,INTERSECT_BRANCH_SIMILAR_RECIPE_ENGINEERING_BOUNDS,REFERENCE_ONLY,EXACT_RECIPE_MIXER_ROUTE,NOT_CHECKED,ZERO_EFFECTIVE_DURATIONS,NO_VALID_CANDIDATE,LOW,False,0.0,7.32,111.0,0.0,27.0,72.0,0.0,0.0,0.0,0.0
M1-T26104---- 01 005,ML07,Silica,NoOilDry,Silica_NoOilDry,L0_NEW_RECIPE_COLD_START,0,5,M1-T26104---- 01 004;M1-T26104---- 01 003;M1-T25045-V-- 02 002;M1-T25045-V-- 02 003;M1-T25045-V-- 02 004,0.96,INTERSECT_BRANCH_SIMILAR_RECIPE_ENGINEERING_BOUNDS,OBSERVATION_ONLY,SILICA_ROUTE_GLOBAL_FALLBACK,WITHIN_SAFE_BOUNDS,VALID_ROUTE_STAGES,NO_VALID_CANDIDATE,LOW,True,0.0,-22.19,141.0,0.0,31.0,70.0,0.0,0.0,0.0,0.0
