RecipeCode,recipe_code,material_system,phase_route,system_route_branch,MixerID,n_batches,mean_kwh_per_ton,p10_kwh_per_ton,p50_kwh_per_ton,p90_kwh_per_ton,best_10pct_energy_kwh_per_ton,worst_10pct_energy_kwh_per_ton,estimated_saving_potential,saving_potential
FMO-S00156XM-- 01 017,FMO-S00156XM-- 01 017,Silica,OilWet,Silica_OilWet,ML05,3,105.33,104.5,105.61,106.04,104.5,106.04,1.54,1.54
M1-A00205---- 09 001,M1-A00205---- 09 001,CarbonBlack,OilWet,CarbonBlack_OilWet,MB03,5,184.32,179.02,184.42,189.57,179.02,189.57,10.55,10.55
M1-A00205---- 09 003,M1-A00205---- 09 003,CarbonBlack,OilWet,CarbonBlack_OilWet,MB03,4,214.05,210.21,211.54,219.9,210.21,219.9,9.69,9.69
M1-A00205W3-- 03 002,M1-A00205W3-- 03 002,CarbonBlack,OilWet,CarbonBlack_OilWet,MB02,54,111.86,105.55,112.31,116.42,105.55,116.42,10.87,10.87
M1-A00205W3-- 03 003,M1-A00205W3-- 03 003,CarbonBlack,OilWet,CarbonBlack_OilWet,MB02,98,116.39,110.49,116.11,123.55,110.49,123.55,13.06,13.06
M1-A00205W4-- 01 001,M1-A00205W4-- 01 001,CarbonBlack,OilWet,CarbonBlack_OilWet,MB02,12,119.93,116.75,117.98,125.73,116.75,125.73,8.98,8.98
M1-A00268R2-- 05 001,M1-A00268R2-- 05 001,CarbonBlack,OilWet,CarbonBlack_OilWet,MB02,18,85.59,82.12,84.41,90.91,82.12,90.91,8.79,8.79
M1-A00268R2-- 05 003,M1-A00268R2-- 05 003,CarbonBlack,OilWet,CarbonBlack_OilWet,MB02,11,108.99,104.48,107.43,114.52,104.48,114.52,10.04,10.04
M1-A00268R2-- 05 006,M1-A00268R2-- 05 006,CarbonBlack,OilWet,CarbonBlack_OilWet,MB02,4,92.22,87.24,94.27,95.57,87.24,95.57,8.33,8.33
M1-A00268R2-- 06 007,M1-A00268R2-- 06 007,CarbonBlack,OilWet,CarbonBlack_OilWet,ML07,8,105.64,98.6,107.96,111.05,98.6,111.05,12.45,12.45
M1-A00268XM-- 02 004,M1-A00268XM-- 02 004,CarbonBlack,OilWet,CarbonBlack_OilWet,MB02,3,109.0,105.37,105.66,113.96,105.37,113.96,8.59,8.59
M1-A00517B--- 04 001,M1-A00517B--- 04 001,CarbonBlack,OilWet,CarbonBlack_OilWet,ML07,11,148.56,141.29,148.21,152.56,141.29,152.56,11.27,11.27
M1-A00517B3-- 01 001,M1-A00517B3-- 01 001,CarbonBlack,OilWet,CarbonBlack_OilWet,ML07,1,106.84,106.84,106.84,106.84,106.84,106.84,0.0,0.0
M1-A00517B3-- 01 002,M1-A00517B3-- 01 002,CarbonBlack,OilWet,CarbonBlack_OilWet,ML07,6,145.47,143.86,145.89,146.65,143.86,146.65,2.78,2.78
M1-A00517B3-- 01 003,M1-A00517B3-- 01 003,CarbonBlack,OilWet,CarbonBlack_OilWet,ML07,19,158.49,139.76,165.02,169.25,139.76,169.25,29.49,29.49
M1-A03391---- 09 001,M1-A03391---- 09 001,CarbonBlack,OilWet,CarbonBlack_OilWet,MB03,14,214.71,203.43,211.81,227.56,203.43,227.56,24.13,24.13
M1-A03391---- 09 003,M1-A03391---- 09 003,CarbonBlack,OilWet,CarbonBlack_OilWet,MB03,4,242.16,233.07,243.02,250.56,233.07,250.56,17.49,17.49
M1-A03391---- 09 005,M1-A03391---- 09 005,CarbonBlack,OilWet,CarbonBlack_OilWet,MB03,8,228.67,174.91,246.07,265.52,174.91,265.52,90.61,90.61
M1-A03391---- 09 006,M1-A03391---- 09 006,CarbonBlack,OilWet,CarbonBlack_OilWet,MB03,3,176.79,171.44,171.46,184.26,171.44,184.26,12.83,12.83
M1-A03405R3-- 03 002,M1-A03405R3-- 03 002,CarbonBlack,NoOilDry,CarbonBlack_NoOilDry,ML09,1,103.22,103.22,103.22,103.22,103.22,103.22,0.0,0.0
M1-A03405R3-- 03 003,M1-A03405R3-- 03 003,CarbonBlack,NoOilDry,CarbonBlack_NoOilDry,ML09,3,101.3,100.1,100.13,102.96,100.1,102.96,2.85,2.85
M1-A03405R3-- 04 003,M1-A03405R3-- 04 003,CarbonBlack,NoOilDry,CarbonBlack_NoOilDry,MB03,9,117.85,113.77,117.15,122.1,113.77,122.1,8.33,8.33
M1-A03405R3-- 04 004,M1-A03405R3-- 04 004,CarbonBlack,NoOilDry,CarbonBlack_NoOilDry,MB03,3,136.81,131.86,135.49,142.29,131.86,142.29,10.43,10.43
M1-A03405X--- 01 001,M1-A03405X--- 01 001,CarbonBlack,NoOilDry,CarbonBlack_NoOilDry,MB03,2,131.16,130.84,131.16,131.47,130.84,131.47,0.63,0.63
M1-A06441R1-- 04 001,M1-A06441R1-- 04 001,CarbonBlack,OilWet,CarbonBlack_OilWet,MB02,6,102.89,95.56,98.97,114.14,95.56,114.14,18.58,18.58
M1-A06441R2-- 01 005,M1-A06441R2-- 01 005,CarbonBlack,OilWet,CarbonBlack_OilWet,MB02,4,98.8,96.24,98.41,101.66,96.24,101.66,5.41,5.41
M1-A06441XZ-- 01 002,M1-A06441XZ-- 01 002,CarbonBlack,OilWet,CarbonBlack_OilWet,MB02,3,105.93,104.33,105.1,107.87,104.33,107.87,3.53,3.53
M1-A16404---- 01 005,M1-A16404---- 01 005,CarbonBlack,OilWet,CarbonBlack_OilWet,MB03,10,141.73,135.54,141.78,149.82,135.54,149.82,14.28,14.28
M1-A16404B--- 01 002,M1-A16404B--- 01 002,CarbonBlack,OilWet,CarbonBlack_OilWet,MB03,3,132.95,128.02,128.35,139.73,128.02,139.73,11.71,11.71
M1-A44268---- 01 002,M1-A44268---- 01 002,CarbonBlack,OilWet,CarbonBlack_OilWet,MB02,3,152.37,147.51,153.13,156.91,147.51,156.91,9.4,9.4
M1-A44517---- 01 002,M1-A44517---- 01 002,CarbonBlack,OilWet,CarbonBlack_OilWet,ML07,1,170.85,170.85,170.85,170.85,170.85,170.85,0.0,0.0
M1-B00163---- 08 002,M1-B00163---- 08 002,CarbonBlack,OilWet,CarbonBlack_OilWet,MB02,6,106.27,100.8,106.49,111.5,100.8,111.5,10.7,10.7
M1-B00163---- 08 005,M1-B00163---- 08 005,CarbonBlack,OilWet,CarbonBlack_OilWet,MB02,5,104.54,100.58,101.18,111.54,100.58,111.54,10.96,10.96
M1-B00163---- 08 007,M1-B00163---- 08 007,CarbonBlack,OilWet,CarbonBlack_OilWet,MB02,3,103.73,101.27,104.13,106.02,101.27,106.02,4.74,4.74
M1-B00163---- 08 008,M1-B00163---- 08 008,CarbonBlack,OilWet,CarbonBlack_OilWet,MB02,2,117.35,115.62,117.35,119.08,115.62,119.08,3.46,3.46
M1-B00163-M-- 09 001,M1-B00163-M-- 09 001,CarbonBlack,OilWet,CarbonBlack_OilWet,ML10,2,199.67,197.09,199.67,202.25,197.09,202.25,5.16,5.16
M1-B00163-M-- 09 002,M1-B00163-M-- 09 002,CarbonBlack,OilWet,CarbonBlack_OilWet,ML10,1,211.68,211.68,211.68,211.68,211.68,211.68,0.0,0.0
M1-B00163R4-- 01 003,M1-B00163R4-- 01 003,CarbonBlack,OilWet,CarbonBlack_OilWet,MB02,50,114.31,103.71,111.99,128.96,103.71,128.96,25.25,25.25
M1-B00163R4-- 01 004,M1-B00163R4-- 01 004,CarbonBlack,OilWet,CarbonBlack_OilWet,MB02,25,122.97,115.23,119.54,130.82,115.23,130.82,15.59,15.59
M1-B00163RT-- 01 001,M1-B00163RT-- 01 001,CarbonBlack,OilWet,CarbonBlack_OilWet,MB02,20,120.29,110.44,120.68,132.39,110.44,132.39,21.94,21.94
M1-B00163RT-- 01 002,M1-B00163RT-- 01 002,CarbonBlack,OilWet,CarbonBlack_OilWet,MB02,59,127.91,111.43,127.33,145.92,111.43,145.92,34.49,34.49
M1-B00163XM-- 02 003,M1-B00163XM-- 02 003,CarbonBlack,OilWet,CarbonBlack_OilWet,MB02,6,104.64,98.12,103.36,112.43,98.12,112.43,14.31,14.31
M1-B00163XV-- 01 001,M1-B00163XV-- 01 001,CarbonBlack,OilWet,CarbonBlack_OilWet,MB02,3,123.14,121.89,122.63,124.6,121.89,124.6,2.71,2.71
M1-B00163XV-- 01 002,M1-B00163XV-- 01 002,CarbonBlack,OilWet,CarbonBlack_OilWet,MB02,3,124.34,119.91,123.32,129.18,119.91,129.18,9.26,9.26
M1-B00163XV-- 01 003,M1-B00163XV-- 01 003,CarbonBlack,OilWet,CarbonBlack_OilWet,MB02,3,117.31,114.61,116.22,120.44,114.61,120.44,5.84,5.84
M1-B00163XV-- 01 004,M1-B00163XV-- 01 004,CarbonBlack,OilWet,CarbonBlack_OilWet,MB02,11,114.16,110.74,114.41,118.09,110.74,118.09,7.34,7.34
M1-B00458---- 11 005,M1-B00458---- 11 005,CarbonBlack,OilWet,CarbonBlack_OilWet,ML09,4,149.35,143.87,144.52,158.7,143.87,158.7,14.83,14.83
M1-B00458---- 11 006,M1-B00458---- 11 006,CarbonBlack,OilWet,CarbonBlack_OilWet,ML09,28,108.78,103.66,107.52,115.49,103.66,115.49,11.84,11.84
M1-B00458---- 12 003,M1-B00458---- 12 003,CarbonBlack,OilWet,CarbonBlack_OilWet,MB02,1122,110.22,99.23,107.72,127.67,99.23,127.67,28.44,28.44
M1-B00458---- 12 004,M1-B00458---- 12 004,CarbonBlack,OilWet,CarbonBlack_OilWet,MB02,1177,113.8,97.92,115.0,128.36,97.92,128.36,30.45,30.45
M1-B00458---- 12 005,M1-B00458---- 12 005,CarbonBlack,OilWet,CarbonBlack_OilWet,MB02,234,114.51,105.16,113.74,124.01,105.16,124.01,18.85,18.85
M1-B00458---- 12 007,M1-B00458---- 12 007,CarbonBlack,OilWet,CarbonBlack_OilWet,MB02,19,126.69,120.94,124.61,133.87,120.94,133.87,12.93,12.93
M1-B00458---- 12 008,M1-B00458---- 12 008,CarbonBlack,OilWet,CarbonBlack_OilWet,MB02,25,124.32,119.12,123.61,130.1,119.12,130.1,10.98,10.98
M1-B00458-M-- 01 001,M1-B00458-M-- 01 001,CarbonBlack,OilWet,CarbonBlack_OilWet,ML10,8,185.78,183.5,185.11,188.61,183.5,188.61,5.11,5.11
M1-B00458B1-- 02 001,M1-B00458B1-- 02 001,CarbonBlack,OilWet,CarbonBlack_OilWet,MB02,7,114.14,111.29,114.35,116.65,111.29,116.65,5.37,5.37
M1-B00458B1-- 02 002,M1-B00458B1-- 02 002,CarbonBlack,OilWet,CarbonBlack_OilWet,MB02,83,107.63,91.25,109.05,116.18,91.25,116.18,24.92,24.92
M1-B00458B1-- 02 003,M1-B00458B1-- 02 003,CarbonBlack,OilWet,CarbonBlack_OilWet,MB02,17,98.13,93.74,98.78,100.92,93.74,100.92,7.18,7.18
M1-B00458RFD- 01 001,M1-B00458RFD- 01 001,CarbonBlack,OilWet,CarbonBlack_OilWet,MB02,3,114.25,112.17,114.02,116.41,112.17,116.41,4.25,4.25
M1-B00458RFD- 06 001,M1-B00458RFD- 06 001,CarbonBlack,OilWet,CarbonBlack_OilWet,ML09,2,121.85,120.9,121.85,122.8,120.9,122.8,1.9,1.9
M1-B00458RIL- 08 001,M1-B00458RIL- 08 001,CarbonBlack,OilWet,CarbonBlack_OilWet,MB02,10,128.19,118.45,130.14,134.47,118.45,134.47,16.02,16.02
M1-B00458RRL- 01 001,M1-B00458RRL- 01 001,CarbonBlack,OilWet,CarbonBlack_OilWet,MB02,43,130.63,112.46,131.65,143.49,112.46,143.49,31.02,31.02
M1-B00458RRL- 01 003,M1-B00458RRL- 01 003,CarbonBlack,OilWet,CarbonBlack_OilWet,MB02,38,134.32,117.36,138.92,148.35,117.36,148.35,30.99,30.99
M1-B00458RRL- 01 004,M1-B00458RRL- 01 004,CarbonBlack,OilWet,CarbonBlack_OilWet,MB02,11,142.68,136.59,140.62,148.82,136.59,148.82,12.23,12.23
M1-B00458RRL- 01 005,M1-B00458RRL- 01 005,CarbonBlack,OilWet,CarbonBlack_OilWet,MB02,7,147.75,144.24,146.08,153.57,144.24,153.57,9.33,9.33
M1-B00458RRL- 01 006,M1-B00458RRL- 01 006,CarbonBlack,OilWet,CarbonBlack_OilWet,MB02,2,124.52,123.93,124.52,125.11,123.93,125.11,1.17,1.17
M1-B00458RRL- 04 002,M1-B00458RRL- 04 002,CarbonBlack,OilWet,CarbonBlack_OilWet,ML09,11,152.33,143.64,152.44,161.36,143.64,161.36,17.72,17.72
M1-B00458X--- 04 001,M1-B00458X--- 04 001,CarbonBlack,OilWet,CarbonBlack_OilWet,ML10,33,181.5,176.2,180.17,188.86,176.2,188.86,12.66,12.66
M1-B00458XM-- 04 002,M1-B00458XM-- 04 002,CarbonBlack,OilWet,CarbonBlack_OilWet,MB02,3,106.09,104.52,105.54,107.87,104.52,107.87,3.34,3.34
M1-B00458XM-- 04 003,M1-B00458XM-- 04 003,CarbonBlack,OilWet,CarbonBlack_OilWet,MB02,3,111.76,110.25,112.34,113.03,110.25,113.03,2.78,2.78
M1-B00458XV-- 01 002,M1-B00458XV-- 01 002,CarbonBlack,OilWet,CarbonBlack_OilWet,MB02,4,119.74,116.45,119.57,123.16,116.45,123.16,6.71,6.71
M1-B00460-M-- 01 003,M1-B00460-M-- 01 003,CarbonBlack,OilWet,CarbonBlack_OilWet,ML10,9,224.19,214.54,223.78,233.44,214.54,233.44,18.9,18.9
M1-B00460B--- 01 001,M1-B00460B--- 01 001,CarbonBlack,OilWet,CarbonBlack_OilWet,ML07,41,188.95,181.59,185.23,199.52,181.59,199.52,17.94,17.94
M1-B00460B--- 01 002,M1-B00460B--- 01 002,CarbonBlack,OilWet,CarbonBlack_OilWet,ML07,21,195.18,184.27,191.91,204.83,184.27,204.83,20.56,20.56
M1-B00460B--- 01 003,M1-B00460B--- 01 003,CarbonBlack,OilWet,CarbonBlack_OilWet,ML07,22,204.02,178.28,207.04,229.67,178.28,229.67,51.39,51.39
M1-B00460B--- 01 004,M1-B00460B--- 01 004,CarbonBlack,OilWet,CarbonBlack_OilWet,ML07,2,211.96,210.62,211.96,213.31,210.62,213.31,2.69,2.69
M1-B00460B--- 02 001,M1-B00460B--- 02 001,CarbonBlack,OilWet,CarbonBlack_OilWet,MB02,69,190.77,184.42,189.33,198.42,184.42,198.42,14.0,14.0
M1-B00460B--- 03 001,M1-B00460B--- 03 001,CarbonBlack,OilWet,CarbonBlack_OilWet,MB02,15,201.45,196.8,200.78,204.97,196.8,204.97,8.18,8.18
M1-B00460B--- 03 002,M1-B00460B--- 03 002,CarbonBlack,OilWet,CarbonBlack_OilWet,MB02,52,191.08,174.58,192.0,205.69,174.58,205.69,31.11,31.11
M1-B00460B--- 03 003,M1-B00460B--- 03 003,CarbonBlack,OilWet,CarbonBlack_OilWet,MB02,15,221.08,212.78,219.48,229.74,212.78,229.74,16.96,16.96
M1-B00460B--- 04 001,M1-B00460B--- 04 001,CarbonBlack,OilWet,CarbonBlack_OilWet,ML10,2,220.9,219.88,220.9,221.93,219.88,221.93,2.05,2.05
M1-B00460B--- 04 002,M1-B00460B--- 04 002,CarbonBlack,OilWet,CarbonBlack_OilWet,ML10,63,224.85,213.41,226.01,234.73,213.41,234.73,21.32,21.32
M1-B00460B--- 04 004,M1-B00460B--- 04 004,CarbonBlack,OilWet,CarbonBlack_OilWet,ML10,1,267.94,267.94,267.94,267.94,267.94,267.94,0.0,0.0
M1-B00460B--- 04 007,M1-B00460B--- 04 007,CarbonBlack,OilWet,CarbonBlack_OilWet,ML10,7,207.81,194.36,206.6,220.64,194.36,220.64,26.27,26.27
M1-B00460B--- 04 009,M1-B00460B--- 04 009,CarbonBlack,OilWet,CarbonBlack_OilWet,ML10,15,200.69,188.05,201.3,209.25,188.05,209.25,21.2,21.2
M1-B00460XJ-- 01 001,M1-B00460XJ-- 01 001,CarbonBlack,OilWet,CarbonBlack_OilWet,ML07,9,121.82,118.74,120.92,124.82,118.74,124.82,6.08,6.08
M1-B00460XP-- 02 001,M1-B00460XP-- 02 001,CarbonBlack,OilWet,CarbonBlack_OilWet,ML10,2,219.55,215.25,219.55,223.85,215.25,223.85,8.6,8.6
M1-B15563---- 01 003,M1-B15563---- 01 003,CarbonBlack,OilWet,CarbonBlack_OilWet,ML09,20,119.65,114.76,119.96,125.37,114.76,125.37,10.61,10.61
M1-B15563---- 01 004,M1-B15563---- 01 004,CarbonBlack,OilWet,CarbonBlack_OilWet,ML09,4,120.53,118.99,120.66,121.96,118.99,121.96,2.97,2.97
M1-B15563---- 01 005,M1-B15563---- 01 005,CarbonBlack,OilWet,CarbonBlack_OilWet,ML09,20,120.92,117.25,119.39,126.85,117.25,126.85,9.6,9.6
M1-B15563---- 04 004,M1-B15563---- 04 004,CarbonBlack,OilWet,CarbonBlack_OilWet,ML07,2,115.78,110.75,115.78,120.8,110.75,120.8,10.05,10.05
M1-B15563---- 04 005,M1-B15563---- 04 005,CarbonBlack,OilWet,CarbonBlack_OilWet,ML07,7,115.37,111.3,113.4,122.22,111.3,122.22,10.92,10.92
M1-B15563---- 04 006,M1-B15563---- 04 006,CarbonBlack,OilWet,CarbonBlack_OilWet,ML07,6,108.0,104.85,107.51,111.63,104.85,111.63,6.78,6.78
M1-B15563---- 04 007,M1-B15563---- 04 007,CarbonBlack,OilWet,CarbonBlack_OilWet,ML07,16,103.56,95.64,104.99,108.65,95.64,108.65,13.01,13.01
M1-B15563---- 04 008,M1-B15563---- 04 008,CarbonBlack,OilWet,CarbonBlack_OilWet,ML07,3,94.72,94.15,94.32,95.46,94.15,95.46,1.31,1.31
M1-B15563---- 04 009,M1-B15563---- 04 009,CarbonBlack,OilWet,CarbonBlack_OilWet,ML07,1,95.79,95.79,95.79,95.79,95.79,95.79,0.0,0.0
M1-B15563R1-- 01 004,M1-B15563R1-- 01 004,CarbonBlack,OilWet,CarbonBlack_OilWet,ML07,3,114.62,112.8,114.63,116.44,112.8,116.44,3.64,3.64
M1-B15563R1-- 01 005,M1-B15563R1-- 01 005,CarbonBlack,OilWet,CarbonBlack_OilWet,ML07,25,119.45,113.33,115.68,127.04,113.33,127.04,13.71,13.71
M1-B15563R1-- 03 002,M1-B15563R1-- 03 002,CarbonBlack,OilWet,CarbonBlack_OilWet,MB02,3,108.34,105.94,109.94,110.09,105.94,110.09,4.14,4.14
M1-C10430---- 05 003,M1-C10430---- 05 003,CarbonBlack,NoOilDry,CarbonBlack_NoOilDry,MB03,4,177.22,172.56,177.12,181.97,172.56,181.97,9.41,9.41
M1-C10430---- 05 004,M1-C10430---- 05 004,CarbonBlack,NoOilDry,CarbonBlack_NoOilDry,MB03,5,180.98,178.07,179.06,185.45,178.07,185.45,7.37,7.37
M1-C10430---- 05 005,M1-C10430---- 05 005,CarbonBlack,NoOilDry,CarbonBlack_NoOilDry,MB03,10,205.65,182.21,208.97,221.92,182.21,221.92,39.72,39.72
M1-C10430B4-- 01 004,M1-C10430B4-- 01 004,CarbonBlack,NoOilDry,CarbonBlack_NoOilDry,MB02,4,111.19,106.28,110.87,116.35,106.28,116.35,10.08,10.08
M1-H16435Y---- 04 003,M1-H16435Y---- 04 003,CarbonBlack,NoOilDry,CarbonBlack_NoOilDry,ML05,3,100.49,99.19,100.94,101.61,99.19,101.61,2.42,2.42
M1-M08161X3-- 01 001,M1-M08161X3-- 01 001,CarbonBlack,OilWet,CarbonBlack_OilWet,MB02,4,87.16,86.81,87.3,87.4,86.81,87.4,0.59,0.59
M1-M08161Y--- 02 011,M1-M08161Y--- 02 011,CarbonBlack,OilWet,CarbonBlack_OilWet,MB02,3,143.29,142.72,143.52,143.77,142.72,143.77,1.05,1.05
M1-R00037---- 12 001,M1-R00037---- 12 001,CarbonBlack,OilWet,CarbonBlack_OilWet,MB03,4,141.04,139.85,141.63,141.76,139.85,141.76,1.91,1.91
M1-R00037W3-- 03 004,M1-R00037W3-- 03 004,CarbonBlack,OilWet,CarbonBlack_OilWet,MB03,1,117.68,117.68,117.68,117.68,117.68,117.68,0.0,0.0
M1-R00037W9-- 01 001,M1-R00037W9-- 01 001,CarbonBlack,OilWet,CarbonBlack_OilWet,MB03,12,125.22,119.16,123.43,134.0,119.16,134.0,14.84,14.84
M1-R00037W9-- 01 002,M1-R00037W9-- 01 002,CarbonBlack,OilWet,CarbonBlack_OilWet,MB03,23,138.25,116.27,139.92,158.82,116.27,158.82,42.55,42.55
M1-R00037W9-- 01 004,M1-R00037W9-- 01 004,CarbonBlack,OilWet,CarbonBlack_OilWet,MB03,1,131.87,131.87,131.87,131.87,131.87,131.87,0.0,0.0
M1-R00037W9-- 03 001,M1-R00037W9-- 03 001,CarbonBlack,OilWet,CarbonBlack_OilWet,MB02,4,116.26,115.01,116.2,117.55,115.01,117.55,2.53,2.53
M1-R00037W9-- 03 002,M1-R00037W9-- 03 002,CarbonBlack,OilWet,CarbonBlack_OilWet,MB02,3,149.94,142.72,149.42,157.36,142.72,157.36,14.65,14.65
M1-R00037XE-- 02 005,M1-R00037XE-- 02 005,CarbonBlack,OilWet,CarbonBlack_OilWet,MB03,2,137.45,134.12,137.45,140.78,134.12,140.78,6.66,6.66
M1-R00218R1-- 01 002,M1-R00218R1-- 01 002,CarbonBlack,NoOilDry,CarbonBlack_NoOilDry,ML07,34,154.18,146.71,153.04,162.71,146.71,162.71,16.0,16.0
M1-R00218R1-- 01 003,M1-R00218R1-- 01 003,CarbonBlack,NoOilDry,CarbonBlack_NoOilDry,ML07,8,146.91,142.76,146.54,152.63,142.76,152.63,9.87,9.87
M1-R00218R1-- 01 004,M1-R00218R1-- 01 004,CarbonBlack,NoOilDry,CarbonBlack_NoOilDry,ML07,4,148.75,146.58,148.72,150.94,146.58,150.94,4.36,4.36
M1-R00218W1-- 01 002,M1-R00218W1-- 01 002,CarbonBlack,NoOilDry,CarbonBlack_NoOilDry,ML05,5,167.02,165.82,166.53,168.69,165.82,168.69,2.87,2.87
M1-R00218W1-- 01 003,M1-R00218W1-- 01 003,CarbonBlack,NoOilDry,CarbonBlack_NoOilDry,ML05,10,155.61,151.84,154.44,161.05,151.84,161.05,9.21,9.21
M1-R00218W1-- 03 002,M1-R00218W1-- 03 002,CarbonBlack,NoOilDry,CarbonBlack_NoOilDry,ML09,16,147.34,140.46,145.58,156.99,140.46,156.99,16.53,16.53
M1-R00218W1-- 03 003,M1-R00218W1-- 03 003,CarbonBlack,NoOilDry,CarbonBlack_NoOilDry,ML09,4,138.52,135.02,139.17,141.49,135.02,141.49,6.47,6.47
M1-R00218W1-- 07 003,M1-R00218W1-- 07 003,CarbonBlack,NoOilDry,CarbonBlack_NoOilDry,ML05,48,136.91,128.75,134.56,147.51,128.75,147.51,18.76,18.76
M1-R00218W1-- 08 003,M1-R00218W1-- 08 003,CarbonBlack,NoOilDry,CarbonBlack_NoOilDry,ML07,24,146.42,133.67,145.23,161.08,133.67,161.08,27.41,27.41
M1-R00218W1-- 09 001,M1-R00218W1-- 09 001,CarbonBlack,NoOilDry,CarbonBlack_NoOilDry,ML09,22,157.71,152.68,157.39,161.12,152.68,161.12,8.44,8.44
M1-R00218W2-- 10 003,M1-R00218W2-- 10 003,CarbonBlack,NoOilDry,CarbonBlack_NoOilDry,ML05,13,145.61,135.75,147.31,155.38,135.75,155.38,19.63,19.63
M1-R00218W2-- 10 004,M1-R00218W2-- 10 004,CarbonBlack,NoOilDry,CarbonBlack_NoOilDry,ML05,5,124.07,123.11,123.34,125.65,123.11,125.65,2.55,2.55
M1-R00218W2-- 10 005,M1-R00218W2-- 10 005,CarbonBlack,NoOilDry,CarbonBlack_NoOilDry,ML05,4,124.47,123.29,124.27,125.81,123.29,125.81,2.52,2.52
M1-R00218W2-- 10 009,M1-R00218W2-- 10 009,CarbonBlack,NoOilDry,CarbonBlack_NoOilDry,ML05,9,119.1,117.49,119.34,120.51,117.49,120.51,3.03,3.03
M1-R00218W2-- 11 003,M1-R00218W2-- 11 003,CarbonBlack,NoOilDry,CarbonBlack_NoOilDry,ML09,4,165.41,155.03,166.43,174.98,155.03,174.98,19.95,19.95
M1-R00218W5-- 01 001,M1-R00218W5-- 01 001,CarbonBlack,NoOilDry,CarbonBlack_NoOilDry,ML05,8,124.6,119.48,123.42,133.33,119.48,133.33,13.85,13.85
M1-R00218W5-- 01 004,M1-R00218W5-- 01 004,CarbonBlack,NoOilDry,CarbonBlack_NoOilDry,ML05,1,115.4,115.4,115.4,115.4,115.4,115.4,0.0,0.0
M1-R00218W5-- 01 005,M1-R00218W5-- 01 005,CarbonBlack,NoOilDry,CarbonBlack_NoOilDry,ML05,11,114.36,112.73,113.89,116.02,112.73,116.02,3.29,3.29
M1-R00218W5-- 05 006,M1-R00218W5-- 05 006,CarbonBlack,NoOilDry,CarbonBlack_NoOilDry,ML10,3,226.43,221.6,222.05,233.02,221.6,233.02,11.42,11.42
M1-S00156X3-- 01 001,M1-S00156X3-- 01 001,Silica,OilWet,Silica_OilWet,MB03,2,106.52,105.4,106.52,107.65,105.4,107.65,2.25,2.25
M1-S00211---- 10 001,M1-S00211---- 10 001,Silica,OilWet,Silica_OilWet,ML09,5,122.99,118.65,119.22,130.82,118.65,130.82,12.18,12.18
M1-S00211B--- 04 002,M1-S00211B--- 04 002,Silica,OilWet,Silica_OilWet,ML05,3,125.1,115.06,120.42,137.0,115.06,137.0,21.95,21.95
M1-S00211B--- 05 003,M1-S00211B--- 05 003,Silica,OilWet,Silica_OilWet,ML09,3,147.22,141.14,145.76,153.88,141.14,153.88,12.74,12.74
M1-S08156---- 18 001,M1-S08156---- 18 001,Silica,OilWet,Silica_OilWet,MB02,3,105.33,102.79,103.15,108.75,102.79,108.75,5.96,5.96
M1-S08156---- 19 003,M1-S08156---- 19 003,Silica,OilWet,Silica_OilWet,MB03,21,107.82,103.21,106.7,118.32,103.21,118.32,15.1,15.1
M1-S08156---- 20 001,M1-S08156---- 20 001,Silica,OilWet,Silica_OilWet,ML07,8,106.06,102.32,106.39,109.55,102.32,109.55,7.22,7.22
M1-S08156---- 20 002,M1-S08156---- 20 002,Silica,OilWet,Silica_OilWet,ML07,6,105.55,103.4,105.57,107.68,103.4,107.68,4.29,4.29
M1-S08156B1-- 01 002,M1-S08156B1-- 01 002,Silica,OilWet,Silica_OilWet,ML07,14,107.01,100.65,105.53,114.19,100.65,114.19,13.54,13.54
M1-S08156B1-- 01 003,M1-S08156B1-- 01 003,Silica,OilWet,Silica_OilWet,ML07,150,101.4,89.15,101.64,113.49,89.15,113.49,24.34,24.34
M1-S08156B1-- 01 004,M1-S08156B1-- 01 004,Silica,OilWet,Silica_OilWet,ML07,23,103.65,100.51,104.17,107.67,100.51,107.67,7.16,7.16
M1-S08156B1-- 01 005,M1-S08156B1-- 01 005,Silica,OilWet,Silica_OilWet,ML07,23,103.79,99.33,102.01,108.78,99.33,108.78,9.45,9.45
M1-S08156B1-- 02 003,M1-S08156B1-- 02 003,Silica,OilWet,Silica_OilWet,MB03,9,106.47,102.25,103.52,111.93,102.25,111.93,9.68,9.68
M1-S08156B1-- 02 004,M1-S08156B1-- 02 004,Silica,OilWet,Silica_OilWet,MB03,36,101.82,89.48,101.28,110.67,89.48,110.67,21.19,21.19
M1-S08156B1-- 02 005,M1-S08156B1-- 02 005,Silica,OilWet,Silica_OilWet,MB03,20,100.45,96.25,98.48,107.35,96.25,107.35,11.1,11.1
M1-S08156B1-- 03 002,M1-S08156B1-- 03 002,Silica,OilWet,Silica_OilWet,MB02,3,104.48,101.58,101.73,108.49,101.58,108.49,6.91,6.91
M1-S12447---- 08 001,M1-S12447---- 08 001,Silica,OilWet,Silica_OilWet,MB02,1,175.33,175.33,175.33,175.33,175.33,175.33,0.0,0.0
M1-S16701W3-- 02 001,M1-S16701W3-- 02 001,Silica,NoOilDry,Silica_NoOilDry,ML05,4,113.75,111.23,112.32,117.4,111.23,117.4,6.17,6.17
M1-T00011-A-- 04 005,M1-T00011-A-- 04 005,Silica,OilWet,Silica_OilWet,ML10,1,237.23,237.23,237.23,237.23,237.23,237.23,0.0,0.0
M1-T00011-M-- 01 003,M1-T00011-M-- 01 003,Silica,OilWet,Silica_OilWet,ML10,23,202.06,192.35,202.63,213.11,192.35,213.11,20.76,20.76
M1-T00011-M-- 01 004,M1-T00011-M-- 01 004,Silica,OilWet,Silica_OilWet,ML10,12,186.79,165.52,186.15,206.37,165.52,206.37,40.85,40.85
M1-T00011B2-- 14 001,M1-T00011B2-- 14 001,Silica,OilWet,Silica_OilWet,MB02,23,101.66,96.13,99.9,106.35,96.13,106.35,10.22,10.22
M1-T00011B2-- 14 004,M1-T00011B2-- 14 004,Silica,OilWet,Silica_OilWet,MB02,64,117.11,107.82,118.64,125.02,107.82,125.02,17.19,17.19
M1-T00011B2-- 16 001,M1-T00011B2-- 16 001,Silica,OilWet,Silica_OilWet,MB03,67,110.77,99.63,111.28,121.2,99.63,121.2,21.56,21.56
M1-T00011B2-- 16 002,M1-T00011B2-- 16 002,Silica,OilWet,Silica_OilWet,MB03,8,97.95,92.65,97.5,103.94,92.65,103.94,11.29,11.29
M1-T00011B2-- 16 004,M1-T00011B2-- 16 004,Silica,OilWet,Silica_OilWet,MB03,44,116.15,110.65,115.31,126.29,110.65,126.29,15.63,15.63
M1-T00011B2-- 21 001,M1-T00011B2-- 21 001,Silica,OilWet,Silica_OilWet,MB02,13,111.6,97.15,111.53,126.87,97.15,126.87,29.73,29.73
M1-T00011B2-- 21 002,M1-T00011B2-- 21 002,Silica,OilWet,Silica_OilWet,MB02,10,112.47,107.4,114.31,118.06,107.4,118.06,10.66,10.66
M1-T00011B2-- 21 004,M1-T00011B2-- 21 004,Silica,OilWet,Silica_OilWet,MB02,3,103.02,98.11,100.73,108.85,98.11,108.85,10.74,10.74
M1-T00011B2-- 22 001,M1-T00011B2-- 22 001,Silica,OilWet,Silica_OilWet,MB03,4,108.49,105.61,109.34,110.7,105.61,110.7,5.09,5.09
M1-T00011B2-- 22 002,M1-T00011B2-- 22 002,Silica,OilWet,Silica_OilWet,MB03,11,112.06,107.76,111.91,119.04,107.76,119.04,11.27,11.27
M1-T00011B2-- 22 004,M1-T00011B2-- 22 004,Silica,OilWet,Silica_OilWet,MB03,4,102.6,94.13,101.94,111.61,94.13,111.61,17.48,17.48
M1-T00011B2-- 22 005,M1-T00011B2-- 22 005,Silica,OilWet,Silica_OilWet,MB03,13,103.49,99.34,102.59,111.57,99.34,111.57,12.23,12.23
M1-T00011B2-- 23 003,M1-T00011B2-- 23 003,Silica,OilWet,Silica_OilWet,ML10,2,195.72,191.19,195.72,200.24,191.19,200.24,9.05,9.05
M1-T00011B2-- 23 005,M1-T00011B2-- 23 005,Silica,OilWet,Silica_OilWet,ML10,4,167.74,156.86,167.98,178.43,156.86,178.43,21.57,21.57
M1-T00011B2-- 23 006,M1-T00011B2-- 23 006,Silica,OilWet,Silica_OilWet,ML10,12,195.9,192.38,195.38,200.16,192.38,200.16,7.77,7.77
M1-T00011B8-- 01 001,M1-T00011B8-- 01 001,Silica,OilWet,Silica_OilWet,MB03,4,112.63,111.43,111.8,114.49,111.43,114.49,3.05,3.05
M1-T00011B8-- 01 004,M1-T00011B8-- 01 004,Silica,OilWet,Silica_OilWet,MB03,6,107.0,103.94,107.15,109.9,103.94,109.9,5.95,5.95
M1-T00011B8-- 02 001,M1-T00011B8-- 02 001,Silica,OilWet,Silica_OilWet,MB02,4,101.76,100.42,101.36,103.43,100.42,103.43,3.01,3.01
M1-T00011X3-- 06 006,M1-T00011X3-- 06 006,Silica,OilWet,Silica_OilWet,MB03,4,108.33,105.59,106.76,112.34,105.59,112.34,6.75,6.75
M1-T00011XS-- 01 005,M1-T00011XS-- 01 005,Silica,OilWet,Silica_OilWet,ML10,3,211.18,194.77,203.03,230.85,194.77,230.85,36.08,36.08
M1-T00011XV-- 01 001,M1-T00011XV-- 01 001,Silica,OilWet,Silica_OilWet,MB02,1,155.46,155.46,155.46,155.46,155.46,155.46,0.0,0.0
M1-T00011XV-- 03 004,M1-T00011XV-- 03 004,Silica,OilWet,Silica_OilWet,ML10,1,251.75,251.75,251.75,251.75,251.75,251.75,0.0,0.0
M1-T00011XZ-- 04 002,M1-T00011XZ-- 04 002,Silica,OilWet,Silica_OilWet,MB03,3,107.24,103.19,109.4,110.41,103.19,110.41,7.21,7.21
M1-T01004---- 09 002,M1-T01004---- 09 002,Silica,OilWet,Silica_OilWet,MB03,19,106.22,101.58,104.22,116.16,101.58,116.16,14.57,14.57
M1-T01102W2-- 01 007,M1-T01102W2-- 01 007,Silica,NoOilDry,Silica_NoOilDry,ML07,17,165.44,156.36,164.12,176.31,156.36,176.31,19.95,19.95
M1-T01102W2-- 01 008,M1-T01102W2-- 01 008,Silica,NoOilDry,Silica_NoOilDry,ML07,44,171.62,164.73,170.56,178.42,164.73,178.42,13.69,13.69
M1-T01102W2-- 01 009,M1-T01102W2-- 01 009,Silica,NoOilDry,Silica_NoOilDry,ML07,4,170.64,166.16,172.45,173.67,166.16,173.67,7.51,7.51
M1-T01102W2-- 01 010,M1-T01102W2-- 01 010,Silica,NoOilDry,Silica_NoOilDry,ML07,32,163.79,146.55,165.35,176.12,146.55,176.12,29.57,29.57
M1-T01102XP-- 05 001,M1-T01102XP-- 05 001,Silica,NoOilDry,Silica_NoOilDry,MB03,2,157.55,154.39,157.55,160.71,154.39,160.71,6.33,6.33
M1-T01139-A-- 02 001,M1-T01139-A-- 02 001,Silica,OilWet,Silica_OilWet,MB02,3,147.94,142.93,146.22,153.64,142.93,153.64,10.7,10.7
M1-T01139-M-- 01 003,M1-T01139-M-- 01 003,Silica,OilWet,Silica_OilWet,ML10,2,220.38,218.22,220.38,222.53,218.22,222.53,4.31,4.31
M1-T01139B--- 11 004,M1-T01139B--- 11 004,Silica,OilWet,Silica_OilWet,ML09,6,145.66,140.44,143.61,152.93,140.44,152.93,12.49,12.49
M1-T01139B--- 11 005,M1-T01139B--- 11 005,Silica,OilWet,Silica_OilWet,ML09,4,138.56,133.34,136.11,145.76,133.34,145.76,12.42,12.42
M1-T01139B--- 14 003,M1-T01139B--- 14 003,Silica,OilWet,Silica_OilWet,MB03,5,128.6,125.29,126.84,133.35,125.29,133.35,8.06,8.06
M1-T01139XZ-- 01 004,M1-T01139XZ-- 01 004,Silica,OilWet,Silica_OilWet,MB02,3,150.63,146.92,147.98,155.39,146.92,155.39,8.47,8.47
M1-T02128W5-- 04 002,M1-T02128W5-- 04 002,Silica,OilWet,Silica_OilWet,ML07,30,231.62,217.84,233.38,241.82,217.84,241.82,23.98,23.98
M1-T02128W5-- 04 003,M1-T02128W5-- 04 003,Silica,OilWet,Silica_OilWet,ML07,29,225.2,212.66,222.02,244.91,212.66,244.91,32.26,32.26
M1-T02128W5-- 04 004,M1-T02128W5-- 04 004,Silica,OilWet,Silica_OilWet,ML07,5,221.3,211.13,227.37,228.22,211.13,228.22,17.09,17.09
M1-T02128W5-- 04 006,M1-T02128W5-- 04 006,Silica,OilWet,Silica_OilWet,ML07,3,266.02,246.09,273.9,282.79,246.09,282.79,36.7,36.7
M1-T05073---- 06 006,M1-T05073---- 06 006,Silica,OilWet,Silica_OilWet,ML07,1,119.86,119.86,119.86,119.86,119.86,119.86,0.0,0.0
M1-T05073---- 06 007,M1-T05073---- 06 007,Silica,OilWet,Silica_OilWet,ML07,1,137.49,137.49,137.49,137.49,137.49,137.49,0.0,0.0
M1-T05073XV-- 01 001,M1-T05073XV-- 01 001,Silica,OilWet,Silica_OilWet,ML07,4,132.79,128.74,132.57,137.03,128.74,137.03,8.29,8.29
M1-T09170---- 23 002,M1-T09170---- 23 002,Silica,OilWet,Silica_OilWet,MB03,257,177.11,167.93,175.22,188.98,167.93,188.98,21.05,21.05
M1-T09170---- 23 003,M1-T09170---- 23 003,Silica,OilWet,Silica_OilWet,MB03,395,185.43,177.47,185.39,193.35,177.47,193.35,15.88,15.88
M1-T09170---- 23 004,M1-T09170---- 23 004,Silica,OilWet,Silica_OilWet,MB03,71,183.48,172.14,183.7,194.54,172.14,194.54,22.4,22.4
M1-T09170---- 23 005,M1-T09170---- 23 005,Silica,OilWet,Silica_OilWet,MB03,2,176.42,165.86,176.42,186.97,165.86,186.97,21.11,21.11
M1-T09170---- 24 001,M1-T09170---- 24 001,Silica,OilWet,Silica_OilWet,ML09,122,188.08,179.98,186.88,198.38,179.98,198.38,18.4,18.4
M1-T09170-M-- 01 001,M1-T09170-M-- 01 001,Silica,OilWet,Silica_OilWet,ML10,2,289.46,288.87,289.46,290.05,288.87,290.05,1.18,1.18
M1-T09170-M-- 01 003,M1-T09170-M-- 01 003,Silica,OilWet,Silica_OilWet,ML10,45,288.4,266.24,290.59,308.84,266.24,308.84,42.6,42.6
M1-T09170-M-- 01 006,M1-T09170-M-- 01 006,Silica,OilWet,Silica_OilWet,ML10,1,307.91,307.91,307.91,307.91,307.91,307.91,0.0,0.0
M1-T09170-M-- 01 007,M1-T09170-M-- 01 007,Silica,OilWet,Silica_OilWet,ML10,1,316.55,316.55,316.55,316.55,316.55,316.55,0.0,0.0
M1-T09170WS-- 01 009,M1-T09170WS-- 01 009,Silica,OilWet,Silica_OilWet,ML09,383,188.26,178.85,187.42,199.76,178.85,199.76,20.91,20.91
M1-T09170WS-- 01 010,M1-T09170WS-- 01 010,Silica,OilWet,Silica_OilWet,ML09,218,196.98,187.99,197.05,206.38,187.99,206.38,18.38,18.38
M1-T09170WS-- 02 003,M1-T09170WS-- 02 003,Silica,OilWet,Silica_OilWet,MB03,490,182.17,170.02,181.69,195.16,170.02,195.16,25.14,25.14
M1-T09170WS-- 02 004,M1-T09170WS-- 02 004,Silica,OilWet,Silica_OilWet,MB03,2830,178.37,167.45,176.85,191.11,167.45,191.11,23.66,23.66
M1-T09170WZ-- 01 001,M1-T09170WZ-- 01 001,Silica,OilWet,Silica_OilWet,MB03,2,186.57,183.08,186.57,190.06,183.08,190.06,6.98,6.98
M1-T09170X3-- 02 001,M1-T09170X3-- 02 001,Silica,OilWet,Silica_OilWet,MB03,3,173.51,170.87,171.51,176.96,170.87,176.96,6.09,6.09
M1-T09170XM-- 01 001,M1-T09170XM-- 01 001,Silica,OilWet,Silica_OilWet,ML09,5,180.81,176.3,179.15,186.73,176.3,186.73,10.43,10.43
M1-T09170XT-- 02 001,M1-T09170XT-- 02 001,Silica,OilWet,Silica_OilWet,ML09,4,292.67,287.88,289.82,299.75,287.88,299.75,11.87,11.87
M1-T09170XT-- 03 001,M1-T09170XT-- 03 001,Silica,OilWet,Silica_OilWet,MB03,3,167.01,161.48,165.49,173.16,161.48,173.16,11.68,11.68
M1-T10035---- 07 009,M1-T10035---- 07 009,Silica,OilWet,Silica_OilWet,MB03,3,261.07,254.63,260.57,267.71,254.63,267.71,13.08,13.08
M1-T10035---- 07 011,M1-T10035---- 07 011,Silica,OilWet,Silica_OilWet,MB03,4,258.71,244.54,261.99,270.24,244.54,270.24,25.7,25.7
M1-T10035B6-- 01 002,M1-T10035B6-- 01 002,Silica,OilWet,Silica_OilWet,MB03,4,288.53,277.75,289.1,298.86,277.75,298.86,21.11,21.11
M1-T10035B6-- 03 001,M1-T10035B6-- 03 001,Silica,OilWet,Silica_OilWet,MB02,2,283.58,270.43,283.58,296.72,270.43,296.72,26.28,26.28
M1-T10035B6-- 03 002,M1-T10035B6-- 03 002,Silica,OilWet,Silica_OilWet,MB02,2,267.81,261.02,267.81,274.59,261.02,274.59,13.57,13.57
M1-T10035B7-- 02 001,M1-T10035B7-- 02 001,Silica,OilWet,Silica_OilWet,MB02,4,258.94,256.28,258.84,261.67,256.28,261.67,5.39,5.39
M1-T10035XC-- 01 002,M1-T10035XC-- 01 002,Silica,OilWet,Silica_OilWet,MB03,1,309.89,309.89,309.89,309.89,309.89,309.89,0.0,0.0
M1-T11347W4-- 01 004,M1-T11347W4-- 01 004,Silica,NoOilDry,Silica_NoOilDry,ML07,180,183.25,167.8,185.8,196.41,167.8,196.41,28.61,28.61
M1-T11347W4-- 02 002,M1-T11347W4-- 02 002,Silica,NoOilDry,Silica_NoOilDry,MB03,42,162.92,153.85,162.97,170.83,153.85,170.83,16.98,16.98
M1-T11923---- 09 002,M1-T11923---- 09 002,Silica,NoOilDry,Silica_NoOilDry,ML09,14,171.13,153.7,171.57,186.57,153.7,186.57,32.86,32.86
M1-T11923---- 12 001,M1-T11923---- 12 001,Silica,NoOilDry,Silica_NoOilDry,ML07,2,190.18,183.97,190.18,196.4,183.97,196.4,12.42,12.42
M1-T13127---- 09 004,M1-T13127---- 09 004,Silica,NoOilDry,Silica_NoOilDry,ML07,662,150.01,140.17,148.73,161.83,140.17,161.83,21.66,21.66
M1-T13127---- 09 005,M1-T13127---- 09 005,Silica,NoOilDry,Silica_NoOilDry,ML07,31,154.71,145.37,152.28,166.04,145.37,166.04,20.67,20.67
M1-T13127---- 09 006,M1-T13127---- 09 006,Silica,NoOilDry,Silica_NoOilDry,ML07,57,157.6,149.33,155.46,169.9,149.33,169.9,20.57,20.57
M1-T13127---- 09 007,M1-T13127---- 09 007,Silica,NoOilDry,Silica_NoOilDry,ML07,8,141.26,136.11,142.08,144.54,136.11,144.54,8.43,8.43
M1-T13127---- 16 004,M1-T13127---- 16 004,Silica,NoOilDry,Silica_NoOilDry,ML09,5,177.77,166.46,180.29,186.9,166.46,186.9,20.44,20.44
M1-T13127---- 19 001,M1-T13127---- 19 001,Silica,NoOilDry,Silica_NoOilDry,ML10,1,252.93,252.93,252.93,252.93,252.93,252.93,0.0,0.0
M1-T14150---- 17 002,M1-T14150---- 17 002,Silica,OilWet,Silica_OilWet,ML07,6,153.19,141.96,148.04,169.56,141.96,169.56,27.6,27.6
M1-T14150---- 17 004,M1-T14150---- 17 004,Silica,OilWet,Silica_OilWet,ML07,2,195.16,187.18,195.16,203.13,187.18,203.13,15.95,15.95
M1-T14150---- 17 005,M1-T14150---- 17 005,Silica,OilWet,Silica_OilWet,ML07,1,164.16,164.16,164.16,164.16,164.16,164.16,0.0,0.0
M1-T14885---- 17 001,M1-T14885---- 17 001,Silica,NoOilDry,Silica_NoOilDry,ML07,81,137.99,131.66,137.14,144.63,131.66,144.63,12.97,12.97
M1-T14885---- 17 002,M1-T14885---- 17 002,Silica,NoOilDry,Silica_NoOilDry,ML07,90,149.29,136.72,148.39,164.44,136.72,164.44,27.72,27.72
M1-T14885B3-- 01 002,M1-T14885B3-- 01 002,Silica,NoOilDry,Silica_NoOilDry,ML09,12,173.83,165.28,172.87,178.89,165.28,178.89,13.61,13.61
M1-T14885B3-- 04 002,M1-T14885B3-- 04 002,Silica,NoOilDry,Silica_NoOilDry,ML07,161,144.37,131.86,145.14,157.41,131.86,157.41,25.54,25.54
M1-T14885B3-- 04 003,M1-T14885B3-- 04 003,Silica,NoOilDry,Silica_NoOilDry,ML07,9,139.36,133.77,138.05,145.5,133.77,145.5,11.73,11.73
M1-T15192-M-- 01 001,M1-T15192-M-- 01 001,Silica,OilWet,Silica_OilWet,ML10,4,228.49,222.91,226.35,235.79,222.91,235.79,12.88,12.88
M1-T15192R--- 01 002,M1-T15192R--- 01 002,Silica,OilWet,Silica_OilWet,MB03,65,282.47,263.3,284.78,302.88,263.3,302.88,39.59,39.59
M1-T15192R--- 01 003,M1-T15192R--- 01 003,Silica,OilWet,Silica_OilWet,MB03,8,253.97,245.17,252.65,264.74,245.17,264.74,19.57,19.57
M1-T15192R--- 03 001,M1-T15192R--- 03 001,Silica,OilWet,Silica_OilWet,ML09,13,287.0,272.02,284.21,302.16,272.02,302.16,30.15,30.15
M1-T15192W6-- 03 003,M1-T15192W6-- 03 003,Silica,OilWet,Silica_OilWet,ML10,1,287.3,287.3,287.3,287.3,287.3,287.3,0.0,0.0
M1-T15215---- 08 004,M1-T15215---- 08 004,Silica,NoOilDry,Silica_NoOilDry,ML07,1,197.96,197.96,197.96,197.96,197.96,197.96,0.0,0.0
M1-T15215---- 08 005,M1-T15215---- 08 005,Silica,NoOilDry,Silica_NoOilDry,ML07,10,182.47,163.15,183.32,199.07,163.15,199.07,35.92,35.92
M1-T15215---- 08 007,M1-T15215---- 08 007,Silica,NoOilDry,Silica_NoOilDry,ML07,4,170.27,165.41,169.43,175.81,165.41,175.81,10.4,10.4
M1-T15554---- 01 003,M1-T15554---- 01 003,Silica,OilWet,Silica_OilWet,MB03,1,283.49,283.49,283.49,283.49,283.49,283.49,0.0,0.0
M1-T15554---- 01 005,M1-T15554---- 01 005,Silica,OilWet,Silica_OilWet,MB03,2,295.87,294.24,295.87,297.5,294.24,297.5,3.27,3.27
M1-T15554---- 01 006,M1-T15554---- 01 006,Silica,OilWet,Silica_OilWet,MB03,4,283.34,275.11,282.36,292.35,275.11,292.35,17.24,17.24
M1-T15611W2-- 01 001,M1-T15611W2-- 01 001,Silica,OilWet,Silica_OilWet,ML07,2,125.46,124.99,125.46,125.94,124.99,125.94,0.95,0.95
M1-T15611W6-- 01 004,M1-T15611W6-- 01 004,Silica,OilWet,Silica_OilWet,ML07,3,223.87,222.51,224.38,225.02,222.51,225.02,2.51,2.51
M1-T15760---- 06 001,M1-T15760---- 06 001,Silica,OilWet,Silica_OilWet,ML09,506,147.17,138.78,147.85,155.6,138.78,155.6,16.82,16.82
M1-T15760---- 06 002,M1-T15760---- 06 002,Silica,OilWet,Silica_OilWet,ML09,942,149.62,142.28,149.56,157.82,142.28,157.82,15.54,15.54
M1-T15760---- 08 001,M1-T15760---- 08 001,Silica,OilWet,Silica_OilWet,ML07,3,149.77,145.08,151.59,153.73,145.08,153.73,8.65,8.65
M1-T15760---- 09 001,M1-T15760---- 09 001,Silica,OilWet,Silica_OilWet,MB03,11,142.25,133.33,138.9,149.35,133.33,149.35,16.03,16.03
M1-T15760B--- 01 001,M1-T15760B--- 01 001,Silica,OilWet,Silica_OilWet,ML09,47,157.51,150.99,158.34,165.22,150.99,165.22,14.23,14.23
M1-T15760B--- 01 003,M1-T15760B--- 01 003,Silica,OilWet,Silica_OilWet,ML09,16,159.81,151.97,157.55,163.51,151.97,163.51,11.54,11.54
M1-T15760B--- 01 004,M1-T15760B--- 01 004,Silica,OilWet,Silica_OilWet,ML09,190,148.47,139.37,148.83,156.89,139.37,156.89,17.52,17.52
M1-T15760W--- 03 004,M1-T15760W--- 03 004,Silica,OilWet,Silica_OilWet,ML09,148,148.95,142.06,149.1,157.28,142.06,157.28,15.22,15.22
M1-T15760W--- 03 005,M1-T15760W--- 03 005,Silica,OilWet,Silica_OilWet,ML09,186,155.89,146.97,155.64,166.29,146.97,166.29,19.32,19.32
M1-T15760W--- 05 002,M1-T15760W--- 05 002,Silica,OilWet,Silica_OilWet,MB03,2,148.12,145.9,148.12,150.34,145.9,150.34,4.43,4.43
M1-T15760X--- 04 001,M1-T15760X--- 04 001,Silica,OilWet,Silica_OilWet,MB03,2,137.35,137.17,137.35,137.54,137.17,137.54,0.37,0.37
M1-T15760XC-- 01 001,M1-T15760XC-- 01 001,Silica,OilWet,Silica_OilWet,ML09,11,152.88,142.69,153.58,158.4,142.69,158.4,15.71,15.71
M1-T15760XP-- 01 003,M1-T15760XP-- 01 003,Silica,OilWet,Silica_OilWet,ML09,1,150.5,150.5,150.5,150.5,150.5,150.5,0.0,0.0
M1-T15899---- 08 008,M1-T15899---- 08 008,Silica,OilWet,Silica_OilWet,MB03,4,164.72,159.47,164.28,170.33,159.47,170.33,10.87,10.87
M1-T15899---- 08 011,M1-T15899---- 08 011,Silica,OilWet,Silica_OilWet,MB03,102,153.53,144.51,152.56,163.77,144.51,163.77,19.26,19.26
M1-T15899---- 12 002,M1-T15899---- 12 002,Silica,OilWet,Silica_OilWet,ML09,163,169.32,154.73,169.99,181.66,154.73,181.66,26.93,26.93
M1-T15899---- 12 003,M1-T15899---- 12 003,Silica,OilWet,Silica_OilWet,ML09,13,178.7,170.7,172.64,189.44,170.7,189.44,18.74,18.74
M1-T15899---- 12 004,M1-T15899---- 12 004,Silica,OilWet,Silica_OilWet,ML09,29,165.21,158.82,164.97,174.21,158.82,174.21,15.38,15.38
M1-T15899---- 12 005,M1-T15899---- 12 005,Silica,OilWet,Silica_OilWet,ML09,84,168.0,154.36,169.9,177.95,154.36,177.95,23.59,23.59
M1-T16455---- 06 001,M1-T16455---- 06 001,Silica,OilWet,Silica_OilWet,ML07,8,184.44,161.16,186.84,205.82,161.16,205.82,44.66,44.66
M1-T16734---- 06 001,M1-T16734---- 06 001,Silica,NoOilDry,Silica_NoOilDry,ML07,83,162.3,149.77,160.78,177.09,149.77,177.09,27.32,27.32
M1-T16734---- 06 002,M1-T16734---- 06 002,Silica,NoOilDry,Silica_NoOilDry,ML07,20,174.77,165.2,171.66,184.78,165.2,184.78,19.58,19.58
M1-T16734---- 06 003,M1-T16734---- 06 003,Silica,NoOilDry,Silica_NoOilDry,ML07,18,159.08,154.0,158.0,164.68,154.0,164.68,10.68,10.68
M1-T16734---- 07 001,M1-T16734---- 07 001,Silica,NoOilDry,Silica_NoOilDry,ML09,3,168.82,162.32,166.86,176.11,162.32,176.11,13.79,13.79
M1-T17054---- 02 003,M1-T17054---- 02 003,Silica,OilWet,Silica_OilWet,MB02,1,147.33,147.33,147.33,147.33,147.33,147.33,0.0,0.0
M1-T17054---- 02 006,M1-T17054---- 02 006,Silica,OilWet,Silica_OilWet,MB02,4,151.65,148.93,150.07,155.63,148.93,155.63,6.69,6.69
M1-T17054---- 02 007,M1-T17054---- 02 007,Silica,OilWet,Silica_OilWet,MB02,1,189.39,189.39,189.39,189.39,189.39,189.39,0.0,0.0
M1-T17054B--- 01 001,M1-T17054B--- 01 001,Silica,OilWet,Silica_OilWet,MB02,1,200.06,200.06,200.06,200.06,200.06,200.06,0.0,0.0
M1-T17224---- 07 001,M1-T17224---- 07 001,Silica,OilWet,Silica_OilWet,MB03,1,117.66,117.66,117.66,117.66,117.66,117.66,0.0,0.0
M1-T17732---- 06 002,M1-T17732---- 06 002,Silica,OilWet,Silica_OilWet,ML09,46,191.21,177.97,186.45,208.62,177.97,208.62,30.65,30.65
M1-T17771---- 04 003,M1-T17771---- 04 003,Silica,OilWet,Silica_OilWet,ML07,2,166.62,160.86,166.62,172.38,160.86,172.38,11.52,11.52
M1-T17771---- 04 004,M1-T17771---- 04 004,Silica,OilWet,Silica_OilWet,ML07,2,156.56,155.4,156.56,157.72,155.4,157.72,2.32,2.32
M1-T17771---- 05 001,M1-T17771---- 05 001,Silica,OilWet,Silica_OilWet,MB03,75,164.94,152.52,163.98,180.31,152.52,180.31,27.8,27.8
M1-T17771---- 05 002,M1-T17771---- 05 002,Silica,OilWet,Silica_OilWet,MB03,45,163.33,146.46,165.81,176.62,146.46,176.62,30.16,30.16
M1-T17771---- 05 003,M1-T17771---- 05 003,Silica,OilWet,Silica_OilWet,MB03,80,167.12,149.01,166.71,185.62,149.01,185.62,36.61,36.61
M1-T17771B1-- 01 001,M1-T17771B1-- 01 001,Silica,OilWet,Silica_OilWet,MB03,4,152.59,148.22,152.86,156.76,148.22,156.76,8.54,8.54
M1-T17771B1-- 01 002,M1-T17771B1-- 01 002,Silica,OilWet,Silica_OilWet,MB03,7,163.9,153.78,161.27,174.08,153.78,174.08,20.3,20.3
M1-T17771X6-- 01 005,M1-T17771X6-- 01 005,Silica,OilWet,Silica_OilWet,MB03,3,147.54,144.78,145.97,150.92,144.78,150.92,6.14,6.14
M1-T18035---- 03 010,M1-T18035---- 03 010,Silica,OilWet,Silica_OilWet,ML07,1,288.64,288.64,288.64,288.64,288.64,288.64,0.0,0.0
M1-T18035---- 03 012,M1-T18035---- 03 012,Silica,OilWet,Silica_OilWet,ML07,3,310.25,304.26,306.99,317.54,304.26,317.54,13.28,13.28
M1-T18035---- 03 013,M1-T18035---- 03 013,Silica,OilWet,Silica_OilWet,ML07,2,247.3,240.11,247.3,254.5,240.11,254.5,14.38,14.38
M1-T18035---- 05 002,M1-T18035---- 05 002,Silica,OilWet,Silica_OilWet,ML07,10,272.73,254.77,275.83,289.42,254.77,289.42,34.64,34.64
M1-T18191---- 01 003,M1-T18191---- 01 003,Silica,NoOilDry,Silica_NoOilDry,ML09,21,195.96,184.14,192.15,211.83,184.14,211.83,27.7,27.7
M1-T19012---- 01 004,M1-T19012---- 01 004,Silica,OilWet,Silica_OilWet,ML09,1,319.45,319.45,319.45,319.45,319.45,319.45,0.0,0.0
M1-T19012---- 01 005,M1-T19012---- 01 005,Silica,OilWet,Silica_OilWet,ML09,4,294.94,285.6,297.97,301.86,285.6,301.86,16.26,16.26
M1-T19012---- 01 006,M1-T19012---- 01 006,Silica,OilWet,Silica_OilWet,ML09,2,306.72,304.72,306.72,308.72,304.72,308.72,4.0,4.0
M1-T19012W--- 01 001,M1-T19012W--- 01 001,Silica,OilWet,Silica_OilWet,ML09,5,186.0,175.43,190.04,194.42,175.43,194.42,18.99,18.99
M1-T19012X1-- 01 004,M1-T19012X1-- 01 004,Silica,OilWet,Silica_OilWet,ML09,3,176.92,169.1,179.52,183.71,169.1,183.71,14.6,14.6
M1-T19012X1-- 01 007,M1-T19012X1-- 01 007,Silica,OilWet,Silica_OilWet,ML09,3,188.55,185.25,190.64,191.02,185.25,191.02,5.77,5.77
M1-T19065---- 01 005,M1-T19065---- 01 005,Silica,OilWet,Silica_OilWet,ML09,98,177.0,155.93,177.21,191.22,155.93,191.22,35.28,35.28
M1-T19065---- 01 006,M1-T19065---- 01 006,Silica,OilWet,Silica_OilWet,ML09,42,172.61,159.44,174.62,185.51,159.44,185.51,26.07,26.07
M1-T19327---- 01 003,M1-T19327---- 01 003,Silica,OilWet,Silica_OilWet,ML07,3,183.81,176.33,187.32,189.89,176.33,189.89,13.56,13.56
M1-T19327---- 01 004,M1-T19327---- 01 004,Silica,OilWet,Silica_OilWet,ML07,4,185.14,181.24,185.2,188.98,181.24,188.98,7.74,7.74
M1-T19327---- 01 005,M1-T19327---- 01 005,Silica,OilWet,Silica_OilWet,ML07,3,173.97,169.21,170.52,180.12,169.21,180.12,10.92,10.92
M1-T19808---- 01 001,M1-T19808---- 01 001,Silica,NoOilDry,Silica_NoOilDry,ML09,5,175.28,148.57,154.95,220.25,148.57,220.25,71.68,71.68
M1-T20153---- 01 001,M1-T20153---- 01 001,Silica,OilWet,Silica_OilWet,ML09,17,262.59,246.79,260.09,281.93,246.79,281.93,35.14,35.14
M1-T20153---- 01 003,M1-T20153---- 01 003,Silica,OilWet,Silica_OilWet,ML09,43,270.95,249.75,268.86,297.36,249.75,297.36,47.61,47.61
M1-T20153W--- 01 001,M1-T20153W--- 01 001,Silica,OilWet,Silica_OilWet,ML09,104,166.56,157.66,165.31,174.13,157.66,174.13,16.47,16.47
M1-T25045---- 07 006,M1-T25045---- 07 006,Silica,NoOilDry,Silica_NoOilDry,ML07,375,151.22,138.67,150.2,166.08,138.67,166.08,27.4,27.4
M1-T25045---- 07 007,M1-T25045---- 07 007,Silica,NoOilDry,Silica_NoOilDry,ML07,63,149.65,141.57,149.82,157.25,141.57,157.25,15.68,15.68
M1-T25045---- 08 004,M1-T25045---- 08 004,Silica,NoOilDry,Silica_NoOilDry,ML09,92,158.71,143.22,156.3,175.79,143.22,175.79,32.56,32.56
M1-T25045---- 08 005,M1-T25045---- 08 005,Silica,NoOilDry,Silica_NoOilDry,ML09,5,162.37,159.2,162.87,165.46,159.2,165.46,6.25,6.25
M1-T25045-M-- 01 001,M1-T25045-M-- 01 001,Silica,NoOilDry,Silica_NoOilDry,ML10,3,236.43,230.71,233.08,243.48,230.71,243.48,12.77,12.77
M1-T25045-V-- 02 001,M1-T25045-V-- 02 001,Silica,NoOilDry,Silica_NoOilDry,ML07,4,163.15,159.29,159.58,169.87,159.29,169.87,10.59,10.59
M1-T25045-V-- 02 002,M1-T25045-V-- 02 002,Silica,NoOilDry,Silica_NoOilDry,ML07,5,161.32,157.21,163.48,164.09,157.21,164.09,6.88,6.88
M1-T25045-V-- 02 003,M1-T25045-V-- 02 003,Silica,NoOilDry,Silica_NoOilDry,ML07,9,163.25,160.46,162.06,166.89,160.46,166.89,6.43,6.43
M1-T25045-V-- 02 004,M1-T25045-V-- 02 004,Silica,NoOilDry,Silica_NoOilDry,ML07,24,155.72,139.63,158.15,166.7,139.63,166.7,27.08,27.08
M1-T25088---- 05 002,M1-T25088---- 05 002,Silica,NoOilDry,Silica_NoOilDry,ML09,50,170.31,158.61,169.48,183.76,158.61,183.76,25.15,25.15
M1-T25088---- 06 001,M1-T25088---- 06 001,Silica,NoOilDry,Silica_NoOilDry,ML07,1,122.83,122.83,122.83,122.83,122.83,122.83,0.0,0.0
M1-T25088---- 06 002,M1-T25088---- 06 002,Silica,NoOilDry,Silica_NoOilDry,ML07,1,172.03,172.03,172.03,172.03,172.03,172.03,0.0,0.0
M1-T25088---- 06 003,M1-T25088---- 06 003,Silica,NoOilDry,Silica_NoOilDry,ML07,36,166.01,156.77,164.03,171.83,156.77,171.83,15.06,15.06
M1-T26104---- 01 003,M1-T26104---- 01 003,Silica,NoOilDry,Silica_NoOilDry,ML07,10,163.88,150.29,165.34,178.12,150.29,178.12,27.83,27.83
M1-T26104---- 01 004,M1-T26104---- 01 004,Silica,NoOilDry,Silica_NoOilDry,ML07,25,160.8,151.01,158.22,173.03,151.01,173.03,22.03,22.03
M1-T26104---- 01 005,M1-T26104---- 01 005,Silica,NoOilDry,Silica_NoOilDry,ML07,1,128.71,128.71,128.71,128.71,128.71,128.71,0.0,0.0
M1-T26104---- 06 001,M1-T26104---- 06 001,Silica,NoOilDry,Silica_NoOilDry,ML09,2,174.48,171.0,174.48,177.95,171.0,177.95,6.95,6.95
M1-T26104---- 06 002,M1-T26104---- 06 002,Silica,NoOilDry,Silica_NoOilDry,ML09,96,157.29,148.39,157.81,163.86,148.39,163.86,15.47,15.47
M1-T26104---- 06 003,M1-T26104---- 06 003,Silica,NoOilDry,Silica_NoOilDry,ML09,54,147.53,136.67,148.42,154.78,136.67,154.78,18.11,18.11
M1-T30087---- 08 001,M1-T30087---- 08 001,Silica,OilWet,Silica_OilWet,ML09,11,182.69,178.34,184.63,187.98,178.34,187.98,9.64,9.64
M1-T33025W3-- 01 001,M1-T33025W3-- 01 001,Silica,OilWet,Silica_OilWet,ML09,4,184.83,182.1,184.04,188.19,182.1,188.19,6.1,6.1
M1-T33025W3-- 03 004,M1-T33025W3-- 03 004,Silica,OilWet,Silica_OilWet,ML07,9,314.56,300.76,316.32,323.52,300.76,323.52,22.76,22.76
M1-T33025W3-- 03 005,M1-T33025W3-- 03 005,Silica,OilWet,Silica_OilWet,ML07,68,295.41,273.49,296.31,311.96,273.49,311.96,38.47,38.47
M1-T33025W3-- 04 003,M1-T33025W3-- 04 003,Silica,OilWet,Silica_OilWet,ML09,1256,327.62,309.72,327.36,346.52,309.72,346.52,36.8,36.8
M1-T33025W3-- 04 004,M1-T33025W3-- 04 004,Silica,OilWet,Silica_OilWet,ML09,757,317.57,300.05,318.75,332.85,300.05,332.85,32.8,32.8
M1-T33025W3-- 04 005,M1-T33025W3-- 04 005,Silica,OilWet,Silica_OilWet,ML09,1128,299.04,280.55,298.71,319.01,280.55,319.01,38.47,38.47
M1-T33025W3-- 07 001,M1-T33025W3-- 07 001,Silica,OilWet,Silica_OilWet,MB03,7,178.63,172.1,179.49,185.89,172.1,185.89,13.78,13.78
M1-T33025W3-- 07 003,M1-T33025W3-- 07 003,Silica,OilWet,Silica_OilWet,MB03,13,158.95,136.09,161.67,174.43,136.09,174.43,38.34,38.34
M1-T33025XA-- 01 001,M1-T33025XA-- 01 001,Silica,OilWet,Silica_OilWet,ML09,5,209.01,199.92,211.68,217.1,199.92,217.1,17.18,17.18
M1-T33025XA-- 01 002,M1-T33025XA-- 01 002,Silica,OilWet,Silica_OilWet,ML09,5,177.14,167.84,179.43,184.17,167.84,184.17,16.33,16.33
