CompoundName,material_system,phase_route,MixerLine,bounds_scope,sample_count,Stage2_DryMixing_Duration_min,Stage2_DryMixing_Duration_max,Stage2_DryMixing_Duration_nominal,Stage4_WetMixing_Duration_min,Stage4_WetMixing_Duration_max,Stage4_WetMixing_Duration_nominal,Stage5_PID_Duration_min,Stage5_PID_Duration_max,Stage5_PID_Duration_nominal,Stage6_BottomMixing_Duration_min,Stage6_BottomMixing_Duration_max,Stage6_BottomMixing_Duration_nominal,Target_Temperature_min,Target_Temperature_max,Target_Temperature_nominal
M1-A00205---- 09 001,CarbonBlack,OilWet,MB03,EXACT_RECIPE_MIXER_ROUTE,5,41.6,50.0,49.0,3.0,5.0,4.0,38.0,62.0,62.0,117.0,128.0,119.0,150.0,150.0,150.0
M1-A00205---- 09 003,CarbonBlack,OilWet,MB03,EXACT_RECIPE_MIXER_ROUTE,4,0.0,0.0,0.0,0.0,0.0,0.0,0.0,0.0,0.0,0.0,0.0,0.0,0.0,0.0,0.0
M1-A00205W3-- 03 002,CarbonBlack,OilWet,MB02,EXACT_RECIPE_MIXER_ROUTE,4,0.0,0.0,0.0,0.0,0.0,0.0,0.0,0.0,0.0,0.0,0.0,0.0,0.0,0.0,0.0
M1-A00205W3-- 03 003,CarbonBlack,OilWet,MB02,EXACT_RECIPE_MIXER_ROUTE,86,53.0,54.0,53.0,3.0,8.0,5.0,30.0,39.75,34.0,73.0,124.75,104.0,150.0,150.0,150.0
M1-A00205W4-- 01 001,CarbonBlack,OilWet,MB02,EXACT_RECIPE_MIXER_ROUTE,9,51.0,52.0,51.0,5.0,11.2,8.0,47.0,51.6,49.0,78.0,79.0,78.0,150.0,150.0,150.0
M1-A00268R2-- 05 001,CarbonBlack,OilWet,MB02,EXACT_RECIPE_MIXER_ROUTE,17,31.0,31.0,31.0,5.0,20.0,5.0,14.6,30.4,27.0,50.0,53.2,52.0,145.0,145.0,145.0
M1-A00268R2-- 05 003,CarbonBlack,OilWet,MB02,EXACT_RECIPE_MIXER_ROUTE,2,0.0,0.0,0.0,0.0,0.0,0.0,0.0,0.0,0.0,0.0,0.0,0.0,0.0,0.0,0.0
M1-A00268R2-- 05 006,CarbonBlack,OilWet,MB02,EXACT_RECIPE_MIXER_ROUTE,4,0.0,0.0,0.0,0.0,0.0,0.0,0.0,0.0,0.0,0.0,0.0,0.0,0.0,0.0,0.0
M1-A00268R2-- 06 007,CarbonBlack,OilWet,ML07,EXACT_RECIPE_MIXER_ROUTE,8,29.0,29.0,29.0,20.0,23.65,21.5,19.7,43.0,32.0,92.0,124.3,117.5,150.0,150.0,150.0
M1-A00517B--- 04 001,CarbonBlack,OilWet,ML07,EXACT_RECIPE_MIXER_ROUTE,11,70.0,71.5,71.0,18.5,29.0,24.0,20.0,24.5,22.0,60.5,139.5,64.0,150.0,150.0,150.0
M1-A00517B3-- 01 002,CarbonBlack,OilWet,ML07,EXACT_RECIPE_MIXER_ROUTE,6,54.0,54.0,54.0,36.0,40.0,37.5,20.25,26.0,22.0,119.0,122.0,121.5,155.0,155.0,155.0
M1-A00517B3-- 01 003,CarbonBlack,OilWet,ML07,EXACT_RECIPE_MIXER_ROUTE,19,53.0,54.0,54.0,42.9,57.1,48.0,19.0,30.0,24.0,78.9,186.0,178.0,156.0,156.0,156.0
M1-A03391---- 09 003,CarbonBlack,OilWet,MB03,EXACT_RECIPE_MIXER_ROUTE,4,0.0,0.0,0.0,0.0,0.0,0.0,0.0,0.0,0.0,0.0,0.0,0.0,0.0,0.0,0.0
M1-A03391---- 09 005,CarbonBlack,OilWet,MB03,EXACT_RECIPE_MIXER_ROUTE,3,0.0,0.0,0.0,0.0,0.0,0.0,0.0,0.0,0.0,0.0,0.0,0.0,0.0,0.0,0.0
M1-A03391---- 09 006,CarbonBlack,OilWet,MB03,EXACT_RECIPE_MIXER_ROUTE,3,0.0,0.0,0.0,0.0,0.0,0.0,0.0,0.0,0.0,0.0,0.0,0.0,0.0,0.0,0.0
M1-A03405R3-- 03 002,CarbonBlack,NoOilDry,ML09,EXACT_RECIPE_MIXER_ROUTE,1,0.0,0.0,0.0,0.0,0.0,0.0,0.0,0.0,0.0,0.0,0.0,0.0,0.0,0.0,0.0
M1-A03405R3-- 03 003,CarbonBlack,NoOilDry,ML09,EXACT_RECIPE_MIXER_ROUTE,3,0.0,0.0,0.0,0.0,0.0,0.0,0.0,0.0,0.0,0.0,0.0,0.0,0.0,0.0,0.0
M1-A03405R3-- 04 003,CarbonBlack,NoOilDry,MB03,EXACT_RECIPE_MIXER_ROUTE,9,65.0,70.0,68.0,0.0,0.0,0.0,23.0,25.6,24.0,72.0,73.6,73.0,150.0,150.0,150.0
M1-A03405R3-- 04 004,CarbonBlack,NoOilDry,MB03,EXACT_RECIPE_MIXER_ROUTE,3,0.0,0.0,0.0,0.0,0.0,0.0,0.0,0.0,0.0,0.0,0.0,0.0,0.0,0.0,0.0
M1-A03405X--- 01 001,CarbonBlack,NoOilDry,MB03,EXACT_RECIPE_MIXER_ROUTE,2,0.0,0.0,0.0,0.0,0.0,0.0,0.0,0.0,0.0,0.0,0.0,0.0,0.0,0.0,0.0
M1-A06441R1-- 04 001,CarbonBlack,OilWet,MB02,EXACT_RECIPE_MIXER_ROUTE,5,44.0,45.0,45.0,8.6,29.4,26.0,7.0,13.0,8.0,32.0,50.4,32.0,155.0,155.0,155.0
M1-A06441R2-- 01 005,CarbonBlack,OilWet,MB02,EXACT_RECIPE_MIXER_ROUTE,4,0.0,0.0,0.0,0.0,0.0,0.0,0.0,0.0,0.0,0.0,0.0,0.0,0.0,0.0,0.0
M1-A16404---- 01 005,CarbonBlack,OilWet,MB03,EXACT_RECIPE_MIXER_ROUTE,7,38.3,40.0,39.0,37.3,45.2,39.0,26.0,27.7,27.0,83.3,86.0,85.0,160.0,160.0,160.0
M1-A16404B--- 01 002,CarbonBlack,OilWet,MB03,EXACT_RECIPE_MIXER_ROUTE,3,0.0,0.0,0.0,0.0,0.0,0.0,0.0,0.0,0.0,0.0,0.0,0.0,0.0,0.0,0.0
M1-A44268---- 01 002,CarbonBlack,OilWet,MB02,EXACT_RECIPE_MIXER_ROUTE,3,0.0,0.0,0.0,0.0,0.0,0.0,0.0,0.0,0.0,0.0,0.0,0.0,0.0,0.0,0.0
M1-A44517---- 01 002,CarbonBlack,OilWet,ML07,EXACT_RECIPE_MIXER_ROUTE,1,0.0,0.0,0.0,0.0,0.0,0.0,0.0,0.0,0.0,0.0,0.0,0.0,0.0,0.0,0.0
M1-B00163---- 08 005,CarbonBlack,OilWet,MB02,EXACT_RECIPE_MIXER_ROUTE,5,36.0,39.0,36.0,22.2,34.0,24.0,12.4,18.4,16.0,49.0,75.2,57.0,150.0,150.0,150.0
M1-B00163---- 08 007,CarbonBlack,OilWet,MB02,EXACT_RECIPE_MIXER_ROUTE,3,0.0,0.0,0.0,0.0,0.0,0.0,0.0,0.0,0.0,0.0,0.0,0.0,0.0,0.0,0.0
M1-B00163---- 08 008,CarbonBlack,OilWet,MB02,EXACT_RECIPE_MIXER_ROUTE,1,0.0,0.0,0.0,0.0,0.0,0.0,0.0,0.0,0.0,0.0,0.0,0.0,0.0,0.0,0.0
M1-B00163-M-- 09 001,CarbonBlack,OilWet,ML10,EXACT_RECIPE_MIXER_ROUTE,2,0.0,0.0,0.0,0.0,0.0,0.0,0.0,0.0,0.0,0.0,0.0,0.0,0.0,0.0,0.0
M1-B00163-M-- 09 002,CarbonBlack,OilWet,ML10,EXACT_RECIPE_MIXER_ROUTE,1,0.0,0.0,0.0,0.0,0.0,0.0,0.0,0.0,0.0,0.0,0.0,0.0,0.0,0.0,0.0
M1-B00163R4-- 01 003,CarbonBlack,OilWet,MB02,EXACT_RECIPE_MIXER_ROUTE,47,47.0,53.0,52.0,5.0,19.4,5.0,15.0,31.0,28.0,45.0,131.4,85.0,145.0,145.0,145.0
M1-B00163R4-- 01 004,CarbonBlack,OilWet,MB02,EXACT_RECIPE_MIXER_ROUTE,22,50.0,51.0,50.0,5.0,22.0,15.5,16.0,98.5,19.5,74.05,119.95,94.0,150.0,150.0,150.0
M1-B00163RT-- 01 001,CarbonBlack,OilWet,MB02,EXACT_RECIPE_MIXER_ROUTE,20,33.95,34.05,34.0,4.9,25.1,17.5,55.85,73.1,65.5,91.9,107.05,97.0,145.0,145.0,145.0
M1-B00163RT-- 01 002,CarbonBlack,OilWet,MB02,EXACT_RECIPE_MIXER_ROUTE,58,34.0,34.15,34.0,5.0,21.0,5.0,54.0,114.3,81.5,82.0,183.2,145.0,145.0,145.0,145.0
M1-B00163XM-- 02 003,CarbonBlack,OilWet,MB02,EXACT_RECIPE_MIXER_ROUTE,4,0.0,0.0,0.0,0.0,0.0,0.0,0.0,0.0,0.0,0.0,0.0,0.0,0.0,0.0,0.0
M1-B00163XV-- 01 001,CarbonBlack,OilWet,MB02,EXACT_RECIPE_MIXER_ROUTE,3,0.0,0.0,0.0,0.0,0.0,0.0,0.0,0.0,0.0,0.0,0.0,0.0,0.0,0.0,0.0
M1-B00163XV-- 01 002,CarbonBlack,OilWet,MB02,EXACT_RECIPE_MIXER_ROUTE,3,0.0,0.0,0.0,0.0,0.0,0.0,0.0,0.0,0.0,0.0,0.0,0.0,0.0,0.0,0.0
M1-B00163XV-- 01 003,CarbonBlack,OilWet,MB02,EXACT_RECIPE_MIXER_ROUTE,3,0.0,0.0,0.0,0.0,0.0,0.0,0.0,0.0,0.0,0.0,0.0,0.0,0.0,0.0,0.0
M1-B00163XV-- 01 004,CarbonBlack,OilWet,MB02,EXACT_RECIPE_MIXER_ROUTE,11,36.0,36.0,36.0,3.0,20.5,5.0,14.5,37.0,33.0,74.0,95.0,94.0,150.0,150.0,150.0
M1-B00458---- 11 005,CarbonBlack,OilWet,ML09,EXACT_RECIPE_MIXER_ROUTE,4,0.0,0.0,0.0,0.0,0.0,0.0,0.0,0.0,0.0,0.0,0.0,0.0,0.0,0.0,0.0
M1-B00458---- 11 006,CarbonBlack,OilWet,ML09,EXACT_RECIPE_MIXER_ROUTE,28,45.0,55.2,46.0,16.0,29.65,19.0,15.7,20.0,19.0,49.0,61.0,50.0,145.0,145.0,145.0
M1-B00458---- 12 003,CarbonBlack,OilWet,MB02,EXACT_RECIPE_MIXER_ROUTE,1121,45.0,61.0,51.0,5.0,27.0,5.0,18.0,63.0,30.0,22.0,114.0,53.0,145.0,145.0,145.0
M1-B00458---- 12 004,CarbonBlack,OilWet,MB02,EXACT_RECIPE_MIXER_ROUTE,1175,45.0,46.0,45.0,5.0,15.0,5.0,22.0,36.0,27.0,22.0,124.0,73.0,145.0,145.0,145.0
M1-B00458---- 12 005,CarbonBlack,OilWet,MB02,EXACT_RECIPE_MIXER_ROUTE,234,45.0,49.0,46.0,5.0,19.0,14.0,23.65,34.35,26.5,42.0,84.0,63.0,145.0,145.0,145.0
M1-B00458---- 12 007,CarbonBlack,OilWet,MB02,EXACT_RECIPE_MIXER_ROUTE,19,49.0,51.0,50.0,15.9,21.1,19.0,20.9,23.0,22.0,102.0,105.0,103.0,148.0,148.0,148.0
M1-B00458---- 12 008,CarbonBlack,OilWet,MB02,EXACT_RECIPE_MIXER_ROUTE,25,48.0,66.8,51.0,16.0,21.8,18.0,20.2,30.8,23.0,93.2,137.0,103.0,148.0,148.0,148.0
M1-B00458-M-- 01 001,CarbonBlack,OilWet,ML10,EXACT_RECIPE_MIXER_ROUTE,8,48.0,49.0,48.0,8.35,14.95,11.5,24.35,28.95,26.0,76.0,77.0,77.0,145.0,145.0,145.0
M1-B00458B1-- 02 001,CarbonBlack,OilWet,MB02,EXACT_RECIPE_MIXER_ROUTE,7,56.0,57.0,56.0,5.0,19.0,5.0,30.1,58.0,52.0,82.3,84.0,84.0,145.0,145.0,145.0
M1-B00458B1-- 02 002,CarbonBlack,OilWet,MB02,EXACT_RECIPE_MIXER_ROUTE,79,45.0,61.0,60.0,5.0,23.3,5.0,22.0,65.1,49.0,22.0,84.0,64.0,145.0,145.0,145.0
M1-B00458B1-- 02 003,CarbonBlack,OilWet,MB02,EXACT_RECIPE_MIXER_ROUTE,17,33.0,35.4,34.0,10.8,16.2,13.0,28.8,33.4,32.0,22.8,33.0,32.0,145.0,145.0,145.0
M1-B00458RFD- 01 001,CarbonBlack,OilWet,MB02,EXACT_RECIPE_MIXER_ROUTE,3,0.0,0.0,0.0,0.0,0.0,0.0,0.0,0.0,0.0,0.0,0.0,0.0,0.0,0.0,0.0
M1-B00458RFD- 06 001,CarbonBlack,OilWet,ML09,EXACT_RECIPE_MIXER_ROUTE,2,0.0,0.0,0.0,0.0,0.0,0.0,0.0,0.0,0.0,0.0,0.0,0.0,0.0,0.0,0.0
M1-B00458RIL- 08 001,CarbonBlack,OilWet,MB02,EXACT_RECIPE_MIXER_ROUTE,10,46.0,50.0,50.0,7.25,21.65,18.0,38.45,52.7,41.5,86.45,140.1,108.5,145.0,145.0,145.0
M1-B00458RRL- 01 001,CarbonBlack,OilWet,MB02,EXACT_RECIPE_MIXER_ROUTE,43,40.0,43.0,40.0,11.0,19.9,14.0,27.2,42.0,35.0,79.0,139.0,130.0,150.0,150.0,150.0
M1-B00458RRL- 01 003,CarbonBlack,OilWet,MB02,EXACT_RECIPE_MIXER_ROUTE,38,40.0,41.0,40.0,9.0,16.15,13.0,35.85,44.3,39.0,67.85,147.15,123.0,150.0,150.0,150.0
M1-B00458RRL- 01 004,CarbonBlack,OilWet,MB02,EXACT_RECIPE_MIXER_ROUTE,11,40.0,44.5,41.0,12.0,19.5,15.0,38.0,42.5,40.0,117.5,119.0,119.0,150.0,150.0,150.0
M1-B00458RRL- 04 002,CarbonBlack,OilWet,ML09,EXACT_RECIPE_MIXER_ROUTE,11,42.5,54.0,52.0,11.0,16.0,13.0,40.5,50.5,44.0,131.5,142.0,140.0,150.0,150.0,150.0
M1-B00458X--- 04 001,CarbonBlack,OilWet,ML10,EXACT_RECIPE_MIXER_ROUTE,33,47.0,49.0,48.0,10.0,16.0,12.0,25.0,31.0,28.0,47.0,78.0,47.0,145.0,145.0,145.0
M1-B00458XM-- 04 002,CarbonBlack,OilWet,MB02,EXACT_RECIPE_MIXER_ROUTE,3,0.0,0.0,0.0,0.0,0.0,0.0,0.0,0.0,0.0,0.0,0.0,0.0,0.0,0.0,0.0
M1-B00458XM-- 04 003,CarbonBlack,OilWet,MB02,EXACT_RECIPE_MIXER_ROUTE,3,0.0,0.0,0.0,0.0,0.0,0.0,0.0,0.0,0.0,0.0,0.0,0.0,0.0,0.0,0.0
M1-B00458XV-- 01 002,CarbonBlack,OilWet,MB02,EXACT_RECIPE_MIXER_ROUTE,4,0.0,0.0,0.0,0.0,0.0,0.0,0.0,0.0,0.0,0.0,0.0,0.0,0.0,0.0,0.0
M1-B00460-M-- 01 003,CarbonBlack,OilWet,ML10,EXACT_RECIPE_MIXER_ROUTE,9,86.0,89.6,87.0,5.0,5.0,5.0,41.8,48.6,46.0,145.0,146.0,145.0,152.0,152.0,152.0
M1-B00460B--- 01 001,CarbonBlack,OilWet,ML07,EXACT_RECIPE_MIXER_ROUTE,41,55.0,73.0,66.0,4.0,17.0,5.0,44.0,54.0,45.0,63.0,97.0,94.0,145.0,145.0,145.0
M1-B00460B--- 01 002,CarbonBlack,OilWet,ML07,EXACT_RECIPE_MIXER_ROUTE,21,66.0,72.0,66.0,5.0,5.0,5.0,44.0,50.0,45.0,76.0,115.0,95.0,145.0,145.0,145.0
M1-B00460B--- 01 003,CarbonBlack,OilWet,ML07,EXACT_RECIPE_MIXER_ROUTE,22,65.0,69.95,66.0,5.0,5.0,5.0,44.0,48.8,45.0,56.05,131.0,128.0,145.0,145.0,145.0
M1-B00460B--- 01 004,CarbonBlack,OilWet,ML07,EXACT_RECIPE_MIXER_ROUTE,2,0.0,0.0,0.0,0.0,0.0,0.0,0.0,0.0,0.0,0.0,0.0,0.0,0.0,0.0,0.0
M1-B00460B--- 02 001,CarbonBlack,OilWet,MB02,EXACT_RECIPE_MIXER_ROUTE,67,63.3,74.7,72.0,5.0,21.0,5.0,39.3,51.0,46.0,90.0,93.0,91.0,145.0,145.0,145.0
M1-B00460B--- 03 001,CarbonBlack,OilWet,MB02,EXACT_RECIPE_MIXER_ROUTE,15,73.0,117.4,74.0,5.0,5.0,5.0,45.0,50.2,46.0,90.0,121.0,100.0,145.0,145.0,145.0
M1-B00460B--- 03 002,CarbonBlack,OilWet,MB02,EXACT_RECIPE_MIXER_ROUTE,52,71.55,74.0,73.0,5.0,5.0,5.0,35.0,49.8,46.0,66.55,125.0,100.0,145.0,145.0,145.0
M1-B00460B--- 03 003,CarbonBlack,OilWet,MB02,EXACT_RECIPE_MIXER_ROUTE,15,72.0,75.6,73.0,3.7,19.3,5.0,30.0,44.3,41.0,145.0,148.0,146.0,155.0,155.0,155.0
M1-B00460B--- 04 001,CarbonBlack,OilWet,ML10,EXACT_RECIPE_MIXER_ROUTE,2,0.0,0.0,0.0,0.0,0.0,0.0,0.0,0.0,0.0,0.0,0.0,0.0,0.0,0.0,0.0
M1-B00460B--- 04 002,CarbonBlack,OilWet,ML10,EXACT_RECIPE_MIXER_ROUTE,63,75.0,97.9,78.0,5.0,5.0,5.0,43.0,59.0,53.0,160.0,176.0,175.0,158.0,158.0,158.0
M1-B00460B--- 04 004,CarbonBlack,OilWet,ML10,EXACT_RECIPE_MIXER_ROUTE,1,0.0,0.0,0.0,0.0,0.0,0.0,0.0,0.0,0.0,0.0,0.0,0.0,0.0,0.0,0.0
M1-B00460B--- 04 007,CarbonBlack,OilWet,ML10,EXACT_RECIPE_MIXER_ROUTE,7,39.0,40.0,39.0,5.0,20.6,11.0,21.6,41.0,32.0,112.0,147.0,112.0,158.0,158.0,158.0
M1-B00460B--- 04 009,CarbonBlack,OilWet,ML10,EXACT_RECIPE_MIXER_ROUTE,2,0.0,0.0,0.0,0.0,0.0,0.0,0.0,0.0,0.0,0.0,0.0,0.0,0.0,0.0,0.0
M1-B00460XJ-- 01 001,CarbonBlack,OilWet,ML07,EXACT_RECIPE_MIXER_ROUTE,9,55.0,58.6,55.0,14.0,16.0,15.0,45.0,48.2,46.0,94.4,98.0,96.0,145.0,145.0,145.0
M1-B00460XP-- 02 001,CarbonBlack,OilWet,ML10,EXACT_RECIPE_MIXER_ROUTE,2,0.0,0.0,0.0,0.0,0.0,0.0,0.0,0.0,0.0,0.0,0.0,0.0,0.0,0.0,0.0
M1-B15563---- 01 003,CarbonBlack,OilWet,ML09,EXACT_RECIPE_MIXER_ROUTE,20,35.0,35.0,35.0,14.0,31.1,18.0,18.95,39.05,32.0,72.95,75.0,74.0,145.0,145.0,145.0
M1-B15563---- 04 004,CarbonBlack,OilWet,ML07,EXACT_RECIPE_MIXER_ROUTE,2,0.0,0.0,0.0,0.0,0.0,0.0,0.0,0.0,0.0,0.0,0.0,0.0,0.0,0.0,0.0
M1-B15563---- 04 005,CarbonBlack,OilWet,ML07,EXACT_RECIPE_MIXER_ROUTE,7,39.0,39.0,39.0,7.7,17.7,15.0,18.0,28.0,20.0,89.3,91.0,90.0,145.0,145.0,145.0
M1-B15563---- 04 006,CarbonBlack,OilWet,ML07,EXACT_RECIPE_MIXER_ROUTE,6,39.0,39.0,39.0,14.0,15.0,15.0,19.25,21.0,20.5,90.25,92.0,91.5,145.0,145.0,145.0
M1-B15563---- 04 008,CarbonBlack,OilWet,ML07,EXACT_RECIPE_MIXER_ROUTE,3,0.0,0.0,0.0,0.0,0.0,0.0,0.0,0.0,0.0,0.0,0.0,0.0,0.0,0.0,0.0
M1-B15563R1-- 01 004,CarbonBlack,OilWet,ML07,EXACT_RECIPE_MIXER_ROUTE,3,0.0,0.0,0.0,0.0,0.0,0.0,0.0,0.0,0.0,0.0,0.0,0.0,0.0,0.0,0.0
M1-B15563R1-- 01 005,CarbonBlack,OilWet,ML07,EXACT_RECIPE_MIXER_ROUTE,25,39.0,39.0,39.0,19.0,27.8,22.0,18.0,24.8,21.0,105.0,148.0,107.0,150.0,150.0,150.0
M1-C10430---- 05 003,CarbonBlack,NoOilDry,MB03,EXACT_RECIPE_MIXER_ROUTE,4,0.0,0.0,0.0,0.0,0.0,0.0,0.0,0.0,0.0,0.0,0.0,0.0,0.0,0.0,0.0
M1-C10430---- 05 004,CarbonBlack,NoOilDry,MB03,EXACT_RECIPE_MIXER_ROUTE,5,65.6,76.2,72.0,0.0,0.0,0.0,20.2,27.6,21.0,51.0,52.0,51.0,147.0,147.0,147.0
M1-C10430---- 05 005,CarbonBlack,NoOilDry,MB03,EXACT_RECIPE_MIXER_ROUTE,2,0.0,0.0,0.0,0.0,0.0,0.0,0.0,0.0,0.0,0.0,0.0,0.0,0.0,0.0,0.0
M1-C10430B4-- 01 004,CarbonBlack,NoOilDry,MB02,EXACT_RECIPE_MIXER_ROUTE,4,0.0,0.0,0.0,0.0,0.0,0.0,0.0,0.0,0.0,0.0,0.0,0.0,0.0,0.0,0.0
M1-M08161X3-- 01 001,CarbonBlack,OilWet,MB02,EXACT_RECIPE_MIXER_ROUTE,4,0.0,0.0,0.0,0.0,0.0,0.0,0.0,0.0,0.0,0.0,0.0,0.0,0.0,0.0,0.0
M1-R00037---- 12 001,CarbonBlack,OilWet,MB03,EXACT_RECIPE_MIXER_ROUTE,1,0.0,0.0,0.0,0.0,0.0,0.0,0.0,0.0,0.0,0.0,0.0,0.0,0.0,0.0,0.0
M1-R00037W9-- 01 001,CarbonBlack,OilWet,MB03,EXACT_RECIPE_MIXER_ROUTE,12,19.0,26.45,23.5,20.55,26.45,24.0,33.0,35.45,34.5,98.0,101.0,99.5,160.0,160.0,160.0
M1-R00037W9-- 01 002,CarbonBlack,OilWet,MB03,EXACT_RECIPE_MIXER_ROUTE,23,25.1,37.9,32.0,21.1,49.8,25.0,23.1,71.0,68.0,72.0,170.9,168.0,155.0,155.0,155.0
M1-R00037W9-- 01 004,CarbonBlack,OilWet,MB03,EXACT_RECIPE_MIXER_ROUTE,1,0.0,0.0,0.0,0.0,0.0,0.0,0.0,0.0,0.0,0.0,0.0,0.0,0.0,0.0,0.0
M1-R00037W9-- 03 001,CarbonBlack,OilWet,MB02,EXACT_RECIPE_MIXER_ROUTE,4,0.0,0.0,0.0,0.0,0.0,0.0,0.0,0.0,0.0,0.0,0.0,0.0,0.0,0.0,0.0
M1-R00037XE-- 02 005,CarbonBlack,OilWet,MB03,EXACT_RECIPE_MIXER_ROUTE,2,0.0,0.0,0.0,0.0,0.0,0.0,0.0,0.0,0.0,0.0,0.0,0.0,0.0,0.0,0.0
M1-R00218R1-- 01 002,CarbonBlack,NoOilDry,ML07,EXACT_RECIPE_MIXER_ROUTE,34,81.0,113.0,85.0,0.0,0.0,0.0,55.0,67.0,64.0,109.0,169.35,139.0,150.0,150.0,150.0
M1-R00218R1-- 01 004,CarbonBlack,NoOilDry,ML07,EXACT_RECIPE_MIXER_ROUTE,4,0.0,0.0,0.0,0.0,0.0,0.0,0.0,0.0,0.0,0.0,0.0,0.0,0.0,0.0,0.0
M1-R00218W1-- 01 002,CarbonBlack,NoOilDry,ML05,EXACT_RECIPE_MIXER_ROUTE,5,97.2,100.0,99.0,0.0,0.0,0.0,85.2,87.8,87.0,213.2,225.4,214.0,150.0,150.0,150.0
M1-R00218W1-- 03 002,CarbonBlack,NoOilDry,ML09,EXACT_RECIPE_MIXER_ROUTE,16,70.0,78.0,76.0,0.0,0.0,0.0,61.25,66.75,64.0,132.0,135.0,134.0,150.0,150.0,150.0
M1-R00218W1-- 09 001,CarbonBlack,NoOilDry,ML09,EXACT_RECIPE_MIXER_ROUTE,22,54.0,70.95,68.5,0.0,0.0,0.0,52.0,63.95,55.0,129.0,155.9,130.5,158.0,158.0,158.0
M1-R00218W2-- 10 003,CarbonBlack,NoOilDry,ML05,EXACT_RECIPE_MIXER_ROUTE,13,61.0,108.0,91.0,0.0,0.0,0.0,58.6,88.0,72.0,146.0,173.6,161.0,158.0,158.0,158.0
M1-R00218W2-- 10 004,CarbonBlack,NoOilDry,ML05,EXACT_RECIPE_MIXER_ROUTE,5,67.0,69.0,69.0,0.0,0.0,0.0,31.2,32.0,32.0,112.2,114.0,113.0,158.0,158.0,158.0
M1-R00218W2-- 10 005,CarbonBlack,NoOilDry,ML05,EXACT_RECIPE_MIXER_ROUTE,4,0.0,0.0,0.0,0.0,0.0,0.0,0.0,0.0,0.0,0.0,0.0,0.0,0.0,0.0,0.0
M1-R00218W5-- 01 001,CarbonBlack,NoOilDry,ML05,EXACT_RECIPE_MIXER_ROUTE,8,66.35,75.0,70.0,0.0,0.0,0.0,31.7,35.65,35.0,71.35,113.0,112.0,158.0,158.0,158.0
M1-R00218W5-- 01 004,CarbonBlack,NoOilDry,ML05,EXACT_RECIPE_MIXER_ROUTE,1,0.0,0.0,0.0,0.0,0.0,0.0,0.0,0.0,0.0,0.0,0.0,0.0,0.0,0.0,0.0
M1-R00218W5-- 05 006,CarbonBlack,NoOilDry,ML10,EXACT_RECIPE_MIXER_ROUTE,3,0.0,0.0,0.0,0.0,0.0,0.0,0.0,0.0,0.0,0.0,0.0,0.0,0.0,0.0,0.0
M1-S00211B--- 04 002,Silica,OilWet,ML05,EXACT_RECIPE_MIXER_ROUTE,3,0.0,0.0,0.0,0.0,0.0,0.0,0.0,0.0,0.0,0.0,0.0,0.0,0.0,0.0,0.0
M1-S00211B--- 05 003,Silica,OilWet,ML09,EXACT_RECIPE_MIXER_ROUTE,3,0.0,0.0,0.0,0.0,0.0,0.0,0.0,0.0,0.0,0.0,0.0,0.0,0.0,0.0,0.0
M1-S08156---- 18 001,Silica,OilWet,MB02,EXACT_RECIPE_MIXER_ROUTE,3,0.0,0.0,0.0,0.0,0.0,0.0,0.0,0.0,0.0,0.0,0.0,0.0,0.0,0.0,0.0
M1-S08156---- 19 003,Silica,OilWet,MB03,EXACT_RECIPE_MIXER_ROUTE,2,0.0,0.0,0.0,0.0,0.0,0.0,0.0,0.0,0.0,0.0,0.0,0.0,0.0,0.0,0.0
M1-S08156---- 20 001,Silica,OilWet,ML07,EXACT_RECIPE_MIXER_ROUTE,8,44.0,45.0,44.0,40.0,46.65,44.0,19.35,23.65,22.0,45.35,47.0,46.0,145.0,145.0,145.0
M1-S08156B1-- 01 003,Silica,OilWet,ML07,EXACT_RECIPE_MIXER_ROUTE,146,29.0,40.0,39.0,33.0,50.75,42.0,17.0,30.0,20.0,18.0,88.0,39.5,145.0,145.0,145.0
M1-S08156B1-- 01 004,Silica,OilWet,ML07,EXACT_RECIPE_MIXER_ROUTE,1,0.0,0.0,0.0,0.0,0.0,0.0,0.0,0.0,0.0,0.0,0.0,0.0,0.0,0.0,0.0
M1-S08156B1-- 01 005,Silica,OilWet,ML07,EXACT_RECIPE_MIXER_ROUTE,23,39.0,45.0,39.0,38.0,49.8,41.0,18.0,25.0,20.0,46.0,48.0,47.0,145.0,145.0,145.0
M1-S08156B1-- 02 003,Silica,OilWet,MB03,EXACT_RECIPE_MIXER_ROUTE,9,46.4,48.0,47.0,20.4,82.2,40.0,15.8,33.2,17.0,58.4,60.6,59.0,145.0,145.0,145.0
M1-S08156B1-- 02 004,Silica,OilWet,MB03,EXACT_RECIPE_MIXER_ROUTE,36,45.75,52.25,47.5,24.75,46.25,33.0,15.75,21.0,18.0,27.0,68.0,48.5,145.0,145.0,145.0
M1-S08156B1-- 03 002,Silica,OilWet,MB02,EXACT_RECIPE_MIXER_ROUTE,3,0.0,0.0,0.0,0.0,0.0,0.0,0.0,0.0,0.0,0.0,0.0,0.0,0.0,0.0,0.0
M1-S16701W3-- 02 001,Silica,NoOilDry,ML05,EXACT_RECIPE_MIXER_ROUTE,4,0.0,0.0,0.0,0.0,0.0,0.0,0.0,0.0,0.0,0.0,0.0,0.0,0.0,0.0,0.0
M1-T00011-M-- 01 003,Silica,OilWet,ML10,EXACT_RECIPE_MIXER_ROUTE,20,34.0,42.15,38.0,26.1,34.1,32.0,17.95,30.35,24.0,71.95,96.0,73.0,155.0,155.0,155.0
M1-T00011-M-- 01 004,Silica,OilWet,ML10,EXACT_RECIPE_MIXER_ROUTE,10,34.45,39.1,37.0,17.2,33.0,29.5,17.45,31.25,20.0,89.0,115.55,96.0,155.0,155.0,155.0
M1-T00011B2-- 14 001,Silica,OilWet,MB02,EXACT_RECIPE_MIXER_ROUTE,23,35.0,37.9,35.0,14.1,35.0,32.0,17.1,35.0,20.0,49.0,104.3,59.0,155.0,155.0,155.0
M1-T00011B2-- 14 004,Silica,OilWet,MB02,EXACT_RECIPE_MIXER_ROUTE,64,35.0,40.0,35.0,4.0,11.0,7.0,39.0,66.0,44.0,60.0,126.45,110.0,150.0,150.0,150.0
M1-T00011B2-- 16 001,Silica,OilWet,MB03,EXACT_RECIPE_MIXER_ROUTE,63,36.1,49.9,46.0,7.0,28.0,10.0,24.2,44.9,40.0,42.1,98.0,77.0,155.0,155.0,155.0
M1-T00011B2-- 16 004,Silica,OilWet,MB03,EXACT_RECIPE_MIXER_ROUTE,44,37.0,44.85,38.0,5.0,9.85,6.0,43.15,61.0,51.0,49.0,111.85,65.5,150.0,150.0,150.0
M1-T00011B2-- 21 001,Silica,OilWet,MB02,EXACT_RECIPE_MIXER_ROUTE,13,40.0,40.0,40.0,5.0,11.8,9.0,40.0,44.0,41.0,58.0,178.6,60.0,150.0,150.0,150.0
M1-T00011B2-- 21 002,Silica,OilWet,MB02,EXACT_RECIPE_MIXER_ROUTE,10,40.0,46.4,40.0,20.45,38.55,34.0,20.45,30.7,22.0,71.0,91.0,89.0,158.0,158.0,158.0
M1-T00011B2-- 21 004,Silica,OilWet,MB02,EXACT_RECIPE_MIXER_ROUTE,3,0.0,0.0,0.0,0.0,0.0,0.0,0.0,0.0,0.0,0.0,0.0,0.0,0.0,0.0,0.0
M1-T00011B2-- 22 001,Silica,OilWet,MB03,EXACT_RECIPE_MIXER_ROUTE,4,0.0,0.0,0.0,0.0,0.0,0.0,0.0,0.0,0.0,0.0,0.0,0.0,0.0,0.0,0.0
M1-T00011B2-- 22 002,Silica,OilWet,MB03,EXACT_RECIPE_MIXER_ROUTE,8,42.35,45.0,44.0,14.35,31.65,28.0,22.35,43.8,24.5,61.0,80.85,61.5,158.0,158.0,158.0
M1-T00011B2-- 22 005,Silica,OilWet,MB03,EXACT_RECIPE_MIXER_ROUTE,5,47.8,61.0,57.0,14.4,31.0,16.0,18.2,30.0,29.0,75.0,76.0,76.0,158.0,158.0,158.0
M1-T00011B2-- 23 003,Silica,OilWet,ML10,EXACT_RECIPE_MIXER_ROUTE,1,0.0,0.0,0.0,0.0,0.0,0.0,0.0,0.0,0.0,0.0,0.0,0.0,0.0,0.0,0.0
M1-T00011B2-- 23 005,Silica,OilWet,ML10,EXACT_RECIPE_MIXER_ROUTE,4,0.0,0.0,0.0,0.0,0.0,0.0,0.0,0.0,0.0,0.0,0.0,0.0,0.0,0.0,0.0
M1-T00011B2-- 23 006,Silica,OilWet,ML10,EXACT_RECIPE_MIXER_ROUTE,12,28.0,29.0,28.0,35.0,37.45,37.0,21.0,23.45,22.0,82.55,84.0,83.0,150.0,150.0,150.0
M1-T00011B8-- 01 001,Silica,OilWet,MB03,EXACT_RECIPE_MIXER_ROUTE,4,0.0,0.0,0.0,0.0,0.0,0.0,0.0,0.0,0.0,0.0,0.0,0.0,0.0,0.0,0.0
M1-T00011B8-- 01 004,Silica,OilWet,MB03,EXACT_RECIPE_MIXER_ROUTE,6,41.0,45.75,42.5,6.25,14.25,10.5,33.25,39.0,37.5,43.25,45.0,44.0,150.0,150.0,150.0
M1-T00011XV-- 01 001,Silica,OilWet,MB02,EXACT_RECIPE_MIXER_ROUTE,1,0.0,0.0,0.0,0.0,0.0,0.0,0.0,0.0,0.0,0.0,0.0,0.0,0.0,0.0,0.0
M1-T00011XZ-- 04 002,Silica,OilWet,MB03,EXACT_RECIPE_MIXER_ROUTE,3,0.0,0.0,0.0,0.0,0.0,0.0,0.0,0.0,0.0,0.0,0.0,0.0,0.0,0.0,0.0
M1-T01102W2-- 01 007,Silica,NoOilDry,ML07,EXACT_RECIPE_MIXER_ROUTE,17,105.0,129.2,113.0,0.0,0.0,0.0,72.2,86.0,78.0,49.0,70.0,51.0,165.0,165.0,165.0
M1-T01102W2-- 01 008,Silica,NoOilDry,ML07,EXACT_RECIPE_MIXER_ROUTE,3,0.0,0.0,0.0,0.0,0.0,0.0,0.0,0.0,0.0,0.0,0.0,0.0,0.0,0.0,0.0
M1-T01102W2-- 01 009,Silica,NoOilDry,ML07,EXACT_RECIPE_MIXER_ROUTE,4,0.0,0.0,0.0,0.0,0.0,0.0,0.0,0.0,0.0,0.0,0.0,0.0,0.0,0.0,0.0
M1-T01102W2-- 01 010,Silica,NoOilDry,ML07,EXACT_RECIPE_MIXER_ROUTE,11,109.0,134.0,116.0,0.0,0.0,0.0,46.5,74.0,61.0,99.5,107.0,103.0,165.0,165.0,165.0
M1-T01102XP-- 05 001,Silica,NoOilDry,MB03,EXACT_RECIPE_MIXER_ROUTE,2,0.0,0.0,0.0,0.0,0.0,0.0,0.0,0.0,0.0,0.0,0.0,0.0,0.0,0.0,0.0
M1-T01139-M-- 01 003,Silica,OilWet,ML10,EXACT_RECIPE_MIXER_ROUTE,2,0.0,0.0,0.0,0.0,0.0,0.0,0.0,0.0,0.0,0.0,0.0,0.0,0.0,0.0,0.0
M1-T01139B--- 11 004,Silica,OilWet,ML09,EXACT_RECIPE_MIXER_ROUTE,6,13.0,14.0,13.5,51.0,57.25,55.0,47.5,51.75,50.0,84.25,86.0,85.0,155.0,155.0,155.0
M1-T01139B--- 11 005,Silica,OilWet,ML09,EXACT_RECIPE_MIXER_ROUTE,4,0.0,0.0,0.0,0.0,0.0,0.0,0.0,0.0,0.0,0.0,0.0,0.0,0.0,0.0,0.0
M1-T02128W5-- 04 002,Silica,OilWet,ML07,EXACT_RECIPE_MIXER_ROUTE,10,31.9,34.0,34.0,61.0,66.55,64.0,33.45,36.55,35.0,70.45,72.55,71.0,165.0,165.0,165.0
M1-T02128W5-- 04 004,Silica,OilWet,ML07,EXACT_RECIPE_MIXER_ROUTE,5,34.0,34.0,34.0,67.0,72.6,69.0,22.6,30.0,30.0,89.6,92.8,92.0,165.0,165.0,165.0
M1-T02128W5-- 04 006,Silica,OilWet,ML07,EXACT_RECIPE_MIXER_ROUTE,3,0.0,0.0,0.0,0.0,0.0,0.0,0.0,0.0,0.0,0.0,0.0,0.0,0.0,0.0,0.0
M1-T05073---- 06 006,Silica,OilWet,ML07,EXACT_RECIPE_MIXER_ROUTE,1,0.0,0.0,0.0,0.0,0.0,0.0,0.0,0.0,0.0,0.0,0.0,0.0,0.0,0.0,0.0
M1-T05073---- 06 007,Silica,OilWet,ML07,EXACT_RECIPE_MIXER_ROUTE,1,0.0,0.0,0.0,0.0,0.0,0.0,0.0,0.0,0.0,0.0,0.0,0.0,0.0,0.0,0.0
M1-T05073XV-- 01 001,Silica,OilWet,ML07,EXACT_RECIPE_MIXER_ROUTE,4,0.0,0.0,0.0,0.0,0.0,0.0,0.0,0.0,0.0,0.0,0.0,0.0,0.0,0.0,0.0
M1-T09170---- 23 003,Silica,OilWet,MB03,EXACT_RECIPE_MIXER_ROUTE,395,30.0,41.0,40.0,41.0,64.3,51.0,27.0,35.0,31.0,123.0,126.0,124.0,165.0,165.0,165.0
M1-T09170---- 23 004,Silica,OilWet,MB03,EXACT_RECIPE_MIXER_ROUTE,68,33.35,41.0,41.0,48.0,66.3,54.0,28.0,39.3,32.0,124.0,127.0,125.0,165.0,165.0,165.0
M1-T09170---- 24 001,Silica,OilWet,ML09,EXACT_RECIPE_MIXER_ROUTE,10,20.45,29.1,21.0,41.35,45.55,44.0,21.45,25.0,24.0,107.0,109.55,107.5,165.0,165.0,165.0
M1-T09170-M-- 01 003,Silica,OilWet,ML10,EXACT_RECIPE_MIXER_ROUTE,45,36.0,64.8,49.0,43.0,57.0,51.0,22.0,46.8,31.0,103.2,122.2,106.0,165.0,165.0,165.0
M1-T09170-M-- 01 006,Silica,OilWet,ML10,EXACT_RECIPE_MIXER_ROUTE,1,0.0,0.0,0.0,0.0,0.0,0.0,0.0,0.0,0.0,0.0,0.0,0.0,0.0,0.0,0.0
M1-T09170WS-- 01 009,Silica,OilWet,ML09,EXACT_RECIPE_MIXER_ROUTE,378,20.0,48.0,23.0,25.0,52.0,46.0,22.0,54.0,27.0,70.0,113.0,106.0,165.0,165.0,165.0
M1-T09170WS-- 01 010,Silica,OilWet,ML09,EXACT_RECIPE_MIXER_ROUTE,218,22.0,24.0,23.0,43.85,62.0,51.0,24.0,37.0,34.0,105.0,108.0,106.0,165.0,165.0,165.0
M1-T09170WS-- 02 003,Silica,OilWet,MB03,EXACT_RECIPE_MIXER_ROUTE,490,23.0,29.0,24.0,60.0,82.0,74.0,26.0,51.0,33.0,59.0,121.0,88.0,165.0,165.0,165.0
M1-T09170WS-- 02 004,Silica,OilWet,MB03,EXACT_RECIPE_MIXER_ROUTE,2756,23.0,41.0,24.0,44.0,73.0,59.0,28.0,43.0,33.0,74.0,126.0,105.0,165.0,165.0,165.0
M1-T09170WZ-- 01 001,Silica,OilWet,MB03,EXACT_RECIPE_MIXER_ROUTE,2,0.0,0.0,0.0,0.0,0.0,0.0,0.0,0.0,0.0,0.0,0.0,0.0,0.0,0.0,0.0
M1-T09170X3-- 02 001,Silica,OilWet,MB03,EXACT_RECIPE_MIXER_ROUTE,3,0.0,0.0,0.0,0.0,0.0,0.0,0.0,0.0,0.0,0.0,0.0,0.0,0.0,0.0,0.0
M1-T09170XM-- 01 001,Silica,OilWet,ML09,EXACT_RECIPE_MIXER_ROUTE,5,20.4,27.2,22.0,45.0,46.0,45.0,23.0,23.0,23.0,106.2,108.0,108.0,165.0,165.0,165.0
M1-T09170XT-- 03 001,Silica,OilWet,MB03,EXACT_RECIPE_MIXER_ROUTE,3,0.0,0.0,0.0,0.0,0.0,0.0,0.0,0.0,0.0,0.0,0.0,0.0,0.0,0.0,0.0
M1-T10035---- 07 009,Silica,OilWet,MB03,EXACT_RECIPE_MIXER_ROUTE,3,0.0,0.0,0.0,0.0,0.0,0.0,0.0,0.0,0.0,0.0,0.0,0.0,0.0,0.0,0.0
M1-T10035---- 07 011,Silica,OilWet,MB03,EXACT_RECIPE_MIXER_ROUTE,4,0.0,0.0,0.0,0.0,0.0,0.0,0.0,0.0,0.0,0.0,0.0,0.0,0.0,0.0,0.0
M1-T10035B6-- 01 002,Silica,OilWet,MB03,EXACT_RECIPE_MIXER_ROUTE,4,0.0,0.0,0.0,0.0,0.0,0.0,0.0,0.0,0.0,0.0,0.0,0.0,0.0,0.0,0.0
M1-T10035B7-- 02 001,Silica,OilWet,MB02,EXACT_RECIPE_MIXER_ROUTE,4,0.0,0.0,0.0,0.0,0.0,0.0,0.0,0.0,0.0,0.0,0.0,0.0,0.0,0.0,0.0
M1-T10035XC-- 01 002,Silica,OilWet,MB03,EXACT_RECIPE_MIXER_ROUTE,1,0.0,0.0,0.0,0.0,0.0,0.0,0.0,0.0,0.0,0.0,0.0,0.0,0.0,0.0,0.0
M1-T11347W4-- 01 004,Silica,NoOilDry,ML07,EXACT_RECIPE_MIXER_ROUTE,180,95.0,158.0,119.0,0.0,0.0,0.0,21.0,50.0,37.0,94.0,119.0,110.0,165.0,165.0,165.0
M1-T11347W4-- 02 002,Silica,NoOilDry,MB03,EXACT_RECIPE_MIXER_ROUTE,42,91.0,105.9,95.0,0.0,0.0,0.0,21.05,44.85,34.0,117.0,120.0,118.0,165.0,165.0,165.0
M1-T11923---- 12 001,Silica,NoOilDry,ML07,EXACT_RECIPE_MIXER_ROUTE,2,0.0,0.0,0.0,0.0,0.0,0.0,0.0,0.0,0.0,0.0,0.0,0.0,0.0,0.0,0.0
M1-T13127---- 09 004,Silica,NoOilDry,ML07,EXACT_RECIPE_MIXER_ROUTE,662,94.0,153.8,104.5,0.0,0.0,0.0,33.0,52.0,41.0,89.0,94.0,92.0,165.0,165.0,165.0
M1-T13127---- 09 005,Silica,NoOilDry,ML07,EXACT_RECIPE_MIXER_ROUTE,31,117.5,200.5,132.0,0.0,0.0,0.0,39.5,50.0,45.0,80.0,82.0,81.0,165.0,165.0,165.0
M1-T13127---- 09 007,Silica,NoOilDry,ML07,EXACT_RECIPE_MIXER_ROUTE,8,112.0,117.65,114.0,0.0,0.0,0.0,31.0,33.0,32.0,89.0,128.7,91.0,165.0,165.0,165.0
M1-T13127---- 16 004,Silica,NoOilDry,ML09,EXACT_RECIPE_MIXER_ROUTE,5,150.6,163.2,154.0,0.0,0.0,0.0,52.4,61.0,58.0,68.0,99.2,93.0,165.0,165.0,165.0
M1-T14150---- 17 002,Silica,OilWet,ML07,EXACT_RECIPE_MIXER_ROUTE,6,54.0,54.0,54.0,36.5,66.25,44.0,64.25,69.0,68.0,59.25,76.75,60.0,165.0,165.0,165.0
M1-T14150---- 17 004,Silica,OilWet,ML07,EXACT_RECIPE_MIXER_ROUTE,2,0.0,0.0,0.0,0.0,0.0,0.0,0.0,0.0,0.0,0.0,0.0,0.0,0.0,0.0,0.0
M1-T14150---- 17 005,Silica,OilWet,ML07,EXACT_RECIPE_MIXER_ROUTE,1,0.0,0.0,0.0,0.0,0.0,0.0,0.0,0.0,0.0,0.0,0.0,0.0,0.0,0.0,0.0
M1-T14885---- 17 001,Silica,NoOilDry,ML07,EXACT_RECIPE_MIXER_ROUTE,81,112.0,142.0,122.0,0.0,0.0,0.0,70.0,102.0,82.0,132.0,157.0,136.0,155.0,155.0,155.0
M1-T14885B3-- 01 002,Silica,NoOilDry,ML09,EXACT_RECIPE_MIXER_ROUTE,12,116.55,132.0,120.0,0.0,0.0,0.0,94.55,104.15,98.0,118.0,121.0,119.5,155.0,155.0,155.0
M1-T14885B3-- 04 002,Silica,NoOilDry,ML07,EXACT_RECIPE_MIXER_ROUTE,161,113.0,134.0,120.0,0.0,0.0,0.0,84.0,130.0,100.0,75.0,122.0,86.0,155.0,155.0,155.0
M1-T14885B3-- 04 003,Silica,NoOilDry,ML07,EXACT_RECIPE_MIXER_ROUTE,9,114.8,152.8,129.0,0.0,0.0,0.0,76.4,96.2,84.0,131.4,148.8,133.0,155.0,155.0,155.0
M1-T15192-M-- 01 001,Silica,OilWet,ML10,EXACT_RECIPE_MIXER_ROUTE,4,0.0,0.0,0.0,0.0,0.0,0.0,0.0,0.0,0.0,0.0,0.0,0.0,0.0,0.0,0.0
M1-T15192R--- 01 002,Silica,OilWet,MB03,EXACT_RECIPE_MIXER_ROUTE,65,25.2,39.0,33.0,36.2,54.4,45.0,39.4,54.0,48.0,87.2,134.0,94.0,165.0,165.0,165.0
M1-T15192R--- 01 003,Silica,OilWet,MB03,EXACT_RECIPE_MIXER_ROUTE,8,18.7,23.65,22.0,39.4,51.65,46.0,31.7,36.65,35.0,92.35,190.25,93.0,165.0,165.0,165.0
M1-T15192R--- 03 001,Silica,OilWet,ML09,EXACT_RECIPE_MIXER_ROUTE,13,28.2,41.4,29.0,33.2,51.0,43.0,31.6,50.4,35.0,88.4,104.0,95.0,165.0,165.0,165.0
M1-T15192W6-- 03 003,Silica,OilWet,ML10,EXACT_RECIPE_MIXER_ROUTE,1,0.0,0.0,0.0,0.0,0.0,0.0,0.0,0.0,0.0,0.0,0.0,0.0,0.0,0.0,0.0
M1-T15215---- 08 007,Silica,NoOilDry,ML07,EXACT_RECIPE_MIXER_ROUTE,4,0.0,0.0,0.0,0.0,0.0,0.0,0.0,0.0,0.0,0.0,0.0,0.0,0.0,0.0,0.0
M1-T15554---- 01 003,Silica,OilWet,MB03,EXACT_RECIPE_MIXER_ROUTE,1,0.0,0.0,0.0,0.0,0.0,0.0,0.0,0.0,0.0,0.0,0.0,0.0,0.0,0.0,0.0
M1-T15554---- 01 005,Silica,OilWet,MB03,EXACT_RECIPE_MIXER_ROUTE,2,0.0,0.0,0.0,0.0,0.0,0.0,0.0,0.0,0.0,0.0,0.0,0.0,0.0,0.0,0.0
M1-T15554---- 01 006,Silica,OilWet,MB03,EXACT_RECIPE_MIXER_ROUTE,4,0.0,0.0,0.0,0.0,0.0,0.0,0.0,0.0,0.0,0.0,0.0,0.0,0.0,0.0,0.0
M1-T15611W2-- 01 001,Silica,OilWet,ML07,EXACT_RECIPE_MIXER_ROUTE,2,0.0,0.0,0.0,0.0,0.0,0.0,0.0,0.0,0.0,0.0,0.0,0.0,0.0,0.0,0.0
M1-T15760---- 06 001,Silica,OilWet,ML09,EXACT_RECIPE_MIXER_ROUTE,51,38.5,46.0,45.0,41.0,53.0,50.0,32.0,42.5,37.0,115.0,175.5,124.0,165.0,165.0,165.0
M1-T15760---- 06 002,Silica,OilWet,ML09,EXACT_RECIPE_MIXER_ROUTE,942,39.05,46.0,45.0,45.0,55.0,49.0,29.0,46.0,35.0,116.0,214.0,194.0,165.0,165.0,165.0
M1-T15760---- 08 001,Silica,OilWet,ML07,EXACT_RECIPE_MIXER_ROUTE,3,0.0,0.0,0.0,0.0,0.0,0.0,0.0,0.0,0.0,0.0,0.0,0.0,0.0,0.0,0.0
M1-T15760---- 09 001,Silica,OilWet,MB03,EXACT_RECIPE_MIXER_ROUTE,11,45.0,46.0,46.0,39.0,54.0,44.0,36.5,139.0,43.0,107.5,161.5,130.0,165.0,165.0,165.0
M1-T15760B--- 01 001,Silica,OilWet,ML09,EXACT_RECIPE_MIXER_ROUTE,47,42.0,43.0,43.0,55.3,76.1,61.0,52.0,59.7,54.0,183.2,256.6,218.0,165.0,165.0,165.0
M1-T15760B--- 01 003,Silica,OilWet,ML09,EXACT_RECIPE_MIXER_ROUTE,16,43.5,45.25,45.0,44.75,57.25,48.5,52.25,81.5,59.0,94.5,122.75,97.0,165.0,165.0,165.0
M1-T15760B--- 01 004,Silica,OilWet,ML09,EXACT_RECIPE_MIXER_ROUTE,22,42.05,46.0,45.0,44.0,52.95,48.5,31.05,48.8,36.0,110.05,149.85,122.0,165.0,165.0,165.0
M1-T15760W--- 03 004,Silica,OilWet,ML09,EXACT_RECIPE_MIXER_ROUTE,11,52.0,53.0,52.0,42.5,105.0,98.0,59.5,159.5,66.0,85.0,147.5,121.0,165.0,165.0,165.0
M1-T15760W--- 03 005,Silica,OilWet,ML09,EXACT_RECIPE_MIXER_ROUTE,181,42.0,53.0,43.0,45.0,85.0,57.0,64.0,91.0,73.0,77.0,138.0,84.0,165.0,165.0,165.0
M1-T15760W--- 05 002,Silica,OilWet,MB03,EXACT_RECIPE_MIXER_ROUTE,2,0.0,0.0,0.0,0.0,0.0,0.0,0.0,0.0,0.0,0.0,0.0,0.0,0.0,0.0,0.0
M1-T15760XC-- 01 001,Silica,OilWet,ML09,EXACT_RECIPE_MIXER_ROUTE,11,42.0,43.0,43.0,51.5,60.5,57.0,53.0,147.0,55.0,172.0,228.5,217.0,165.0,165.0,165.0
M1-T15760XP-- 01 003,Silica,OilWet,ML09,EXACT_RECIPE_MIXER_ROUTE,1,0.0,0.0,0.0,0.0,0.0,0.0,0.0,0.0,0.0,0.0,0.0,0.0,0.0,0.0,0.0
M1-T15899---- 08 008,Silica,OilWet,MB03,EXACT_RECIPE_MIXER_ROUTE,4,0.0,0.0,0.0,0.0,0.0,0.0,0.0,0.0,0.0,0.0,0.0,0.0,0.0,0.0,0.0
M1-T15899---- 08 011,Silica,OilWet,MB03,EXACT_RECIPE_MIXER_ROUTE,102,45.0,46.0,46.0,35.0,63.95,43.0,21.0,43.9,23.0,84.05,116.95,108.0,165.0,165.0,165.0
M1-T15899---- 12 003,Silica,OilWet,ML09,EXACT_RECIPE_MIXER_ROUTE,13,45.0,45.4,45.0,53.0,68.2,64.0,34.0,52.2,40.0,89.0,159.8,94.0,165.0,165.0,165.0
M1-T15899---- 12 004,Silica,OilWet,ML09,EXACT_RECIPE_MIXER_ROUTE,29,45.0,45.0,45.0,42.4,75.6,65.0,33.0,58.0,38.0,84.0,95.6,94.0,165.0,165.0,165.0
M1-T16455---- 06 001,Silica,OilWet,ML07,EXACT_RECIPE_MIXER_ROUTE,8,46.1,74.0,74.0,64.05,90.0,80.5,58.7,67.95,63.5,35.35,108.6,77.0,165.0,165.0,165.0
M1-T16734---- 06 001,Silica,NoOilDry,ML07,EXACT_RECIPE_MIXER_ROUTE,83,133.0,274.0,143.0,0.0,0.0,0.0,56.0,68.9,61.0,75.0,98.9,85.0,165.0,165.0,165.0
M1-T16734---- 06 003,Silica,NoOilDry,ML07,EXACT_RECIPE_MIXER_ROUTE,18,62.55,135.3,131.5,0.0,0.0,0.0,38.25,120.85,41.0,80.0,106.55,81.0,165.0,165.0,165.0
M1-T16734---- 07 001,Silica,NoOilDry,ML09,EXACT_RECIPE_MIXER_ROUTE,3,0.0,0.0,0.0,0.0,0.0,0.0,0.0,0.0,0.0,0.0,0.0,0.0,0.0,0.0,0.0
M1-T17054---- 02 006,Silica,OilWet,MB02,EXACT_RECIPE_MIXER_ROUTE,4,0.0,0.0,0.0,0.0,0.0,0.0,0.0,0.0,0.0,0.0,0.0,0.0,0.0,0.0,0.0
M1-T17054---- 02 007,Silica,OilWet,MB02,EXACT_RECIPE_MIXER_ROUTE,1,0.0,0.0,0.0,0.0,0.0,0.0,0.0,0.0,0.0,0.0,0.0,0.0,0.0,0.0,0.0
M1-T17054B--- 01 001,Silica,OilWet,MB02,EXACT_RECIPE_MIXER_ROUTE,1,0.0,0.0,0.0,0.0,0.0,0.0,0.0,0.0,0.0,0.0,0.0,0.0,0.0,0.0,0.0
M1-T17224---- 07 001,Silica,OilWet,MB03,EXACT_RECIPE_MIXER_ROUTE,1,0.0,0.0,0.0,0.0,0.0,0.0,0.0,0.0,0.0,0.0,0.0,0.0,0.0,0.0,0.0
M1-T17732---- 06 002,Silica,OilWet,ML09,EXACT_RECIPE_MIXER_ROUTE,46,26.25,36.5,29.5,50.25,81.5,69.0,50.25,86.0,70.0,76.0,93.0,90.5,165.0,165.0,165.0
M1-T17771---- 04 004,Silica,OilWet,ML07,EXACT_RECIPE_MIXER_ROUTE,2,0.0,0.0,0.0,0.0,0.0,0.0,0.0,0.0,0.0,0.0,0.0,0.0,0.0,0.0,0.0
M1-T17771---- 05 001,Silica,OilWet,MB03,EXACT_RECIPE_MIXER_ROUTE,75,26.0,41.0,31.0,22.0,48.9,27.0,37.0,53.1,44.0,132.0,147.0,136.0,165.0,165.0,165.0
M1-T17771---- 05 003,Silica,OilWet,MB03,EXACT_RECIPE_MIXER_ROUTE,80,26.95,38.05,33.0,26.0,43.0,32.0,24.95,74.8,47.0,117.0,191.0,119.0,165.0,165.0,165.0
M1-T17771B1-- 01 002,Silica,OilWet,MB03,EXACT_RECIPE_MIXER_ROUTE,7,26.5,37.8,33.0,26.0,44.6,29.0,57.0,66.0,61.0,93.3,115.1,112.0,165.0,165.0,165.0
M1-T17771X6-- 01 005,Silica,OilWet,MB03,EXACT_RECIPE_MIXER_ROUTE,3,0.0,0.0,0.0,0.0,0.0,0.0,0.0,0.0,0.0,0.0,0.0,0.0,0.0,0.0,0.0
M1-T18035---- 03 012,Silica,OilWet,ML07,EXACT_RECIPE_MIXER_ROUTE,3,0.0,0.0,0.0,0.0,0.0,0.0,0.0,0.0,0.0,0.0,0.0,0.0,0.0,0.0,0.0
M1-T18035---- 03 013,Silica,OilWet,ML07,EXACT_RECIPE_MIXER_ROUTE,2,0.0,0.0,0.0,0.0,0.0,0.0,0.0,0.0,0.0,0.0,0.0,0.0,0.0,0.0,0.0
M1-T18035---- 05 002,Silica,OilWet,ML07,EXACT_RECIPE_MIXER_ROUTE,10,23.9,26.0,26.0,45.35,57.1,49.0,68.0,116.65,72.5,129.45,142.0,136.5,155.0,155.0,155.0
M1-T19012---- 01 004,Silica,OilWet,ML09,EXACT_RECIPE_MIXER_ROUTE,1,0.0,0.0,0.0,0.0,0.0,0.0,0.0,0.0,0.0,0.0,0.0,0.0,0.0,0.0,0.0
M1-T19012---- 01 006,Silica,OilWet,ML09,EXACT_RECIPE_MIXER_ROUTE,2,0.0,0.0,0.0,0.0,0.0,0.0,0.0,0.0,0.0,0.0,0.0,0.0,0.0,0.0,0.0
M1-T19012X1-- 01 004,Silica,OilWet,ML09,EXACT_RECIPE_MIXER_ROUTE,3,0.0,0.0,0.0,0.0,0.0,0.0,0.0,0.0,0.0,0.0,0.0,0.0,0.0,0.0,0.0
M1-T19012X1-- 01 007,Silica,OilWet,ML09,EXACT_RECIPE_MIXER_ROUTE,3,0.0,0.0,0.0,0.0,0.0,0.0,0.0,0.0,0.0,0.0,0.0,0.0,0.0,0.0,0.0
M1-T19065---- 01 005,Silica,OilWet,ML09,EXACT_RECIPE_MIXER_ROUTE,98,53.0,57.0,56.0,43.85,81.3,63.0,47.0,64.0,51.5,75.0,84.35,78.0,165.0,165.0,165.0
M1-T19065---- 01 006,Silica,OilWet,ML09,EXACT_RECIPE_MIXER_ROUTE,42,56.0,57.0,56.0,43.1,58.0,53.0,39.0,64.9,44.0,79.0,99.5,88.0,165.0,165.0,165.0
M1-T19327---- 01 003,Silica,OilWet,ML07,EXACT_RECIPE_MIXER_ROUTE,1,0.0,0.0,0.0,0.0,0.0,0.0,0.0,0.0,0.0,0.0,0.0,0.0,0.0,0.0,0.0
M1-T19327---- 01 004,Silica,OilWet,ML07,EXACT_RECIPE_MIXER_ROUTE,4,0.0,0.0,0.0,0.0,0.0,0.0,0.0,0.0,0.0,0.0,0.0,0.0,0.0,0.0,0.0
M1-T19327---- 01 005,Silica,OilWet,ML07,EXACT_RECIPE_MIXER_ROUTE,3,0.0,0.0,0.0,0.0,0.0,0.0,0.0,0.0,0.0,0.0,0.0,0.0,0.0,0.0,0.0
M1-T19808---- 01 001,Silica,NoOilDry,ML09,EXACT_RECIPE_MIXER_ROUTE,5,156.4,165.0,161.0,0.0,0.0,0.0,73.0,88.0,75.0,63.2,137.4,76.0,165.0,165.0,165.0
M1-T20153---- 01 001,Silica,OilWet,ML09,EXACT_RECIPE_MIXER_ROUTE,17,70.4,124.8,89.0,69.4,100.0,77.0,77.6,91.2,84.0,36.0,40.2,39.0,165.0,165.0,165.0
M1-T20153---- 01 003,Silica,OilWet,ML09,EXACT_RECIPE_MIXER_ROUTE,43,97.1,143.8,109.0,51.4,104.9,86.0,85.3,116.4,97.0,38.0,78.8,39.0,165.0,165.0,165.0
M1-T20153W--- 01 001,Silica,OilWet,ML09,EXACT_RECIPE_MIXER_ROUTE,104,87.15,124.0,104.0,73.0,112.1,84.0,95.0,121.85,107.0,39.0,89.85,42.0,165.0,165.0,165.0
M1-T25045---- 08 005,Silica,NoOilDry,ML09,EXACT_RECIPE_MIXER_ROUTE,5,120.2,122.0,121.0,0.0,0.0,0.0,46.6,61.8,50.0,87.0,87.0,87.0,165.0,165.0,165.0
M1-T25045-V-- 02 002,Silica,NoOilDry,ML07,EXACT_RECIPE_MIXER_ROUTE,5,122.0,128.2,124.0,0.0,0.0,0.0,45.2,48.0,46.0,82.6,90.8,89.0,165.0,165.0,165.0
M1-T25045-V-- 02 003,Silica,NoOilDry,ML07,EXACT_RECIPE_MIXER_ROUTE,4,0.0,0.0,0.0,0.0,0.0,0.0,0.0,0.0,0.0,0.0,0.0,0.0,0.0,0.0,0.0
M1-T25045-V-- 02 004,Silica,NoOilDry,ML07,EXACT_RECIPE_MIXER_ROUTE,24,119.45,150.85,136.0,0.0,0.0,0.0,31.3,42.0,35.0,70.85,105.85,105.0,165.0,165.0,165.0
M1-T25088---- 06 001,Silica,NoOilDry,ML07,EXACT_RECIPE_MIXER_ROUTE,1,0.0,0.0,0.0,0.0,0.0,0.0,0.0,0.0,0.0,0.0,0.0,0.0,0.0,0.0,0.0
M1-T25088---- 06 002,Silica,NoOilDry,ML07,EXACT_RECIPE_MIXER_ROUTE,1,0.0,0.0,0.0,0.0,0.0,0.0,0.0,0.0,0.0,0.0,0.0,0.0,0.0,0.0,0.0
M1-T25088---- 06 003,Silica,NoOilDry,ML07,EXACT_RECIPE_MIXER_ROUTE,36,111.75,141.25,133.5,0.0,0.0,0.0,52.75,69.25,56.5,74.0,135.75,75.0,165.0,165.0,165.0
M1-T26104---- 01 003,Silica,NoOilDry,ML07,EXACT_RECIPE_MIXER_ROUTE,10,107.45,136.55,112.0,0.0,0.0,0.0,43.35,61.1,56.0,60.45,88.95,70.5,165.0,165.0,165.0
M1-T26104---- 01 004,Silica,NoOilDry,ML07,EXACT_RECIPE_MIXER_ROUTE,25,115.6,147.0,123.0,0.0,0.0,0.0,29.4,64.0,48.0,70.2,84.0,81.0,165.0,165.0,165.0
M1-T26104---- 06 001,Silica,NoOilDry,ML09,EXACT_RECIPE_MIXER_ROUTE,2,0.0,0.0,0.0,0.0,0.0,0.0,0.0,0.0,0.0,0.0,0.0,0.0,0.0,0.0,0.0
M1-T26104---- 06 002,Silica,NoOilDry,ML09,EXACT_RECIPE_MIXER_ROUTE,96,105.0,125.0,115.0,0.0,0.0,0.0,28.0,66.25,56.0,62.0,77.25,73.0,165.0,165.0,165.0
M1-T26104---- 06 003,Silica,NoOilDry,ML09,EXACT_RECIPE_MIXER_ROUTE,4,0.0,0.0,0.0,0.0,0.0,0.0,0.0,0.0,0.0,0.0,0.0,0.0,0.0,0.0,0.0
M1-T33025W3-- 03 004,Silica,OilWet,ML07,EXACT_RECIPE_MIXER_ROUTE,9,59.0,59.0,59.0,42.4,60.6,49.0,55.4,65.2,59.0,91.4,101.0,100.0,165.0,165.0,165.0
M1-T33025W3-- 03 005,Silica,OilWet,ML07,EXACT_RECIPE_MIXER_ROUTE,2,0.0,0.0,0.0,0.0,0.0,0.0,0.0,0.0,0.0,0.0,0.0,0.0,0.0,0.0,0.0
M1-T33025W3-- 04 003,Silica,OilWet,ML09,EXACT_RECIPE_MIXER_ROUTE,1256,54.0,64.0,63.0,42.0,62.0,53.0,40.0,73.0,49.0,98.0,124.0,109.0,165.0,165.0,165.0
M1-T33025W3-- 04 004,Silica,OilWet,ML09,EXACT_RECIPE_MIXER_ROUTE,18,56.55,64.0,64.0,40.0,51.15,46.0,39.7,45.15,42.5,97.0,100.15,98.0,165.0,165.0,165.0
M1-T33025W3-- 04 005,Silica,OilWet,ML09,EXACT_RECIPE_MIXER_ROUTE,1107,53.0,64.0,54.0,47.0,62.7,56.0,25.0,45.0,30.0,89.0,112.0,99.0,165.0,165.0,165.0
M1-T33025W3-- 07 001,Silica,OilWet,MB03,EXACT_RECIPE_MIXER_ROUTE,7,54.0,77.3,64.0,35.0,44.0,38.0,65.3,72.7,69.0,93.3,113.5,95.0,165.0,165.0,165.0
M1-T33025W3-- 07 003,Silica,OilWet,MB03,EXACT_RECIPE_MIXER_ROUTE,13,53.6,54.4,54.0,45.6,58.0,51.0,26.6,30.8,30.0,102.0,105.0,103.0,165.0,165.0,165.0
M1-T33025XA-- 01 002,Silica,OilWet,ML09,EXACT_RECIPE_MIXER_ROUTE,5,53.0,53.0,53.0,59.2,62.6,60.0,27.2,30.8,28.0,110.2,112.0,111.0,165.0,165.0,165.0
M1-A00205---- 09 001,CarbonBlack,OilWet,ALL,SAME_RECIPE_ROUTE_ANY_MIXER,5,41.6,50.0,49.0,3.0,5.0,4.0,38.0,62.0,62.0,117.0,128.0,119.0,150.0,150.0,150.0
M1-A00205---- 09 003,CarbonBlack,OilWet,ALL,SAME_RECIPE_ROUTE_ANY_MIXER,4,0.0,0.0,0.0,0.0,0.0,0.0,0.0,0.0,0.0,0.0,0.0,0.0,0.0,0.0,0.0
M1-A00205W3-- 03 002,CarbonBlack,OilWet,ALL,SAME_RECIPE_ROUTE_ANY_MIXER,4,0.0,0.0,0.0,0.0,0.0,0.0,0.0,0.0,0.0,0.0,0.0,0.0,0.0,0.0,0.0
M1-A00205W3-- 03 003,CarbonBlack,OilWet,ALL,SAME_RECIPE_ROUTE_ANY_MIXER,86,53.0,54.0,53.0,3.0,8.0,5.0,30.0,39.75,34.0,73.0,124.75,104.0,150.0,150.0,150.0
M1-A00205W4-- 01 001,CarbonBlack,OilWet,ALL,SAME_RECIPE_ROUTE_ANY_MIXER,9,51.0,52.0,51.0,5.0,11.2,8.0,47.0,51.6,49.0,78.0,79.0,78.0,150.0,150.0,150.0
M1-A00268R2-- 05 001,CarbonBlack,OilWet,ALL,SAME_RECIPE_ROUTE_ANY_MIXER,17,31.0,31.0,31.0,5.0,20.0,5.0,14.6,30.4,27.0,50.0,53.2,52.0,145.0,145.0,145.0
M1-A00268R2-- 05 003,CarbonBlack,OilWet,ALL,SAME_RECIPE_ROUTE_ANY_MIXER,2,0.0,0.0,0.0,0.0,0.0,0.0,0.0,0.0,0.0,0.0,0.0,0.0,0.0,0.0,0.0
M1-A00268R2-- 05 006,CarbonBlack,OilWet,ALL,SAME_RECIPE_ROUTE_ANY_MIXER,4,0.0,0.0,0.0,0.0,0.0,0.0,0.0,0.0,0.0,0.0,0.0,0.0,0.0,0.0,0.0
M1-A00268R2-- 06 007,CarbonBlack,OilWet,ALL,SAME_RECIPE_ROUTE_ANY_MIXER,8,29.0,29.0,29.0,20.0,23.65,21.5,19.7,43.0,32.0,92.0,124.3,117.5,150.0,150.0,150.0
M1-A00517B--- 04 001,CarbonBlack,OilWet,ALL,SAME_RECIPE_ROUTE_ANY_MIXER,11,70.0,71.5,71.0,18.5,29.0,24.0,20.0,24.5,22.0,60.5,139.5,64.0,150.0,150.0,150.0
M1-A00517B3-- 01 002,CarbonBlack,OilWet,ALL,SAME_RECIPE_ROUTE_ANY_MIXER,6,54.0,54.0,54.0,36.0,40.0,37.5,20.25,26.0,22.0,119.0,122.0,121.5,155.0,155.0,155.0
M1-A00517B3-- 01 003,CarbonBlack,OilWet,ALL,SAME_RECIPE_ROUTE_ANY_MIXER,19,53.0,54.0,54.0,42.9,57.1,48.0,19.0,30.0,24.0,78.9,186.0,178.0,156.0,156.0,156.0
M1-A03391---- 09 003,CarbonBlack,OilWet,ALL,SAME_RECIPE_ROUTE_ANY_MIXER,4,0.0,0.0,0.0,0.0,0.0,0.0,0.0,0.0,0.0,0.0,0.0,0.0,0.0,0.0,0.0
M1-A03391---- 09 005,CarbonBlack,OilWet,ALL,SAME_RECIPE_ROUTE_ANY_MIXER,3,0.0,0.0,0.0,0.0,0.0,0.0,0.0,0.0,0.0,0.0,0.0,0.0,0.0,0.0,0.0
M1-A03391---- 09 006,CarbonBlack,OilWet,ALL,SAME_RECIPE_ROUTE_ANY_MIXER,3,0.0,0.0,0.0,0.0,0.0,0.0,0.0,0.0,0.0,0.0,0.0,0.0,0.0,0.0,0.0
M1-A03405R3-- 03 002,CarbonBlack,NoOilDry,ALL,SAME_RECIPE_ROUTE_ANY_MIXER,1,0.0,0.0,0.0,0.0,0.0,0.0,0.0,0.0,0.0,0.0,0.0,0.0,0.0,0.0,0.0
M1-A03405R3-- 03 003,CarbonBlack,NoOilDry,ALL,SAME_RECIPE_ROUTE_ANY_MIXER,3,0.0,0.0,0.0,0.0,0.0,0.0,0.0,0.0,0.0,0.0,0.0,0.0,0.0,0.0,0.0
M1-A03405R3-- 04 003,CarbonBlack,NoOilDry,ALL,SAME_RECIPE_ROUTE_ANY_MIXER,9,65.0,70.0,68.0,0.0,0.0,0.0,23.0,25.6,24.0,72.0,73.6,73.0,150.0,150.0,150.0
M1-A03405R3-- 04 004,CarbonBlack,NoOilDry,ALL,SAME_RECIPE_ROUTE_ANY_MIXER,3,0.0,0.0,0.0,0.0,0.0,0.0,0.0,0.0,0.0,0.0,0.0,0.0,0.0,0.0,0.0
M1-A03405X--- 01 001,CarbonBlack,NoOilDry,ALL,SAME_RECIPE_ROUTE_ANY_MIXER,2,0.0,0.0,0.0,0.0,0.0,0.0,0.0,0.0,0.0,0.0,0.0,0.0,0.0,0.0,0.0
M1-A06441R1-- 04 001,CarbonBlack,OilWet,ALL,SAME_RECIPE_ROUTE_ANY_MIXER,5,44.0,45.0,45.0,8.6,29.4,26.0,7.0,13.0,8.0,32.0,50.4,32.0,155.0,155.0,155.0
M1-A06441R2-- 01 005,CarbonBlack,OilWet,ALL,SAME_RECIPE_ROUTE_ANY_MIXER,4,0.0,0.0,0.0,0.0,0.0,0.0,0.0,0.0,0.0,0.0,0.0,0.0,0.0,0.0,0.0
M1-A16404---- 01 005,CarbonBlack,OilWet,ALL,SAME_RECIPE_ROUTE_ANY_MIXER,7,38.3,40.0,39.0,37.3,45.2,39.0,26.0,27.7,27.0,83.3,86.0,85.0,160.0,160.0,160.0
M1-A16404B--- 01 002,CarbonBlack,OilWet,ALL,SAME_RECIPE_ROUTE_ANY_MIXER,3,0.0,0.0,0.0,0.0,0.0,0.0,0.0,0.0,0.0,0.0,0.0,0.0,0.0,0.0,0.0
M1-A44268---- 01 002,CarbonBlack,OilWet,ALL,SAME_RECIPE_ROUTE_ANY_MIXER,3,0.0,0.0,0.0,0.0,0.0,0.0,0.0,0.0,0.0,0.0,0.0,0.0,0.0,0.0,0.0
M1-A44517---- 01 002,CarbonBlack,OilWet,ALL,SAME_RECIPE_ROUTE_ANY_MIXER,1,0.0,0.0,0.0,0.0,0.0,0.0,0.0,0.0,0.0,0.0,0.0,0.0,0.0,0.0,0.0
M1-B00163---- 08 005,CarbonBlack,OilWet,ALL,SAME_RECIPE_ROUTE_ANY_MIXER,5,36.0,39.0,36.0,22.2,34.0,24.0,12.4,18.4,16.0,49.0,75.2,57.0,150.0,150.0,150.0
M1-B00163---- 08 007,CarbonBlack,OilWet,ALL,SAME_RECIPE_ROUTE_ANY_MIXER,3,0.0,0.0,0.0,0.0,0.0,0.0,0.0,0.0,0.0,0.0,0.0,0.0,0.0,0.0,0.0
M1-B00163---- 08 008,CarbonBlack,OilWet,ALL,SAME_RECIPE_ROUTE_ANY_MIXER,1,0.0,0.0,0.0,0.0,0.0,0.0,0.0,0.0,0.0,0.0,0.0,0.0,0.0,0.0,0.0
M1-B00163-M-- 09 001,CarbonBlack,OilWet,ALL,SAME_RECIPE_ROUTE_ANY_MIXER,2,0.0,0.0,0.0,0.0,0.0,0.0,0.0,0.0,0.0,0.0,0.0,0.0,0.0,0.0,0.0
M1-B00163-M-- 09 002,CarbonBlack,OilWet,ALL,SAME_RECIPE_ROUTE_ANY_MIXER,1,0.0,0.0,0.0,0.0,0.0,0.0,0.0,0.0,0.0,0.0,0.0,0.0,0.0,0.0,0.0
M1-B00163R4-- 01 003,CarbonBlack,OilWet,ALL,SAME_RECIPE_ROUTE_ANY_MIXER,47,47.0,53.0,52.0,5.0,19.4,5.0,15.0,31.0,28.0,45.0,131.4,85.0,145.0,145.0,145.0
M1-B00163R4-- 01 004,CarbonBlack,OilWet,ALL,SAME_RECIPE_ROUTE_ANY_MIXER,22,50.0,51.0,50.0,5.0,22.0,15.5,16.0,98.5,19.5,74.05,119.95,94.0,150.0,150.0,150.0
M1-B00163RT-- 01 001,CarbonBlack,OilWet,ALL,SAME_RECIPE_ROUTE_ANY_MIXER,20,33.95,34.05,34.0,4.9,25.1,17.5,55.85,73.1,65.5,91.9,107.05,97.0,145.0,145.0,145.0
M1-B00163RT-- 01 002,CarbonBlack,OilWet,ALL,SAME_RECIPE_ROUTE_ANY_MIXER,58,34.0,34.15,34.0,5.0,21.0,5.0,54.0,114.3,81.5,82.0,183.2,145.0,145.0,145.0,145.0
M1-B00163XM-- 02 003,CarbonBlack,OilWet,ALL,SAME_RECIPE_ROUTE_ANY_MIXER,4,0.0,0.0,0.0,0.0,0.0,0.0,0.0,0.0,0.0,0.0,0.0,0.0,0.0,0.0,0.0
M1-B00163XV-- 01 001,CarbonBlack,OilWet,ALL,SAME_RECIPE_ROUTE_ANY_MIXER,3,0.0,0.0,0.0,0.0,0.0,0.0,0.0,0.0,0.0,0.0,0.0,0.0,0.0,0.0,0.0
M1-B00163XV-- 01 002,CarbonBlack,OilWet,ALL,SAME_RECIPE_ROUTE_ANY_MIXER,3,0.0,0.0,0.0,0.0,0.0,0.0,0.0,0.0,0.0,0.0,0.0,0.0,0.0,0.0,0.0
M1-B00163XV-- 01 003,CarbonBlack,OilWet,ALL,SAME_RECIPE_ROUTE_ANY_MIXER,3,0.0,0.0,0.0,0.0,0.0,0.0,0.0,0.0,0.0,0.0,0.0,0.0,0.0,0.0,0.0
M1-B00163XV-- 01 004,CarbonBlack,OilWet,ALL,SAME_RECIPE_ROUTE_ANY_MIXER,11,36.0,36.0,36.0,3.0,20.5,5.0,14.5,37.0,33.0,74.0,95.0,94.0,150.0,150.0,150.0
M1-B00458---- 11 005,CarbonBlack,OilWet,ALL,SAME_RECIPE_ROUTE_ANY_MIXER,4,0.0,0.0,0.0,0.0,0.0,0.0,0.0,0.0,0.0,0.0,0.0,0.0,0.0,0.0,0.0
M1-B00458---- 11 006,CarbonBlack,OilWet,ALL,SAME_RECIPE_ROUTE_ANY_MIXER,28,45.0,55.2,46.0,16.0,29.65,19.0,15.7,20.0,19.0,49.0,61.0,50.0,145.0,145.0,145.0
M1-B00458---- 12 003,CarbonBlack,OilWet,ALL,SAME_RECIPE_ROUTE_ANY_MIXER,1121,45.0,61.0,51.0,5.0,27.0,5.0,18.0,63.0,30.0,22.0,114.0,53.0,145.0,145.0,145.0
M1-B00458---- 12 004,CarbonBlack,OilWet,ALL,SAME_RECIPE_ROUTE_ANY_MIXER,1175,45.0,46.0,45.0,5.0,15.0,5.0,22.0,36.0,27.0,22.0,124.0,73.0,145.0,145.0,145.0
M1-B00458---- 12 005,CarbonBlack,OilWet,ALL,SAME_RECIPE_ROUTE_ANY_MIXER,234,45.0,49.0,46.0,5.0,19.0,14.0,23.65,34.35,26.5,42.0,84.0,63.0,145.0,145.0,145.0
M1-B00458---- 12 007,CarbonBlack,OilWet,ALL,SAME_RECIPE_ROUTE_ANY_MIXER,19,49.0,51.0,50.0,15.9,21.1,19.0,20.9,23.0,22.0,102.0,105.0,103.0,148.0,148.0,148.0
M1-B00458---- 12 008,CarbonBlack,OilWet,ALL,SAME_RECIPE_ROUTE_ANY_MIXER,25,48.0,66.8,51.0,16.0,21.8,18.0,20.2,30.8,23.0,93.2,137.0,103.0,148.0,148.0,148.0
M1-B00458-M-- 01 001,CarbonBlack,OilWet,ALL,SAME_RECIPE_ROUTE_ANY_MIXER,8,48.0,49.0,48.0,8.35,14.95,11.5,24.35,28.95,26.0,76.0,77.0,77.0,145.0,145.0,145.0
M1-B00458B1-- 02 001,CarbonBlack,OilWet,ALL,SAME_RECIPE_ROUTE_ANY_MIXER,7,56.0,57.0,56.0,5.0,19.0,5.0,30.1,58.0,52.0,82.3,84.0,84.0,145.0,145.0,145.0
M1-B00458B1-- 02 002,CarbonBlack,OilWet,ALL,SAME_RECIPE_ROUTE_ANY_MIXER,79,45.0,61.0,60.0,5.0,23.3,5.0,22.0,65.1,49.0,22.0,84.0,64.0,145.0,145.0,145.0
M1-B00458B1-- 02 003,CarbonBlack,OilWet,ALL,SAME_RECIPE_ROUTE_ANY_MIXER,17,33.0,35.4,34.0,10.8,16.2,13.0,28.8,33.4,32.0,22.8,33.0,32.0,145.0,145.0,145.0
M1-B00458RFD- 01 001,CarbonBlack,OilWet,ALL,SAME_RECIPE_ROUTE_ANY_MIXER,3,0.0,0.0,0.0,0.0,0.0,0.0,0.0,0.0,0.0,0.0,0.0,0.0,0.0,0.0,0.0
M1-B00458RFD- 06 001,CarbonBlack,OilWet,ALL,SAME_RECIPE_ROUTE_ANY_MIXER,2,0.0,0.0,0.0,0.0,0.0,0.0,0.0,0.0,0.0,0.0,0.0,0.0,0.0,0.0,0.0
M1-B00458RIL- 08 001,CarbonBlack,OilWet,ALL,SAME_RECIPE_ROUTE_ANY_MIXER,10,46.0,50.0,50.0,7.25,21.65,18.0,38.45,52.7,41.5,86.45,140.1,108.5,145.0,145.0,145.0
M1-B00458RRL- 01 001,CarbonBlack,OilWet,ALL,SAME_RECIPE_ROUTE_ANY_MIXER,43,40.0,43.0,40.0,11.0,19.9,14.0,27.2,42.0,35.0,79.0,139.0,130.0,150.0,150.0,150.0
M1-B00458RRL- 01 003,CarbonBlack,OilWet,ALL,SAME_RECIPE_ROUTE_ANY_MIXER,38,40.0,41.0,40.0,9.0,16.15,13.0,35.85,44.3,39.0,67.85,147.15,123.0,150.0,150.0,150.0
M1-B00458RRL- 01 004,CarbonBlack,OilWet,ALL,SAME_RECIPE_ROUTE_ANY_MIXER,11,40.0,44.5,41.0,12.0,19.5,15.0,38.0,42.5,40.0,117.5,119.0,119.0,150.0,150.0,150.0
M1-B00458RRL- 04 002,CarbonBlack,OilWet,ALL,SAME_RECIPE_ROUTE_ANY_MIXER,11,42.5,54.0,52.0,11.0,16.0,13.0,40.5,50.5,44.0,131.5,142.0,140.0,150.0,150.0,150.0
M1-B00458X--- 04 001,CarbonBlack,OilWet,ALL,SAME_RECIPE_ROUTE_ANY_MIXER,33,47.0,49.0,48.0,10.0,16.0,12.0,25.0,31.0,28.0,47.0,78.0,47.0,145.0,145.0,145.0
M1-B00458XM-- 04 002,CarbonBlack,OilWet,ALL,SAME_RECIPE_ROUTE_ANY_MIXER,3,0.0,0.0,0.0,0.0,0.0,0.0,0.0,0.0,0.0,0.0,0.0,0.0,0.0,0.0,0.0
M1-B00458XM-- 04 003,CarbonBlack,OilWet,ALL,SAME_RECIPE_ROUTE_ANY_MIXER,3,0.0,0.0,0.0,0.0,0.0,0.0,0.0,0.0,0.0,0.0,0.0,0.0,0.0,0.0,0.0
M1-B00458XV-- 01 002,CarbonBlack,OilWet,ALL,SAME_RECIPE_ROUTE_ANY_MIXER,4,0.0,0.0,0.0,0.0,0.0,0.0,0.0,0.0,0.0,0.0,0.0,0.0,0.0,0.0,0.0
M1-B00460-M-- 01 003,CarbonBlack,OilWet,ALL,SAME_RECIPE_ROUTE_ANY_MIXER,9,86.0,89.6,87.0,5.0,5.0,5.0,41.8,48.6,46.0,145.0,146.0,145.0,152.0,152.0,152.0
M1-B00460B--- 01 001,CarbonBlack,OilWet,ALL,SAME_RECIPE_ROUTE_ANY_MIXER,41,55.0,73.0,66.0,4.0,17.0,5.0,44.0,54.0,45.0,63.0,97.0,94.0,145.0,145.0,145.0
M1-B00460B--- 01 002,CarbonBlack,OilWet,ALL,SAME_RECIPE_ROUTE_ANY_MIXER,21,66.0,72.0,66.0,5.0,5.0,5.0,44.0,50.0,45.0,76.0,115.0,95.0,145.0,145.0,145.0
M1-B00460B--- 01 003,CarbonBlack,OilWet,ALL,SAME_RECIPE_ROUTE_ANY_MIXER,22,65.0,69.95,66.0,5.0,5.0,5.0,44.0,48.8,45.0,56.05,131.0,128.0,145.0,145.0,145.0
M1-B00460B--- 01 004,CarbonBlack,OilWet,ALL,SAME_RECIPE_ROUTE_ANY_MIXER,2,0.0,0.0,0.0,0.0,0.0,0.0,0.0,0.0,0.0,0.0,0.0,0.0,0.0,0.0,0.0
M1-B00460B--- 02 001,CarbonBlack,OilWet,ALL,SAME_RECIPE_ROUTE_ANY_MIXER,67,63.3,74.7,72.0,5.0,21.0,5.0,39.3,51.0,46.0,90.0,93.0,91.0,145.0,145.0,145.0
M1-B00460B--- 03 001,CarbonBlack,OilWet,ALL,SAME_RECIPE_ROUTE_ANY_MIXER,15,73.0,117.4,74.0,5.0,5.0,5.0,45.0,50.2,46.0,90.0,121.0,100.0,145.0,145.0,145.0
M1-B00460B--- 03 002,CarbonBlack,OilWet,ALL,SAME_RECIPE_ROUTE_ANY_MIXER,52,71.55,74.0,73.0,5.0,5.0,5.0,35.0,49.8,46.0,66.55,125.0,100.0,145.0,145.0,145.0
M1-B00460B--- 03 003,CarbonBlack,OilWet,ALL,SAME_RECIPE_ROUTE_ANY_MIXER,15,72.0,75.6,73.0,3.7,19.3,5.0,30.0,44.3,41.0,145.0,148.0,146.0,155.0,155.0,155.0
M1-B00460B--- 04 001,CarbonBlack,OilWet,ALL,SAME_RECIPE_ROUTE_ANY_MIXER,2,0.0,0.0,0.0,0.0,0.0,0.0,0.0,0.0,0.0,0.0,0.0,0.0,0.0,0.0,0.0
M1-B00460B--- 04 002,CarbonBlack,OilWet,ALL,SAME_RECIPE_ROUTE_ANY_MIXER,63,75.0,97.9,78.0,5.0,5.0,5.0,43.0,59.0,53.0,160.0,176.0,175.0,158.0,158.0,158.0
M1-B00460B--- 04 004,CarbonBlack,OilWet,ALL,SAME_RECIPE_ROUTE_ANY_MIXER,1,0.0,0.0,0.0,0.0,0.0,0.0,0.0,0.0,0.0,0.0,0.0,0.0,0.0,0.0,0.0
M1-B00460B--- 04 007,CarbonBlack,OilWet,ALL,SAME_RECIPE_ROUTE_ANY_MIXER,7,39.0,40.0,39.0,5.0,20.6,11.0,21.6,41.0,32.0,112.0,147.0,112.0,158.0,158.0,158.0
M1-B00460B--- 04 009,CarbonBlack,OilWet,ALL,SAME_RECIPE_ROUTE_ANY_MIXER,2,0.0,0.0,0.0,0.0,0.0,0.0,0.0,0.0,0.0,0.0,0.0,0.0,0.0,0.0,0.0
M1-B00460XJ-- 01 001,CarbonBlack,OilWet,ALL,SAME_RECIPE_ROUTE_ANY_MIXER,9,55.0,58.6,55.0,14.0,16.0,15.0,45.0,48.2,46.0,94.4,98.0,96.0,145.0,145.0,145.0
M1-B00460XP-- 02 001,CarbonBlack,OilWet,ALL,SAME_RECIPE_ROUTE_ANY_MIXER,2,0.0,0.0,0.0,0.0,0.0,0.0,0.0,0.0,0.0,0.0,0.0,0.0,0.0,0.0,0.0
M1-B15563---- 01 003,CarbonBlack,OilWet,ALL,SAME_RECIPE_ROUTE_ANY_MIXER,20,35.0,35.0,35.0,14.0,31.1,18.0,18.95,39.05,32.0,72.95,75.0,74.0,145.0,145.0,145.0
M1-B15563---- 04 004,CarbonBlack,OilWet,ALL,SAME_RECIPE_ROUTE_ANY_MIXER,2,0.0,0.0,0.0,0.0,0.0,0.0,0.0,0.0,0.0,0.0,0.0,0.0,0.0,0.0,0.0
M1-B15563---- 04 005,CarbonBlack,OilWet,ALL,SAME_RECIPE_ROUTE_ANY_MIXER,7,39.0,39.0,39.0,7.7,17.7,15.0,18.0,28.0,20.0,89.3,91.0,90.0,145.0,145.0,145.0
M1-B15563---- 04 006,CarbonBlack,OilWet,ALL,SAME_RECIPE_ROUTE_ANY_MIXER,6,39.0,39.0,39.0,14.0,15.0,15.0,19.25,21.0,20.5,90.25,92.0,91.5,145.0,145.0,145.0
M1-B15563---- 04 008,CarbonBlack,OilWet,ALL,SAME_RECIPE_ROUTE_ANY_MIXER,3,0.0,0.0,0.0,0.0,0.0,0.0,0.0,0.0,0.0,0.0,0.0,0.0,0.0,0.0,0.0
M1-B15563R1-- 01 004,CarbonBlack,OilWet,ALL,SAME_RECIPE_ROUTE_ANY_MIXER,3,0.0,0.0,0.0,0.0,0.0,0.0,0.0,0.0,0.0,0.0,0.0,0.0,0.0,0.0,0.0
M1-B15563R1-- 01 005,CarbonBlack,OilWet,ALL,SAME_RECIPE_ROUTE_ANY_MIXER,25,39.0,39.0,39.0,19.0,27.8,22.0,18.0,24.8,21.0,105.0,148.0,107.0,150.0,150.0,150.0
M1-C10430---- 05 003,CarbonBlack,NoOilDry,ALL,SAME_RECIPE_ROUTE_ANY_MIXER,4,0.0,0.0,0.0,0.0,0.0,0.0,0.0,0.0,0.0,0.0,0.0,0.0,0.0,0.0,0.0
M1-C10430---- 05 004,CarbonBlack,NoOilDry,ALL,SAME_RECIPE_ROUTE_ANY_MIXER,5,65.6,76.2,72.0,0.0,0.0,0.0,20.2,27.6,21.0,51.0,52.0,51.0,147.0,147.0,147.0
M1-C10430---- 05 005,CarbonBlack,NoOilDry,ALL,SAME_RECIPE_ROUTE_ANY_MIXER,2,0.0,0.0,0.0,0.0,0.0,0.0,0.0,0.0,0.0,0.0,0.0,0.0,0.0,0.0,0.0
M1-C10430B4-- 01 004,CarbonBlack,NoOilDry,ALL,SAME_RECIPE_ROUTE_ANY_MIXER,4,0.0,0.0,0.0,0.0,0.0,0.0,0.0,0.0,0.0,0.0,0.0,0.0,0.0,0.0,0.0
M1-M08161X3-- 01 001,CarbonBlack,OilWet,ALL,SAME_RECIPE_ROUTE_ANY_MIXER,4,0.0,0.0,0.0,0.0,0.0,0.0,0.0,0.0,0.0,0.0,0.0,0.0,0.0,0.0,0.0
M1-R00037---- 12 001,CarbonBlack,OilWet,ALL,SAME_RECIPE_ROUTE_ANY_MIXER,1,0.0,0.0,0.0,0.0,0.0,0.0,0.0,0.0,0.0,0.0,0.0,0.0,0.0,0.0,0.0
M1-R00037W9-- 01 001,CarbonBlack,OilWet,ALL,SAME_RECIPE_ROUTE_ANY_MIXER,12,19.0,26.45,23.5,20.55,26.45,24.0,33.0,35.45,34.5,98.0,101.0,99.5,160.0,160.0,160.0
M1-R00037W9-- 01 002,CarbonBlack,OilWet,ALL,SAME_RECIPE_ROUTE_ANY_MIXER,23,25.1,37.9,32.0,21.1,49.8,25.0,23.1,71.0,68.0,72.0,170.9,168.0,155.0,155.0,155.0
M1-R00037W9-- 01 004,CarbonBlack,OilWet,ALL,SAME_RECIPE_ROUTE_ANY_MIXER,1,0.0,0.0,0.0,0.0,0.0,0.0,0.0,0.0,0.0,0.0,0.0,0.0,0.0,0.0,0.0
M1-R00037W9-- 03 001,CarbonBlack,OilWet,ALL,SAME_RECIPE_ROUTE_ANY_MIXER,4,0.0,0.0,0.0,0.0,0.0,0.0,0.0,0.0,0.0,0.0,0.0,0.0,0.0,0.0,0.0
M1-R00037XE-- 02 005,CarbonBlack,OilWet,ALL,SAME_RECIPE_ROUTE_ANY_MIXER,2,0.0,0.0,0.0,0.0,0.0,0.0,0.0,0.0,0.0,0.0,0.0,0.0,0.0,0.0,0.0
M1-R00218R1-- 01 002,CarbonBlack,NoOilDry,ALL,SAME_RECIPE_ROUTE_ANY_MIXER,34,81.0,113.0,85.0,0.0,0.0,0.0,55.0,67.0,64.0,109.0,169.35,139.0,150.0,150.0,150.0
M1-R00218R1-- 01 004,CarbonBlack,NoOilDry,ALL,SAME_RECIPE_ROUTE_ANY_MIXER,4,0.0,0.0,0.0,0.0,0.0,0.0,0.0,0.0,0.0,0.0,0.0,0.0,0.0,0.0,0.0
M1-R00218W1-- 01 002,CarbonBlack,NoOilDry,ALL,SAME_RECIPE_ROUTE_ANY_MIXER,5,97.2,100.0,99.0,0.0,0.0,0.0,85.2,87.8,87.0,213.2,225.4,214.0,150.0,150.0,150.0
M1-R00218W1-- 03 002,CarbonBlack,NoOilDry,ALL,SAME_RECIPE_ROUTE_ANY_MIXER,16,70.0,78.0,76.0,0.0,0.0,0.0,61.25,66.75,64.0,132.0,135.0,134.0,150.0,150.0,150.0
M1-R00218W1-- 09 001,CarbonBlack,NoOilDry,ALL,SAME_RECIPE_ROUTE_ANY_MIXER,22,54.0,70.95,68.5,0.0,0.0,0.0,52.0,63.95,55.0,129.0,155.9,130.5,158.0,158.0,158.0
M1-R00218W2-- 10 003,CarbonBlack,NoOilDry,ALL,SAME_RECIPE_ROUTE_ANY_MIXER,13,61.0,108.0,91.0,0.0,0.0,0.0,58.6,88.0,72.0,146.0,173.6,161.0,158.0,158.0,158.0
M1-R00218W2-- 10 004,CarbonBlack,NoOilDry,ALL,SAME_RECIPE_ROUTE_ANY_MIXER,5,67.0,69.0,69.0,0.0,0.0,0.0,31.2,32.0,32.0,112.2,114.0,113.0,158.0,158.0,158.0
M1-R00218W2-- 10 005,CarbonBlack,NoOilDry,ALL,SAME_RECIPE_ROUTE_ANY_MIXER,4,0.0,0.0,0.0,0.0,0.0,0.0,0.0,0.0,0.0,0.0,0.0,0.0,0.0,0.0,0.0
M1-R00218W5-- 01 001,CarbonBlack,NoOilDry,ALL,SAME_RECIPE_ROUTE_ANY_MIXER,8,66.35,75.0,70.0,0.0,0.0,0.0,31.7,35.65,35.0,71.35,113.0,112.0,158.0,158.0,158.0
M1-R00218W5-- 01 004,CarbonBlack,NoOilDry,ALL,SAME_RECIPE_ROUTE_ANY_MIXER,1,0.0,0.0,0.0,0.0,0.0,0.0,0.0,0.0,0.0,0.0,0.0,0.0,0.0,0.0,0.0
M1-R00218W5-- 05 006,CarbonBlack,NoOilDry,ALL,SAME_RECIPE_ROUTE_ANY_MIXER,3,0.0,0.0,0.0,0.0,0.0,0.0,0.0,0.0,0.0,0.0,0.0,0.0,0.0,0.0,0.0
M1-S00211B--- 04 002,Silica,OilWet,ALL,SAME_RECIPE_ROUTE_ANY_MIXER,3,0.0,0.0,0.0,0.0,0.0,0.0,0.0,0.0,0.0,0.0,0.0,0.0,0.0,0.0,0.0
M1-S00211B--- 05 003,Silica,OilWet,ALL,SAME_RECIPE_ROUTE_ANY_MIXER,3,0.0,0.0,0.0,0.0,0.0,0.0,0.0,0.0,0.0,0.0,0.0,0.0,0.0,0.0,0.0
M1-S08156---- 18 001,Silica,OilWet,ALL,SAME_RECIPE_ROUTE_ANY_MIXER,3,0.0,0.0,0.0,0.0,0.0,0.0,0.0,0.0,0.0,0.0,0.0,0.0,0.0,0.0,0.0
M1-S08156---- 19 003,Silica,OilWet,ALL,SAME_RECIPE_ROUTE_ANY_MIXER,2,0.0,0.0,0.0,0.0,0.0,0.0,0.0,0.0,0.0,0.0,0.0,0.0,0.0,0.0,0.0
M1-S08156---- 20 001,Silica,OilWet,ALL,SAME_RECIPE_ROUTE_ANY_MIXER,8,44.0,45.0,44.0,40.0,46.65,44.0,19.35,23.65,22.0,45.35,47.0,46.0,145.0,145.0,145.0
M1-S08156B1-- 01 003,Silica,OilWet,ALL,SAME_RECIPE_ROUTE_ANY_MIXER,146,29.0,40.0,39.0,33.0,50.75,42.0,17.0,30.0,20.0,18.0,88.0,39.5,145.0,145.0,145.0
M1-S08156B1-- 01 004,Silica,OilWet,ALL,SAME_RECIPE_ROUTE_ANY_MIXER,1,0.0,0.0,0.0,0.0,0.0,0.0,0.0,0.0,0.0,0.0,0.0,0.0,0.0,0.0,0.0
M1-S08156B1-- 01 005,Silica,OilWet,ALL,SAME_RECIPE_ROUTE_ANY_MIXER,23,39.0,45.0,39.0,38.0,49.8,41.0,18.0,25.0,20.0,46.0,48.0,47.0,145.0,145.0,145.0
M1-S08156B1-- 02 003,Silica,OilWet,ALL,SAME_RECIPE_ROUTE_ANY_MIXER,9,46.4,48.0,47.0,20.4,82.2,40.0,15.8,33.2,17.0,58.4,60.6,59.0,145.0,145.0,145.0
M1-S08156B1-- 02 004,Silica,OilWet,ALL,SAME_RECIPE_ROUTE_ANY_MIXER,36,45.75,52.25,47.5,24.75,46.25,33.0,15.75,21.0,18.0,27.0,68.0,48.5,145.0,145.0,145.0
M1-S08156B1-- 03 002,Silica,OilWet,ALL,SAME_RECIPE_ROUTE_ANY_MIXER,3,0.0,0.0,0.0,0.0,0.0,0.0,0.0,0.0,0.0,0.0,0.0,0.0,0.0,0.0,0.0
M1-S16701W3-- 02 001,Silica,NoOilDry,ALL,SAME_RECIPE_ROUTE_ANY_MIXER,4,0.0,0.0,0.0,0.0,0.0,0.0,0.0,0.0,0.0,0.0,0.0,0.0,0.0,0.0,0.0
M1-T00011-M-- 01 003,Silica,OilWet,ALL,SAME_RECIPE_ROUTE_ANY_MIXER,20,34.0,42.15,38.0,26.1,34.1,32.0,17.95,30.35,24.0,71.95,96.0,73.0,155.0,155.0,155.0
M1-T00011-M-- 01 004,Silica,OilWet,ALL,SAME_RECIPE_ROUTE_ANY_MIXER,10,34.45,39.1,37.0,17.2,33.0,29.5,17.45,31.25,20.0,89.0,115.55,96.0,155.0,155.0,155.0
M1-T00011B2-- 14 001,Silica,OilWet,ALL,SAME_RECIPE_ROUTE_ANY_MIXER,23,35.0,37.9,35.0,14.1,35.0,32.0,17.1,35.0,20.0,49.0,104.3,59.0,155.0,155.0,155.0
M1-T00011B2-- 14 004,Silica,OilWet,ALL,SAME_RECIPE_ROUTE_ANY_MIXER,64,35.0,40.0,35.0,4.0,11.0,7.0,39.0,66.0,44.0,60.0,126.45,110.0,150.0,150.0,150.0
M1-T00011B2-- 16 001,Silica,OilWet,ALL,SAME_RECIPE_ROUTE_ANY_MIXER,63,36.1,49.9,46.0,7.0,28.0,10.0,24.2,44.9,40.0,42.1,98.0,77.0,155.0,155.0,155.0
M1-T00011B2-- 16 004,Silica,OilWet,ALL,SAME_RECIPE_ROUTE_ANY_MIXER,44,37.0,44.85,38.0,5.0,9.85,6.0,43.15,61.0,51.0,49.0,111.85,65.5,150.0,150.0,150.0
M1-T00011B2-- 21 001,Silica,OilWet,ALL,SAME_RECIPE_ROUTE_ANY_MIXER,13,40.0,40.0,40.0,5.0,11.8,9.0,40.0,44.0,41.0,58.0,178.6,60.0,150.0,150.0,150.0
M1-T00011B2-- 21 002,Silica,OilWet,ALL,SAME_RECIPE_ROUTE_ANY_MIXER,10,40.0,46.4,40.0,20.45,38.55,34.0,20.45,30.7,22.0,71.0,91.0,89.0,158.0,158.0,158.0
M1-T00011B2-- 21 004,Silica,OilWet,ALL,SAME_RECIPE_ROUTE_ANY_MIXER,3,0.0,0.0,0.0,0.0,0.0,0.0,0.0,0.0,0.0,0.0,0.0,0.0,0.0,0.0,0.0
M1-T00011B2-- 22 001,Silica,OilWet,ALL,SAME_RECIPE_ROUTE_ANY_MIXER,4,0.0,0.0,0.0,0.0,0.0,0.0,0.0,0.0,0.0,0.0,0.0,0.0,0.0,0.0,0.0
M1-T00011B2-- 22 002,Silica,OilWet,ALL,SAME_RECIPE_ROUTE_ANY_MIXER,8,42.35,45.0,44.0,14.35,31.65,28.0,22.35,43.8,24.5,61.0,80.85,61.5,158.0,158.0,158.0
M1-T00011B2-- 22 005,Silica,OilWet,ALL,SAME_RECIPE_ROUTE_ANY_MIXER,5,47.8,61.0,57.0,14.4,31.0,16.0,18.2,30.0,29.0,75.0,76.0,76.0,158.0,158.0,158.0
M1-T00011B2-- 23 003,Silica,OilWet,ALL,SAME_RECIPE_ROUTE_ANY_MIXER,1,0.0,0.0,0.0,0.0,0.0,0.0,0.0,0.0,0.0,0.0,0.0,0.0,0.0,0.0,0.0
M1-T00011B2-- 23 005,Silica,OilWet,ALL,SAME_RECIPE_ROUTE_ANY_MIXER,4,0.0,0.0,0.0,0.0,0.0,0.0,0.0,0.0,0.0,0.0,0.0,0.0,0.0,0.0,0.0
M1-T00011B2-- 23 006,Silica,OilWet,ALL,SAME_RECIPE_ROUTE_ANY_MIXER,12,28.0,29.0,28.0,35.0,37.45,37.0,21.0,23.45,22.0,82.55,84.0,83.0,150.0,150.0,150.0
M1-T00011B8-- 01 001,Silica,OilWet,ALL,SAME_RECIPE_ROUTE_ANY_MIXER,4,0.0,0.0,0.0,0.0,0.0,0.0,0.0,0.0,0.0,0.0,0.0,0.0,0.0,0.0,0.0
M1-T00011B8-- 01 004,Silica,OilWet,ALL,SAME_RECIPE_ROUTE_ANY_MIXER,6,41.0,45.75,42.5,6.25,14.25,10.5,33.25,39.0,37.5,43.25,45.0,44.0,150.0,150.0,150.0
M1-T00011XV-- 01 001,Silica,OilWet,ALL,SAME_RECIPE_ROUTE_ANY_MIXER,1,0.0,0.0,0.0,0.0,0.0,0.0,0.0,0.0,0.0,0.0,0.0,0.0,0.0,0.0,0.0
M1-T00011XZ-- 04 002,Silica,OilWet,ALL,SAME_RECIPE_ROUTE_ANY_MIXER,3,0.0,0.0,0.0,0.0,0.0,0.0,0.0,0.0,0.0,0.0,0.0,0.0,0.0,0.0,0.0
M1-T01102W2-- 01 007,Silica,NoOilDry,ALL,SAME_RECIPE_ROUTE_ANY_MIXER,17,105.0,129.2,113.0,0.0,0.0,0.0,72.2,86.0,78.0,49.0,70.0,51.0,165.0,165.0,165.0
M1-T01102W2-- 01 008,Silica,NoOilDry,ALL,SAME_RECIPE_ROUTE_ANY_MIXER,3,0.0,0.0,0.0,0.0,0.0,0.0,0.0,0.0,0.0,0.0,0.0,0.0,0.0,0.0,0.0
M1-T01102W2-- 01 009,Silica,NoOilDry,ALL,SAME_RECIPE_ROUTE_ANY_MIXER,4,0.0,0.0,0.0,0.0,0.0,0.0,0.0,0.0,0.0,0.0,0.0,0.0,0.0,0.0,0.0
M1-T01102W2-- 01 010,Silica,NoOilDry,ALL,SAME_RECIPE_ROUTE_ANY_MIXER,11,109.0,134.0,116.0,0.0,0.0,0.0,46.5,74.0,61.0,99.5,107.0,103.0,165.0,165.0,165.0
M1-T01102XP-- 05 001,Silica,NoOilDry,ALL,SAME_RECIPE_ROUTE_ANY_MIXER,2,0.0,0.0,0.0,0.0,0.0,0.0,0.0,0.0,0.0,0.0,0.0,0.0,0.0,0.0,0.0
M1-T01139-M-- 01 003,Silica,OilWet,ALL,SAME_RECIPE_ROUTE_ANY_MIXER,2,0.0,0.0,0.0,0.0,0.0,0.0,0.0,0.0,0.0,0.0,0.0,0.0,0.0,0.0,0.0
M1-T01139B--- 11 004,Silica,OilWet,ALL,SAME_RECIPE_ROUTE_ANY_MIXER,6,13.0,14.0,13.5,51.0,57.25,55.0,47.5,51.75,50.0,84.25,86.0,85.0,155.0,155.0,155.0
M1-T01139B--- 11 005,Silica,OilWet,ALL,SAME_RECIPE_ROUTE_ANY_MIXER,4,0.0,0.0,0.0,0.0,0.0,0.0,0.0,0.0,0.0,0.0,0.0,0.0,0.0,0.0,0.0
M1-T02128W5-- 04 002,Silica,OilWet,ALL,SAME_RECIPE_ROUTE_ANY_MIXER,10,31.9,34.0,34.0,61.0,66.55,64.0,33.45,36.55,35.0,70.45,72.55,71.0,165.0,165.0,165.0
M1-T02128W5-- 04 004,Silica,OilWet,ALL,SAME_RECIPE_ROUTE_ANY_MIXER,5,34.0,34.0,34.0,67.0,72.6,69.0,22.6,30.0,30.0,89.6,92.8,92.0,165.0,165.0,165.0
M1-T02128W5-- 04 006,Silica,OilWet,ALL,SAME_RECIPE_ROUTE_ANY_MIXER,3,0.0,0.0,0.0,0.0,0.0,0.0,0.0,0.0,0.0,0.0,0.0,0.0,0.0,0.0,0.0
M1-T05073---- 06 006,Silica,OilWet,ALL,SAME_RECIPE_ROUTE_ANY_MIXER,1,0.0,0.0,0.0,0.0,0.0,0.0,0.0,0.0,0.0,0.0,0.0,0.0,0.0,0.0,0.0
M1-T05073---- 06 007,Silica,OilWet,ALL,SAME_RECIPE_ROUTE_ANY_MIXER,1,0.0,0.0,0.0,0.0,0.0,0.0,0.0,0.0,0.0,0.0,0.0,0.0,0.0,0.0,0.0
M1-T05073XV-- 01 001,Silica,OilWet,ALL,SAME_RECIPE_ROUTE_ANY_MIXER,4,0.0,0.0,0.0,0.0,0.0,0.0,0.0,0.0,0.0,0.0,0.0,0.0,0.0,0.0,0.0
M1-T09170---- 23 003,Silica,OilWet,ALL,SAME_RECIPE_ROUTE_ANY_MIXER,395,30.0,41.0,40.0,41.0,64.3,51.0,27.0,35.0,31.0,123.0,126.0,124.0,165.0,165.0,165.0
M1-T09170---- 23 004,Silica,OilWet,ALL,SAME_RECIPE_ROUTE_ANY_MIXER,68,33.35,41.0,41.0,48.0,66.3,54.0,28.0,39.3,32.0,124.0,127.0,125.0,165.0,165.0,165.0
M1-T09170---- 24 001,Silica,OilWet,ALL,SAME_RECIPE_ROUTE_ANY_MIXER,10,20.45,29.1,21.0,41.35,45.55,44.0,21.45,25.0,24.0,107.0,109.55,107.5,165.0,165.0,165.0
M1-T09170-M-- 01 003,Silica,OilWet,ALL,SAME_RECIPE_ROUTE_ANY_MIXER,45,36.0,64.8,49.0,43.0,57.0,51.0,22.0,46.8,31.0,103.2,122.2,106.0,165.0,165.0,165.0
M1-T09170-M-- 01 006,Silica,OilWet,ALL,SAME_RECIPE_ROUTE_ANY_MIXER,1,0.0,0.0,0.0,0.0,0.0,0.0,0.0,0.0,0.0,0.0,0.0,0.0,0.0,0.0,0.0
M1-T09170WS-- 01 009,Silica,OilWet,ALL,SAME_RECIPE_ROUTE_ANY_MIXER,378,20.0,48.0,23.0,25.0,52.0,46.0,22.0,54.0,27.0,70.0,113.0,106.0,165.0,165.0,165.0
M1-T09170WS-- 01 010,Silica,OilWet,ALL,SAME_RECIPE_ROUTE_ANY_MIXER,218,22.0,24.0,23.0,43.85,62.0,51.0,24.0,37.0,34.0,105.0,108.0,106.0,165.0,165.0,165.0
M1-T09170WS-- 02 003,Silica,OilWet,ALL,SAME_RECIPE_ROUTE_ANY_MIXER,490,23.0,29.0,24.0,60.0,82.0,74.0,26.0,51.0,33.0,59.0,121.0,88.0,165.0,165.0,165.0
M1-T09170WS-- 02 004,Silica,OilWet,ALL,SAME_RECIPE_ROUTE_ANY_MIXER,2756,23.0,41.0,24.0,44.0,73.0,59.0,28.0,43.0,33.0,74.0,126.0,105.0,165.0,165.0,165.0
M1-T09170WZ-- 01 001,Silica,OilWet,ALL,SAME_RECIPE_ROUTE_ANY_MIXER,2,0.0,0.0,0.0,0.0,0.0,0.0,0.0,0.0,0.0,0.0,0.0,0.0,0.0,0.0,0.0
M1-T09170X3-- 02 001,Silica,OilWet,ALL,SAME_RECIPE_ROUTE_ANY_MIXER,3,0.0,0.0,0.0,0.0,0.0,0.0,0.0,0.0,0.0,0.0,0.0,0.0,0.0,0.0,0.0
M1-T09170XM-- 01 001,Silica,OilWet,ALL,SAME_RECIPE_ROUTE_ANY_MIXER,5,20.4,27.2,22.0,45.0,46.0,45.0,23.0,23.0,23.0,106.2,108.0,108.0,165.0,165.0,165.0
M1-T09170XT-- 03 001,Silica,OilWet,ALL,SAME_RECIPE_ROUTE_ANY_MIXER,3,0.0,0.0,0.0,0.0,0.0,0.0,0.0,0.0,0.0,0.0,0.0,0.0,0.0,0.0,0.0
M1-T10035---- 07 009,Silica,OilWet,ALL,SAME_RECIPE_ROUTE_ANY_MIXER,3,0.0,0.0,0.0,0.0,0.0,0.0,0.0,0.0,0.0,0.0,0.0,0.0,0.0,0.0,0.0
M1-T10035---- 07 011,Silica,OilWet,ALL,SAME_RECIPE_ROUTE_ANY_MIXER,4,0.0,0.0,0.0,0.0,0.0,0.0,0.0,0.0,0.0,0.0,0.0,0.0,0.0,0.0,0.0
M1-T10035B6-- 01 002,Silica,OilWet,ALL,SAME_RECIPE_ROUTE_ANY_MIXER,4,0.0,0.0,0.0,0.0,0.0,0.0,0.0,0.0,0.0,0.0,0.0,0.0,0.0,0.0,0.0
M1-T10035B7-- 02 001,Silica,OilWet,ALL,SAME_RECIPE_ROUTE_ANY_MIXER,4,0.0,0.0,0.0,0.0,0.0,0.0,0.0,0.0,0.0,0.0,0.0,0.0,0.0,0.0,0.0
M1-T10035XC-- 01 002,Silica,OilWet,ALL,SAME_RECIPE_ROUTE_ANY_MIXER,1,0.0,0.0,0.0,0.0,0.0,0.0,0.0,0.0,0.0,0.0,0.0,0.0,0.0,0.0,0.0
M1-T11347W4-- 01 004,Silica,NoOilDry,ALL,SAME_RECIPE_ROUTE_ANY_MIXER,180,95.0,158.0,119.0,0.0,0.0,0.0,21.0,50.0,37.0,94.0,119.0,110.0,165.0,165.0,165.0
M1-T11347W4-- 02 002,Silica,NoOilDry,ALL,SAME_RECIPE_ROUTE_ANY_MIXER,42,91.0,105.9,95.0,0.0,0.0,0.0,21.05,44.85,34.0,117.0,120.0,118.0,165.0,165.0,165.0
M1-T11923---- 12 001,Silica,NoOilDry,ALL,SAME_RECIPE_ROUTE_ANY_MIXER,2,0.0,0.0,0.0,0.0,0.0,0.0,0.0,0.0,0.0,0.0,0.0,0.0,0.0,0.0,0.0
M1-T13127---- 09 004,Silica,NoOilDry,ALL,SAME_RECIPE_ROUTE_ANY_MIXER,662,94.0,153.8,104.5,0.0,0.0,0.0,33.0,52.0,41.0,89.0,94.0,92.0,165.0,165.0,165.0
M1-T13127---- 09 005,Silica,NoOilDry,ALL,SAME_RECIPE_ROUTE_ANY_MIXER,31,117.5,200.5,132.0,0.0,0.0,0.0,39.5,50.0,45.0,80.0,82.0,81.0,165.0,165.0,165.0
M1-T13127---- 09 007,Silica,NoOilDry,ALL,SAME_RECIPE_ROUTE_ANY_MIXER,8,112.0,117.65,114.0,0.0,0.0,0.0,31.0,33.0,32.0,89.0,128.7,91.0,165.0,165.0,165.0
M1-T13127---- 16 004,Silica,NoOilDry,ALL,SAME_RECIPE_ROUTE_ANY_MIXER,5,150.6,163.2,154.0,0.0,0.0,0.0,52.4,61.0,58.0,68.0,99.2,93.0,165.0,165.0,165.0
M1-T14150---- 17 002,Silica,OilWet,ALL,SAME_RECIPE_ROUTE_ANY_MIXER,6,54.0,54.0,54.0,36.5,66.25,44.0,64.25,69.0,68.0,59.25,76.75,60.0,165.0,165.0,165.0
M1-T14150---- 17 004,Silica,OilWet,ALL,SAME_RECIPE_ROUTE_ANY_MIXER,2,0.0,0.0,0.0,0.0,0.0,0.0,0.0,0.0,0.0,0.0,0.0,0.0,0.0,0.0,0.0
M1-T14150---- 17 005,Silica,OilWet,ALL,SAME_RECIPE_ROUTE_ANY_MIXER,1,0.0,0.0,0.0,0.0,0.0,0.0,0.0,0.0,0.0,0.0,0.0,0.0,0.0,0.0,0.0
M1-T14885---- 17 001,Silica,NoOilDry,ALL,SAME_RECIPE_ROUTE_ANY_MIXER,81,112.0,142.0,122.0,0.0,0.0,0.0,70.0,102.0,82.0,132.0,157.0,136.0,155.0,155.0,155.0
M1-T14885B3-- 01 002,Silica,NoOilDry,ALL,SAME_RECIPE_ROUTE_ANY_MIXER,12,116.55,132.0,120.0,0.0,0.0,0.0,94.55,104.15,98.0,118.0,121.0,119.5,155.0,155.0,155.0
M1-T14885B3-- 04 002,Silica,NoOilDry,ALL,SAME_RECIPE_ROUTE_ANY_MIXER,161,113.0,134.0,120.0,0.0,0.0,0.0,84.0,130.0,100.0,75.0,122.0,86.0,155.0,155.0,155.0
M1-T14885B3-- 04 003,Silica,NoOilDry,ALL,SAME_RECIPE_ROUTE_ANY_MIXER,9,114.8,152.8,129.0,0.0,0.0,0.0,76.4,96.2,84.0,131.4,148.8,133.0,155.0,155.0,155.0
M1-T15192-M-- 01 001,Silica,OilWet,ALL,SAME_RECIPE_ROUTE_ANY_MIXER,4,0.0,0.0,0.0,0.0,0.0,0.0,0.0,0.0,0.0,0.0,0.0,0.0,0.0,0.0,0.0
M1-T15192R--- 01 002,Silica,OilWet,ALL,SAME_RECIPE_ROUTE_ANY_MIXER,65,25.2,39.0,33.0,36.2,54.4,45.0,39.4,54.0,48.0,87.2,134.0,94.0,165.0,165.0,165.0
M1-T15192R--- 01 003,Silica,OilWet,ALL,SAME_RECIPE_ROUTE_ANY_MIXER,8,18.7,23.65,22.0,39.4,51.65,46.0,31.7,36.65,35.0,92.35,190.25,93.0,165.0,165.0,165.0
M1-T15192R--- 03 001,Silica,OilWet,ALL,SAME_RECIPE_ROUTE_ANY_MIXER,13,28.2,41.4,29.0,33.2,51.0,43.0,31.6,50.4,35.0,88.4,104.0,95.0,165.0,165.0,165.0
M1-T15192W6-- 03 003,Silica,OilWet,ALL,SAME_RECIPE_ROUTE_ANY_MIXER,1,0.0,0.0,0.0,0.0,0.0,0.0,0.0,0.0,0.0,0.0,0.0,0.0,0.0,0.0,0.0
M1-T15215---- 08 007,Silica,NoOilDry,ALL,SAME_RECIPE_ROUTE_ANY_MIXER,4,0.0,0.0,0.0,0.0,0.0,0.0,0.0,0.0,0.0,0.0,0.0,0.0,0.0,0.0,0.0
M1-T15554---- 01 003,Silica,OilWet,ALL,SAME_RECIPE_ROUTE_ANY_MIXER,1,0.0,0.0,0.0,0.0,0.0,0.0,0.0,0.0,0.0,0.0,0.0,0.0,0.0,0.0,0.0
M1-T15554---- 01 005,Silica,OilWet,ALL,SAME_RECIPE_ROUTE_ANY_MIXER,2,0.0,0.0,0.0,0.0,0.0,0.0,0.0,0.0,0.0,0.0,0.0,0.0,0.0,0.0,0.0
M1-T15554---- 01 006,Silica,OilWet,ALL,SAME_RECIPE_ROUTE_ANY_MIXER,4,0.0,0.0,0.0,0.0,0.0,0.0,0.0,0.0,0.0,0.0,0.0,0.0,0.0,0.0,0.0
M1-T15611W2-- 01 001,Silica,OilWet,ALL,SAME_RECIPE_ROUTE_ANY_MIXER,2,0.0,0.0,0.0,0.0,0.0,0.0,0.0,0.0,0.0,0.0,0.0,0.0,0.0,0.0,0.0
M1-T15760---- 06 001,Silica,OilWet,ALL,SAME_RECIPE_ROUTE_ANY_MIXER,51,38.5,46.0,45.0,41.0,53.0,50.0,32.0,42.5,37.0,115.0,175.5,124.0,165.0,165.0,165.0
M1-T15760---- 06 002,Silica,OilWet,ALL,SAME_RECIPE_ROUTE_ANY_MIXER,942,39.05,46.0,45.0,45.0,55.0,49.0,29.0,46.0,35.0,116.0,214.0,194.0,165.0,165.0,165.0
M1-T15760---- 08 001,Silica,OilWet,ALL,SAME_RECIPE_ROUTE_ANY_MIXER,3,0.0,0.0,0.0,0.0,0.0,0.0,0.0,0.0,0.0,0.0,0.0,0.0,0.0,0.0,0.0
M1-T15760---- 09 001,Silica,OilWet,ALL,SAME_RECIPE_ROUTE_ANY_MIXER,11,45.0,46.0,46.0,39.0,54.0,44.0,36.5,139.0,43.0,107.5,161.5,130.0,165.0,165.0,165.0
M1-T15760B--- 01 001,Silica,OilWet,ALL,SAME_RECIPE_ROUTE_ANY_MIXER,47,42.0,43.0,43.0,55.3,76.1,61.0,52.0,59.7,54.0,183.2,256.6,218.0,165.0,165.0,165.0
M1-T15760B--- 01 003,Silica,OilWet,ALL,SAME_RECIPE_ROUTE_ANY_MIXER,16,43.5,45.25,45.0,44.75,57.25,48.5,52.25,81.5,59.0,94.5,122.75,97.0,165.0,165.0,165.0
M1-T15760B--- 01 004,Silica,OilWet,ALL,SAME_RECIPE_ROUTE_ANY_MIXER,22,42.05,46.0,45.0,44.0,52.95,48.5,31.05,48.8,36.0,110.05,149.85,122.0,165.0,165.0,165.0
M1-T15760W--- 03 004,Silica,OilWet,ALL,SAME_RECIPE_ROUTE_ANY_MIXER,11,52.0,53.0,52.0,42.5,105.0,98.0,59.5,159.5,66.0,85.0,147.5,121.0,165.0,165.0,165.0
M1-T15760W--- 03 005,Silica,OilWet,ALL,SAME_RECIPE_ROUTE_ANY_MIXER,181,42.0,53.0,43.0,45.0,85.0,57.0,64.0,91.0,73.0,77.0,138.0,84.0,165.0,165.0,165.0
M1-T15760W--- 05 002,Silica,OilWet,ALL,SAME_RECIPE_ROUTE_ANY_MIXER,2,0.0,0.0,0.0,0.0,0.0,0.0,0.0,0.0,0.0,0.0,0.0,0.0,0.0,0.0,0.0
M1-T15760XC-- 01 001,Silica,OilWet,ALL,SAME_RECIPE_ROUTE_ANY_MIXER,11,42.0,43.0,43.0,51.5,60.5,57.0,53.0,147.0,55.0,172.0,228.5,217.0,165.0,165.0,165.0
M1-T15760XP-- 01 003,Silica,OilWet,ALL,SAME_RECIPE_ROUTE_ANY_MIXER,1,0.0,0.0,0.0,0.0,0.0,0.0,0.0,0.0,0.0,0.0,0.0,0.0,0.0,0.0,0.0
M1-T15899---- 08 008,Silica,OilWet,ALL,SAME_RECIPE_ROUTE_ANY_MIXER,4,0.0,0.0,0.0,0.0,0.0,0.0,0.0,0.0,0.0,0.0,0.0,0.0,0.0,0.0,0.0
M1-T15899---- 08 011,Silica,OilWet,ALL,SAME_RECIPE_ROUTE_ANY_MIXER,102,45.0,46.0,46.0,35.0,63.95,43.0,21.0,43.9,23.0,84.05,116.95,108.0,165.0,165.0,165.0
M1-T15899---- 12 003,Silica,OilWet,ALL,SAME_RECIPE_ROUTE_ANY_MIXER,13,45.0,45.4,45.0,53.0,68.2,64.0,34.0,52.2,40.0,89.0,159.8,94.0,165.0,165.0,165.0
M1-T15899---- 12 004,Silica,OilWet,ALL,SAME_RECIPE_ROUTE_ANY_MIXER,29,45.0,45.0,45.0,42.4,75.6,65.0,33.0,58.0,38.0,84.0,95.6,94.0,165.0,165.0,165.0
M1-T16455---- 06 001,Silica,OilWet,ALL,SAME_RECIPE_ROUTE_ANY_MIXER,8,46.1,74.0,74.0,64.05,90.0,80.5,58.7,67.95,63.5,35.35,108.6,77.0,165.0,165.0,165.0
M1-T16734---- 06 001,Silica,NoOilDry,ALL,SAME_RECIPE_ROUTE_ANY_MIXER,83,133.0,274.0,143.0,0.0,0.0,0.0,56.0,68.9,61.0,75.0,98.9,85.0,165.0,165.0,165.0
M1-T16734---- 06 003,Silica,NoOilDry,ALL,SAME_RECIPE_ROUTE_ANY_MIXER,18,62.55,135.3,131.5,0.0,0.0,0.0,38.25,120.85,41.0,80.0,106.55,81.0,165.0,165.0,165.0
M1-T16734---- 07 001,Silica,NoOilDry,ALL,SAME_RECIPE_ROUTE_ANY_MIXER,3,0.0,0.0,0.0,0.0,0.0,0.0,0.0,0.0,0.0,0.0,0.0,0.0,0.0,0.0,0.0
M1-T17054---- 02 006,Silica,OilWet,ALL,SAME_RECIPE_ROUTE_ANY_MIXER,4,0.0,0.0,0.0,0.0,0.0,0.0,0.0,0.0,0.0,0.0,0.0,0.0,0.0,0.0,0.0
M1-T17054---- 02 007,Silica,OilWet,ALL,SAME_RECIPE_ROUTE_ANY_MIXER,1,0.0,0.0,0.0,0.0,0.0,0.0,0.0,0.0,0.0,0.0,0.0,0.0,0.0,0.0,0.0
M1-T17054B--- 01 001,Silica,OilWet,ALL,SAME_RECIPE_ROUTE_ANY_MIXER,1,0.0,0.0,0.0,0.0,0.0,0.0,0.0,0.0,0.0,0.0,0.0,0.0,0.0,0.0,0.0
M1-T17224---- 07 001,Silica,OilWet,ALL,SAME_RECIPE_ROUTE_ANY_MIXER,1,0.0,0.0,0.0,0.0,0.0,0.0,0.0,0.0,0.0,0.0,0.0,0.0,0.0,0.0,0.0
M1-T17732---- 06 002,Silica,OilWet,ALL,SAME_RECIPE_ROUTE_ANY_MIXER,46,26.25,36.5,29.5,50.25,81.5,69.0,50.25,86.0,70.0,76.0,93.0,90.5,165.0,165.0,165.0
M1-T17771---- 04 004,Silica,OilWet,ALL,SAME_RECIPE_ROUTE_ANY_MIXER,2,0.0,0.0,0.0,0.0,0.0,0.0,0.0,0.0,0.0,0.0,0.0,0.0,0.0,0.0,0.0
M1-T17771---- 05 001,Silica,OilWet,ALL,SAME_RECIPE_ROUTE_ANY_MIXER,75,26.0,41.0,31.0,22.0,48.9,27.0,37.0,53.1,44.0,132.0,147.0,136.0,165.0,165.0,165.0
M1-T17771---- 05 003,Silica,OilWet,ALL,SAME_RECIPE_ROUTE_ANY_MIXER,80,26.95,38.05,33.0,26.0,43.0,32.0,24.95,74.8,47.0,117.0,191.0,119.0,165.0,165.0,165.0
M1-T17771B1-- 01 002,Silica,OilWet,ALL,SAME_RECIPE_ROUTE_ANY_MIXER,7,26.5,37.8,33.0,26.0,44.6,29.0,57.0,66.0,61.0,93.3,115.1,112.0,165.0,165.0,165.0
M1-T17771X6-- 01 005,Silica,OilWet,ALL,SAME_RECIPE_ROUTE_ANY_MIXER,3,0.0,0.0,0.0,0.0,0.0,0.0,0.0,0.0,0.0,0.0,0.0,0.0,0.0,0.0,0.0
M1-T18035---- 03 012,Silica,OilWet,ALL,SAME_RECIPE_ROUTE_ANY_MIXER,3,0.0,0.0,0.0,0.0,0.0,0.0,0.0,0.0,0.0,0.0,0.0,0.0,0.0,0.0,0.0
M1-T18035---- 03 013,Silica,OilWet,ALL,SAME_RECIPE_ROUTE_ANY_MIXER,2,0.0,0.0,0.0,0.0,0.0,0.0,0.0,0.0,0.0,0.0,0.0,0.0,0.0,0.0,0.0
M1-T18035---- 05 002,Silica,OilWet,ALL,SAME_RECIPE_ROUTE_ANY_MIXER,10,23.9,26.0,26.0,45.35,57.1,49.0,68.0,116.65,72.5,129.45,142.0,136.5,155.0,155.0,155.0
M1-T19012---- 01 004,Silica,OilWet,ALL,SAME_RECIPE_ROUTE_ANY_MIXER,1,0.0,0.0,0.0,0.0,0.0,0.0,0.0,0.0,0.0,0.0,0.0,0.0,0.0,0.0,0.0
M1-T19012---- 01 006,Silica,OilWet,ALL,SAME_RECIPE_ROUTE_ANY_MIXER,2,0.0,0.0,0.0,0.0,0.0,0.0,0.0,0.0,0.0,0.0,0.0,0.0,0.0,0.0,0.0
M1-T19012X1-- 01 004,Silica,OilWet,ALL,SAME_RECIPE_ROUTE_ANY_MIXER,3,0.0,0.0,0.0,0.0,0.0,0.0,0.0,0.0,0.0,0.0,0.0,0.0,0.0,0.0,0.0
M1-T19012X1-- 01 007,Silica,OilWet,ALL,SAME_RECIPE_ROUTE_ANY_MIXER,3,0.0,0.0,0.0,0.0,0.0,0.0,0.0,0.0,0.0,0.0,0.0,0.0,0.0,0.0,0.0
M1-T19065---- 01 005,Silica,OilWet,ALL,SAME_RECIPE_ROUTE_ANY_MIXER,98,53.0,57.0,56.0,43.85,81.3,63.0,47.0,64.0,51.5,75.0,84.35,78.0,165.0,165.0,165.0
M1-T19065---- 01 006,Silica,OilWet,ALL,SAME_RECIPE_ROUTE_ANY_MIXER,42,56.0,57.0,56.0,43.1,58.0,53.0,39.0,64.9,44.0,79.0,99.5,88.0,165.0,165.0,165.0
M1-T19327---- 01 003,Silica,OilWet,ALL,SAME_RECIPE_ROUTE_ANY_MIXER,1,0.0,0.0,0.0,0.0,0.0,0.0,0.0,0.0,0.0,0.0,0.0,0.0,0.0,0.0,0.0
M1-T19327---- 01 004,Silica,OilWet,ALL,SAME_RECIPE_ROUTE_ANY_MIXER,4,0.0,0.0,0.0,0.0,0.0,0.0,0.0,0.0,0.0,0.0,0.0,0.0,0.0,0.0,0.0
M1-T19327---- 01 005,Silica,OilWet,ALL,SAME_RECIPE_ROUTE_ANY_MIXER,3,0.0,0.0,0.0,0.0,0.0,0.0,0.0,0.0,0.0,0.0,0.0,0.0,0.0,0.0,0.0
M1-T19808---- 01 001,Silica,NoOilDry,ALL,SAME_RECIPE_ROUTE_ANY_MIXER,5,156.4,165.0,161.0,0.0,0.0,0.0,73.0,88.0,75.0,63.2,137.4,76.0,165.0,165.0,165.0
M1-T20153---- 01 001,Silica,OilWet,ALL,SAME_RECIPE_ROUTE_ANY_MIXER,17,70.4,124.8,89.0,69.4,100.0,77.0,77.6,91.2,84.0,36.0,40.2,39.0,165.0,165.0,165.0
M1-T20153---- 01 003,Silica,OilWet,ALL,SAME_RECIPE_ROUTE_ANY_MIXER,43,97.1,143.8,109.0,51.4,104.9,86.0,85.3,116.4,97.0,38.0,78.8,39.0,165.0,165.0,165.0
M1-T20153W--- 01 001,Silica,OilWet,ALL,SAME_RECIPE_ROUTE_ANY_MIXER,104,87.15,124.0,104.0,73.0,112.1,84.0,95.0,121.85,107.0,39.0,89.85,42.0,165.0,165.0,165.0
M1-T25045---- 08 005,Silica,NoOilDry,ALL,SAME_RECIPE_ROUTE_ANY_MIXER,5,120.2,122.0,121.0,0.0,0.0,0.0,46.6,61.8,50.0,87.0,87.0,87.0,165.0,165.0,165.0
M1-T25045-V-- 02 002,Silica,NoOilDry,ALL,SAME_RECIPE_ROUTE_ANY_MIXER,5,122.0,128.2,124.0,0.0,0.0,0.0,45.2,48.0,46.0,82.6,90.8,89.0,165.0,165.0,165.0
M1-T25045-V-- 02 003,Silica,NoOilDry,ALL,SAME_RECIPE_ROUTE_ANY_MIXER,4,0.0,0.0,0.0,0.0,0.0,0.0,0.0,0.0,0.0,0.0,0.0,0.0,0.0,0.0,0.0
M1-T25045-V-- 02 004,Silica,NoOilDry,ALL,SAME_RECIPE_ROUTE_ANY_MIXER,24,119.45,150.85,136.0,0.0,0.0,0.0,31.3,42.0,35.0,70.85,105.85,105.0,165.0,165.0,165.0
M1-T25088---- 06 001,Silica,NoOilDry,ALL,SAME_RECIPE_ROUTE_ANY_MIXER,1,0.0,0.0,0.0,0.0,0.0,0.0,0.0,0.0,0.0,0.0,0.0,0.0,0.0,0.0,0.0
M1-T25088---- 06 002,Silica,NoOilDry,ALL,SAME_RECIPE_ROUTE_ANY_MIXER,1,0.0,0.0,0.0,0.0,0.0,0.0,0.0,0.0,0.0,0.0,0.0,0.0,0.0,0.0,0.0
M1-T25088---- 06 003,Silica,NoOilDry,ALL,SAME_RECIPE_ROUTE_ANY_MIXER,36,111.75,141.25,133.5,0.0,0.0,0.0,52.75,69.25,56.5,74.0,135.75,75.0,165.0,165.0,165.0
M1-T26104---- 01 003,Silica,NoOilDry,ALL,SAME_RECIPE_ROUTE_ANY_MIXER,10,107.45,136.55,112.0,0.0,0.0,0.0,43.35,61.1,56.0,60.45,88.95,70.5,165.0,165.0,165.0
M1-T26104---- 01 004,Silica,NoOilDry,ALL,SAME_RECIPE_ROUTE_ANY_MIXER,25,115.6,147.0,123.0,0.0,0.0,0.0,29.4,64.0,48.0,70.2,84.0,81.0,165.0,165.0,165.0
M1-T26104---- 06 001,Silica,NoOilDry,ALL,SAME_RECIPE_ROUTE_ANY_MIXER,2,0.0,0.0,0.0,0.0,0.0,0.0,0.0,0.0,0.0,0.0,0.0,0.0,0.0,0.0,0.0
M1-T26104---- 06 002,Silica,NoOilDry,ALL,SAME_RECIPE_ROUTE_ANY_MIXER,96,105.0,125.0,115.0,0.0,0.0,0.0,28.0,66.25,56.0,62.0,77.25,73.0,165.0,165.0,165.0
M1-T26104---- 06 003,Silica,NoOilDry,ALL,SAME_RECIPE_ROUTE_ANY_MIXER,4,0.0,0.0,0.0,0.0,0.0,0.0,0.0,0.0,0.0,0.0,0.0,0.0,0.0,0.0,0.0
M1-T33025W3-- 03 004,Silica,OilWet,ALL,SAME_RECIPE_ROUTE_ANY_MIXER,9,59.0,59.0,59.0,42.4,60.6,49.0,55.4,65.2,59.0,91.4,101.0,100.0,165.0,165.0,165.0
M1-T33025W3-- 03 005,Silica,OilWet,ALL,SAME_RECIPE_ROUTE_ANY_MIXER,2,0.0,0.0,0.0,0.0,0.0,0.0,0.0,0.0,0.0,0.0,0.0,0.0,0.0,0.0,0.0
M1-T33025W3-- 04 003,Silica,OilWet,ALL,SAME_RECIPE_ROUTE_ANY_MIXER,1256,54.0,64.0,63.0,42.0,62.0,53.0,40.0,73.0,49.0,98.0,124.0,109.0,165.0,165.0,165.0
M1-T33025W3-- 04 004,Silica,OilWet,ALL,SAME_RECIPE_ROUTE_ANY_MIXER,18,56.55,64.0,64.0,40.0,51.15,46.0,39.7,45.15,42.5,97.0,100.15,98.0,165.0,165.0,165.0
M1-T33025W3-- 04 005,Silica,OilWet,ALL,SAME_RECIPE_ROUTE_ANY_MIXER,1107,53.0,64.0,54.0,47.0,62.7,56.0,25.0,45.0,30.0,89.0,112.0,99.0,165.0,165.0,165.0
M1-T33025W3-- 07 001,Silica,OilWet,ALL,SAME_RECIPE_ROUTE_ANY_MIXER,7,54.0,77.3,64.0,35.0,44.0,38.0,65.3,72.7,69.0,93.3,113.5,95.0,165.0,165.0,165.0
M1-T33025W3-- 07 003,Silica,OilWet,ALL,SAME_RECIPE_ROUTE_ANY_MIXER,13,53.6,54.4,54.0,45.6,58.0,51.0,26.6,30.8,30.0,102.0,105.0,103.0,165.0,165.0,165.0
M1-T33025XA-- 01 002,Silica,OilWet,ALL,SAME_RECIPE_ROUTE_ANY_MIXER,5,53.0,53.0,53.0,59.2,62.6,60.0,27.2,30.8,28.0,110.2,112.0,111.0,165.0,165.0,165.0
ALL,Silica,NoOilDry,ALL,SILICA_ROUTE_GLOBAL_FALLBACK,1560,95.0,158.0,115.0,0.0,0.0,0.0,29.0,105.0,45.0,70.0,134.0,92.0,155.0,165.0,165.0
ALL,Silica,OilWet,ALL,SILICA_ROUTE_GLOBAL_FALLBACK,9497,23.0,64.0,41.0,32.0,76.0,53.0,24.0,71.0,36.0,60.0,195.0,106.0,155.0,165.0,165.0
