OrderID,BatchNumber,CompoundName,MixerLine,material_system,phase_route,actual_mny,spec_lower,spec_upper,actual_kwh_per_batch,recommended_kwh_per_batch,actual_kwh_per_ton,recommended_kwh_per_ton,estimated_saving_kwh,estimated_saving_pct,mooney_pred,confidence_label,status
2024~1301112,1,M1-A00205W3-- 03 002,MB02,CarbonBlack,OilWet,39.66,36.16,43.16,28.810416666666665,22.14,122.74675390545748,94.33,0.0,0.0,37.25,MEDIUM,NO_VALID_CANDIDATE_FALLBACK_NOMINAL
2024~1301112,2,M1-A00205W3-- 03 002,MB02,CarbonBlack,OilWet,39.66,36.16,43.16,27.361666666666668,22.14,116.57435585311421,94.33,0.0,0.0,36.59,MEDIUM,NO_VALID_CANDIDATE_FALLBACK_NOMINAL
2024~1301112,3,M1-A00205W3-- 03 002,MB02,CarbonBlack,OilWet,39.66,36.16,43.16,27.047361111111112,22.14,115.23525732061945,94.33,0.0,0.0,36.66,MEDIUM,NO_VALID_CANDIDATE_FALLBACK_NOMINAL
1890960,19,M1-A00205W3-- 03 003,MB02,CarbonBlack,OilWet,39.05,35.55,42.55,28.847916666666666,27.18,122.90652262122133,115.82,0.0,0.0,42.37,LOW,NO_VALID_CANDIDATE_FALLBACK_NOMINAL
1893903,29,M1-A00205W3-- 03 003,MB02,CarbonBlack,OilWet,43.29,39.79,46.79,29.06,27.04,123.83,115.22,2.02,6.95,41.9,HIGH,SUCCESS_OPTIMIZED
2025~1771771,25,M1-A00205W3-- 03 003,MB02,CarbonBlack,OilWet,42.25,38.75,45.75,27.41,26.52,116.77,112.99,0.89,3.24,41.11,HIGH,SUCCESS_OPTIMIZED
2024~1330226,8,M1-A00205W4-- 01 001,MB02,CarbonBlack,OilWet,41.58,38.08,45.08,29.424188034188035,28.36,125.41897776788933,120.88,0.0,0.0,43.79,MEDIUM,NO_VALID_CANDIDATE_FALLBACK_NOMINAL
2024~1323971,5,M1-A00205W4-- 01 001,MB02,CarbonBlack,OilWet,38.08,34.58,41.58,27.683055555555555,28.36,117.99749665939345,120.88,0.0,0.0,42.68,LOW,NO_VALID_CANDIDATE_FALLBACK_NOMINAL
2024~1323971,8,M1-A00205W4-- 01 001,MB02,CarbonBlack,OilWet,38.08,34.58,41.58,27.81361111111111,28.36,118.55398251044468,120.88,0.0,0.0,42.79,LOW,NO_VALID_CANDIDATE_FALLBACK_NOMINAL
1931896,14,M1-A00268R2-- 05 003,MB02,CarbonBlack,OilWet,44.86,41.36,48.36,24.23226325757576,21.24,104.4815785666956,91.6,0.0,0.0,42.48,MEDIUM,NO_VALID_CANDIDATE_FALLBACK_NOMINAL
1931896,16,M1-A00268R2-- 05 003,MB02,CarbonBlack,OilWet,44.86,41.36,48.36,26.24,21.24,113.15,91.6,5.0,19.05,43.28,HIGH,SUCCESS_OPTIMIZED
1931896,17,M1-A00268R2-- 05 003,MB02,CarbonBlack,OilWet,44.86,41.36,48.36,24.60635416666667,21.24,106.09453598193205,91.6,0.0,0.0,42.9,HIGH,NO_VALID_CANDIDATE_FALLBACK_NOMINAL
1786357,1,M1-A00268XM-- 02 004,MB02,CarbonBlack,OilWet,47.29,43.79,50.79,26.795972222222222,25.1,116.03575970031275,108.7,0.0,0.0,45.17,MEDIUM,NO_VALID_CANDIDATE_FALLBACK_NOMINAL
1786357,2,M1-A00268XM-- 02 004,MB02,CarbonBlack,OilWet,47.29,43.79,50.79,24.39888888888889,24.32,105.65556586589683,105.32,0.0,0.0,45.16,MEDIUM,NO_VALID_CANDIDATE_FALLBACK_NOMINAL
1786357,3,M1-A00268XM-- 02 004,MB02,CarbonBlack,OilWet,47.29,43.79,50.79,24.31625,26.67,105.29771110423755,115.51,0.0,0.0,45.49,HIGH,NO_VALID_CANDIDATE_FALLBACK_NOMINAL
2024~1393736,1,M1-A03391---- 09 001,MB03,CarbonBlack,OilWet,47.71,44.21,51.21,33.4345811287478,32.31,222.89720752498536,215.37,0.0,0.0,45.3,MEDIUM,NO_VALID_CANDIDATE_FALLBACK_NOMINAL
2024~1393736,2,M1-A03391---- 09 001,MB03,CarbonBlack,OilWet,47.71,44.21,51.21,31.312420634920635,32.28,208.7494708994709,215.21,0.0,0.0,45.78,HIGH,NO_VALID_CANDIDATE_FALLBACK_NOMINAL
2024~1393736,3,M1-A03391---- 09 001,MB03,CarbonBlack,OilWet,47.71,44.21,51.21,30.714198412698416,32.26,204.76132275132278,215.1,0.0,0.0,45.67,HIGH,NO_VALID_CANDIDATE_FALLBACK_NOMINAL
2411294,20,M1-A06441R1-- 04 001,MB02,CarbonBlack,OilWet,54.05,50.55,57.55,30.15127777777778,24.69,119.10775645849009,97.54,0.0,0.0,57.11,MEDIUM,NO_VALID_CANDIDATE_FALLBACK_NOMINAL
1860389,1,M1-A06441XZ-- 01 002,MB02,CarbonBlack,OilWet,57.76,54.26,61.26,27.480416666666663,31.41,108.55695071482315,124.07,0.0,0.0,53.46,LOW,NO_VALID_CANDIDATE_FALLBACK_NOMINAL
1860389,2,M1-A06441XZ-- 01 002,MB02,CarbonBlack,OilWet,57.76,54.26,61.26,26.60527777777778,31.22,105.09985578128918,123.33,0.0,0.0,53.65,LOW,NO_VALID_CANDIDATE_FALLBACK_NOMINAL
1860389,3,M1-A06441XZ-- 01 002,MB02,CarbonBlack,OilWet,57.76,54.26,61.26,26.361944444444443,31.38,104.13860672184599,123.98,0.0,0.0,53.59,LOW,NO_VALID_CANDIDATE_FALLBACK_NOMINAL
7727355,6,M1-B00163---- 08 008,MB02,CarbonBlack,OilWet,31.58,28.08,35.08,31.816388888888888,21.79,115.18734017182425,78.9,0.0,0.0,28.9,MEDIUM,NO_VALID_CANDIDATE_FALLBACK_NOMINAL
2024~1364335,1,M1-B00163R4-- 01 003,MB02,CarbonBlack,OilWet,34.45,30.95,37.95,36.59,26.73,139.05,101.55,9.87,26.97,33.19,HIGH,SUCCESS_OPTIMIZED
2024~1364335,2,M1-B00163R4-- 01 003,MB02,CarbonBlack,OilWet,34.45,30.95,37.95,34.63,27.13,131.6,103.08,7.51,21.67,33.0,HIGH,SUCCESS_OPTIMIZED
2024~1364335,3,M1-B00163R4-- 01 003,MB02,CarbonBlack,OilWet,34.45,30.95,37.95,32.676944444444445,29.95,124.16263325341897,113.81,0.0,0.0,32.49,HIGH,NO_VALID_CANDIDATE_FALLBACK_NOMINAL
2244676,4,M1-B00163R4-- 01 004,MB02,CarbonBlack,OilWet,29.11,25.61,32.61,30.28736111111111,32.09,115.08292999200856,121.94,0.0,0.0,32.3,LOW,NO_VALID_CANDIDATE_FALLBACK_NOMINAL
2244676,5,M1-B00163R4-- 01 004,MB02,CarbonBlack,OilWet,29.11,25.61,32.61,30.209305555555556,32.09,114.7863421842252,121.94,0.0,0.0,32.53,LOW,NO_VALID_CANDIDATE_FALLBACK_NOMINAL
2244676,6,M1-B00163R4-- 01 004,MB02,CarbonBlack,OilWet,29.11,25.61,32.61,31.045,32.09,117.96173157823314,121.94,0.0,0.0,32.18,MEDIUM,NO_VALID_CANDIDATE_FALLBACK_NOMINAL
2024~1627908,8,M1-B00163RT-- 01 002,MB02,CarbonBlack,OilWet,57.15,53.65,60.65,30.3,29.03,124.21,118.99,1.27,4.2,57.07,HIGH,SUCCESS_OPTIMIZED
2064013,1,M1-B00163XM-- 02 003,MB02,CarbonBlack,OilWet,31.19,27.69,34.69,26.01,20.8,98.84,79.03,5.21,20.04,30.93,HIGH,SUCCESS_OPTIMIZED
2064013,2,M1-B00163XM-- 02 003,MB02,CarbonBlack,OilWet,31.19,27.69,34.69,25.63,20.8,97.4,79.03,4.83,18.86,30.45,HIGH,SUCCESS_OPTIMIZED
2024~1384350,3,M1-B00458---- 12 003,MB02,CarbonBlack,OilWet,41.8,38.3,45.3,35.45,25.86,138.6,101.08,9.6,27.07,41.45,HIGH,SUCCESS_OPTIMIZED
2024~1362727,1,M1-B00458B1-- 02 002,MB02,CarbonBlack,OilWet,42.55,39.05,46.05,30.37,25.15,118.72,98.34,5.21,17.16,41.52,HIGH,SUCCESS_OPTIMIZED
2024~1362727,2,M1-B00458B1-- 02 002,MB02,CarbonBlack,OilWet,42.55,39.05,46.05,28.91,24.47,113.02,95.67,4.44,15.35,41.49,HIGH,SUCCESS_OPTIMIZED
2024~1362727,3,M1-B00458B1-- 02 002,MB02,CarbonBlack,OilWet,42.55,39.05,46.05,29.18,24.09,114.07,94.17,5.09,17.44,41.0,HIGH,SUCCESS_OPTIMIZED
2024~1357627,1,M1-B00460B--- 02 001,MB02,CarbonBlack,OilWet,54.55,51.05,58.05,29.91166666666667,28.48,199.41111111111113,189.87,0.0,0.0,52.1,MEDIUM,NO_VALID_CANDIDATE_FALLBACK_NOMINAL
7521257,49,M1-B00460B--- 04 009,ML10,CarbonBlack,OilWet,58.64,55.14,62.14,45.75277777777778,23.09,201.30071932397516,101.59,0.0,0.0,50.21,LOW,NO_VALID_CANDIDATE_FALLBACK_NOMINAL
7521257,50,M1-B00460B--- 04 009,ML10,CarbonBlack,OilWet,58.64,55.14,62.14,45.52736111111111,23.09,200.30894266359383,101.59,0.0,0.0,49.55,LOW,NO_VALID_CANDIDATE_FALLBACK_NOMINAL
7555805,61,M1-B00460B--- 04 009,ML10,CarbonBlack,OilWet,56.95,53.45,60.45,46.501666666666665,23.56,204.59564215378168,103.67,0.0,0.0,48.18,LOW,NO_VALID_CANDIDATE_FALLBACK_NOMINAL
1913944,75,M1-B15563---- 01 005,ML09,CarbonBlack,OilWet,43.49,39.99,46.99,29.554861111111112,29.86,116.55438184663538,117.75,0.0,0.0,47.45,LOW,NO_VALID_CANDIDATE_FALLBACK_NOMINAL
1913944,76,M1-B15563---- 01 005,ML09,CarbonBlack,OilWet,43.49,39.99,46.99,30.134027777777778,31.11,118.83841940532082,122.69,0.0,0.0,47.14,LOW,NO_VALID_CANDIDATE_FALLBACK_NOMINAL
1913944,77,M1-B15563---- 01 005,ML09,CarbonBlack,OilWet,43.49,39.99,46.99,30.213472222222222,31.11,119.15172143974962,122.69,0.0,0.0,47.28,LOW,NO_VALID_CANDIDATE_FALLBACK_NOMINAL
2273329,56,M1-B15563R1-- 03 002,MB02,CarbonBlack,OilWet,38.89,35.39,42.39,28.98,29.04,109.94,110.16,-0.06,-0.19,39.7,HIGH,SUCCESS_OPTIMIZED
2273329,57,M1-B15563R1-- 03 002,MB02,CarbonBlack,OilWet,38.89,35.39,42.39,29.03,29.64,110.12,112.42,-0.61,-2.09,39.62,HIGH,SUCCESS_OPTIMIZED
2273329,58,M1-B15563R1-- 03 002,MB02,CarbonBlack,OilWet,38.89,35.39,42.39,27.66,29.6,104.94,112.29,-1.94,-7.0,39.76,HIGH,SUCCESS_OPTIMIZED
1907568,1,M1-C10430---- 05 005,MB03,CarbonBlack,NoOilDry,25.3,21.8,28.8,34.44,21.96,219.95,140.22,12.48,36.25,26.67,HIGH,SUCCESS_OPTIMIZED
1907568,2,M1-C10430---- 05 005,MB03,CarbonBlack,NoOilDry,25.3,21.8,28.8,33.52,21.96,214.1,140.22,11.57,34.5,26.18,HIGH,SUCCESS_OPTIMIZED
1907568,3,M1-C10430---- 05 005,MB03,CarbonBlack,NoOilDry,25.3,21.8,28.8,32.67,21.96,208.65,140.22,10.71,32.79,26.26,HIGH,SUCCESS_OPTIMIZED
2397476,38,M1-M08161Y--- 02 011,MB02,CarbonBlack,OilWet,35.61,32.11,39.11,21.528666666666666,27.84,143.52444444444444,185.58,0.0,0.0,43.07,LOW,NO_VALID_CANDIDATE_FALLBACK_NOMINAL
2397476,40,M1-M08161Y--- 02 011,MB02,CarbonBlack,OilWet,35.61,32.11,39.11,21.574472222222223,27.31,143.82981481481482,182.08,0.0,0.0,43.15,LOW,NO_VALID_CANDIDATE_FALLBACK_NOMINAL
2397476,41,M1-M08161Y--- 02 011,MB02,CarbonBlack,OilWet,35.61,32.11,39.11,21.377277777777778,27.31,142.5151851851852,182.08,0.0,0.0,42.89,LOW,NO_VALID_CANDIDATE_FALLBACK_NOMINAL
7790765,42,M1-R00037---- 12 001,MB03,CarbonBlack,OilWet,59.83,56.33,63.33,36.66763888888889,21.05,139.09956494904333,79.84,0.0,0.0,53.35,LOW,NO_VALID_CANDIDATE_FALLBACK_NOMINAL
7790765,44,M1-R00037---- 12 001,MB03,CarbonBlack,OilWet,59.83,56.33,63.33,37.32652777777778,21.05,141.59907570488792,79.84,0.0,0.0,53.1,LOW,NO_VALID_CANDIDATE_FALLBACK_NOMINAL
7790765,45,M1-R00037---- 12 001,MB03,CarbonBlack,OilWet,59.83,56.33,63.33,37.37888888888889,21.05,141.79770883198603,79.84,0.0,0.0,53.05,LOW,NO_VALID_CANDIDATE_FALLBACK_NOMINAL
2024~1440863,8,M1-R00218W1-- 01 003,ML05,CarbonBlack,NoOilDry,74.04,70.54,77.54,39.811527777777776,40.21,157.98225308641975,159.56,0.0,0.0,71.41,MEDIUM,NO_VALID_CANDIDATE_FALLBACK_NOMINAL
2024~1440863,9,M1-R00218W1-- 01 003,ML05,CarbonBlack,NoOilDry,74.04,70.54,77.54,38.67,39.59,153.45,157.09,-0.92,-2.37,72.98,HIGH,SUCCESS_OPTIMIZED
2024~1440863,10,M1-R00218W1-- 01 003,ML05,CarbonBlack,NoOilDry,74.04,70.54,77.54,39.001666666666665,40.84,154.7685185185185,162.07,0.0,0.0,71.28,MEDIUM,NO_VALID_CANDIDATE_FALLBACK_NOMINAL
1812722,1,M1-S00211---- 10 001,ML09,Silica,OilWet,29.98,26.48,33.48,40.18486111111111,34.48,137.63622154264354,118.11,0.0,0.0,26.51,LOW,NO_VALID_CANDIDATE_FALLBACK_NOMINAL
2204930,3,M1-S00211---- 10 001,ML09,Silica,OilWet,28.77,25.27,32.27,34.808194444444446,31.5,119.22072714916752,107.89,0.0,0.0,27.14,HIGH,NO_VALID_CANDIDATE_FALLBACK_NOMINAL
2204930,4,M1-S00211---- 10 001,ML09,Silica,OilWet,28.77,25.27,32.27,35.21302083333333,32.62,120.60728848114168,111.74,0.0,0.0,27.35,HIGH,NO_VALID_CANDIDATE_FALLBACK_NOMINAL
2363438,1,M1-S08156---- 20 002,ML07,Silica,OilWet,26.63,23.13,30.13,31.15,28.41,105.86,96.55,2.74,8.8,26.65,HIGH,SUCCESS_OPTIMIZED
2363438,2,M1-S08156---- 20 002,ML07,Silica,OilWet,26.63,23.13,30.13,30.6,28.23,103.99,95.96,2.36,7.73,26.27,HIGH,SUCCESS_OPTIMIZED
2363438,3,M1-S08156---- 20 002,ML07,Silica,OilWet,26.63,23.13,30.13,30.25,28.23,102.8,95.96,2.01,6.66,26.43,HIGH,SUCCESS_OPTIMIZED
2239581,2,M1-S08156B1-- 01 004,ML07,Silica,OilWet,27.35,23.85,30.85,25.12,22.85,92.27,83.94,2.27,9.03,26.41,HIGH,SUCCESS_OPTIMIZED
2287018,1,M1-S08156B1-- 01 004,ML07,Silica,OilWet,26.5,23.0,30.0,27.88,22.79,102.43,83.7,5.1,18.28,26.59,HIGH,SUCCESS_OPTIMIZED
2287018,2,M1-S08156B1-- 01 004,ML07,Silica,OilWet,26.5,23.0,30.0,27.62,22.85,101.48,83.93,4.78,17.3,26.36,HIGH,SUCCESS_OPTIMIZED
2025~1667184,3,M1-T00011-M-- 01 003,ML10,Silica,OilWet,41.15,37.65,44.65,44.33,37.52,192.39,162.86,6.8,15.35,41.35,HIGH,SUCCESS_OPTIMIZED
2025~1667184,4,M1-T00011-M-- 01 003,ML10,Silica,OilWet,41.15,37.65,44.65,44.31,39.89,192.34,173.15,4.42,9.98,41.91,HIGH,SUCCESS_OPTIMIZED
2025~1686795,2,M1-T00011-M-- 01 003,ML10,Silica,OilWet,39.92,36.42,43.42,46.68402777777777,44.12,202.62793020892536,191.49,0.0,0.0,44.08,LOW,NO_VALID_CANDIDATE_FALLBACK_NOMINAL
2025~1753546,16,M1-T00011-M-- 01 004,ML10,Silica,OilWet,34.05,30.55,37.55,42.57763888888889,44.01,184.80450920615237,191.02,0.0,0.0,41.6,LOW,NO_VALID_CANDIDATE_FALLBACK_NOMINAL
2025~1760767,9,M1-T00011-M-- 01 004,ML10,Silica,OilWet,40.83,37.33,44.33,44.551249999999996,45.79,193.3707952255464,198.74,0.0,0.0,39.51,HIGH,NO_VALID_CANDIDATE_FALLBACK_NOMINAL
2025~1735670,45,M1-T00011B2-- 16 002,MB03,Silica,OilWet,42.29,38.79,45.79,24.97,24.46,102.38,100.29,0.51,2.04,42.92,HIGH,SUCCESS_OPTIMIZED
2025~1735670,46,M1-T00011B2-- 16 002,MB03,Silica,OilWet,42.29,38.79,45.79,24.05,26.11,98.63,107.08,-2.06,-8.57,43.02,HIGH,SUCCESS_OPTIMIZED
2025~1735670,47,M1-T00011B2-- 16 002,MB03,Silica,OilWet,42.29,38.79,45.79,26.23,27.38,107.58,112.26,-1.14,-4.35,43.39,HIGH,SUCCESS_OPTIMIZED
7450075,24,M1-T00011B2-- 22 004,MB03,Silica,OilWet,40.62,37.12,44.12,27.34,26.52,104.98,101.84,0.82,2.99,40.04,HIGH,SUCCESS_OPTIMIZED
7450075,98,M1-T00011B2-- 22 004,MB03,Silica,OilWet,43.47,39.97,46.97,29.801944444444445,31.73,114.44993066032704,121.84,0.0,0.0,39.82,LOW,NO_VALID_CANDIDATE_FALLBACK_NOMINAL
7450075,100,M1-T00011B2-- 22 004,MB03,Silica,OilWet,43.47,39.97,46.97,25.755138888888887,31.08,98.90877642146329,119.37,0.0,0.0,39.9,LOW,NO_VALID_CANDIDATE_FALLBACK_NOMINAL
2322099,57,M1-T00011B2-- 23 003,ML10,Silica,OilWet,40.72,37.22,44.22,46.53944444444445,24.24,201.37605384707845,104.91,0.0,0.0,37.96,MEDIUM,NO_VALID_CANDIDATE_FALLBACK_NOMINAL
2024~1503273,1,M1-T00011B8-- 02 001,MB02,Silica,OilWet,44.8,41.3,48.3,25.345555555555556,32.27,103.9360801926707,132.35,0.0,0.0,42.0,MEDIUM,NO_VALID_CANDIDATE_FALLBACK_NOMINAL
2024~1503273,2,M1-T00011B8-- 02 001,MB02,Silica,OilWet,44.8,41.3,48.3,24.933611111111112,31.94,102.24679424591551,131.0,0.0,0.0,41.89,MEDIUM,NO_VALID_CANDIDATE_FALLBACK_NOMINAL
2024~1503273,3,M1-T00011B8-- 02 001,MB02,Silica,OilWet,44.8,41.3,48.3,24.484120370370373,31.94,100.40353989021243,131.0,0.0,0.0,42.2,MEDIUM,NO_VALID_CANDIDATE_FALLBACK_NOMINAL
7794844,2,M1-T00011XV-- 03 004,ML10,Silica,OilWet,39.18,35.68,42.68,58.26277777777777,43.37,251.7527434842249,187.4,0.0,0.0,41.44,MEDIUM,NO_VALID_CANDIDATE_FALLBACK_NOMINAL
2323549,1,M1-T01139-A-- 02 001,MB02,Silica,OilWet,55.73,52.23,59.23,38.66,32.11,155.49,129.12,6.56,16.96,56.42,HIGH,SUCCESS_OPTIMIZED
2323549,2,M1-T01139-A-- 02 001,MB02,Silica,OilWet,55.73,52.23,59.23,36.36,32.79,146.22,131.88,3.57,9.81,56.33,HIGH,SUCCESS_OPTIMIZED
2323549,4,M1-T01139-A-- 02 001,MB02,Silica,OilWet,55.73,52.23,59.23,35.33,32.07,142.11,128.96,3.27,9.25,56.14,HIGH,SUCCESS_OPTIMIZED
2024~1605749,1,M1-T01139B--- 14 003,MB03,Silica,OilWet,61.09,57.59,64.59,31.85,31.99,136.4,137.0,-0.14,-0.44,61.0,HIGH,SUCCESS_OPTIMIZED
2024~1605749,2,M1-T01139B--- 14 003,MB03,Silica,OilWet,61.09,57.59,64.59,30.07,31.58,128.78,135.25,-1.51,-5.02,60.74,HIGH,SUCCESS_OPTIMIZED
2024~1605749,3,M1-T01139B--- 14 003,MB03,Silica,OilWet,61.09,57.59,64.59,29.62,31.6,126.84,135.32,-1.98,-6.69,60.97,HIGH,SUCCESS_OPTIMIZED
2024~1401516,1,M1-T02128W5-- 04 002,ML07,Silica,OilWet,62.72,59.22,66.22,35.85158333333334,35.9,239.01055555555558,239.31,0.0,0.0,61.54,HIGH,NO_VALID_CANDIDATE_FALLBACK_NOMINAL
2024~1401516,2,M1-T02128W5-- 04 002,ML07,Silica,OilWet,62.72,59.22,66.22,35.17147530864197,35.9,234.47650205761317,239.31,0.0,0.0,60.85,HIGH,NO_VALID_CANDIDATE_FALLBACK_NOMINAL
2024~1401516,3,M1-T02128W5-- 04 002,ML07,Silica,OilWet,62.72,59.22,66.22,34.630086419753084,35.9,230.8672427983539,239.31,0.0,0.0,60.84,HIGH,NO_VALID_CANDIDATE_FALLBACK_NOMINAL
1792998,20,M1-T02128W5-- 04 003,ML07,Silica,OilWet,61.14,57.64,64.64,34.89,38.95,232.63,259.67,-4.06,-11.62,62.2,HIGH,SUCCESS_OPTIMIZED
1792998,21,M1-T02128W5-- 04 003,ML07,Silica,OilWet,61.14,57.64,64.64,34.25,36.52,228.31,243.48,-2.28,-6.65,61.83,HIGH,SUCCESS_OPTIMIZED
1792998,22,M1-T02128W5-- 04 003,ML07,Silica,OilWet,61.14,57.64,64.64,32.83,37.15,218.89,247.66,-4.32,-13.14,62.22,HIGH,SUCCESS_OPTIMIZED
2379091,1,M1-T09170---- 23 004,MB03,Silica,OilWet,53.97,50.47,57.47,41.19853603603604,44.42,174.12211456739757,187.74,0.0,0.0,55.23,HIGH,NO_VALID_CANDIDATE_FALLBACK_NOMINAL
2379091,2,M1-T09170---- 23 004,MB03,Silica,OilWet,53.97,50.47,57.47,46.15,43.97,195.05,185.84,2.18,4.72,54.36,HIGH,SUCCESS_OPTIMIZED
2379091,3,M1-T09170---- 23 004,MB03,Silica,OilWet,53.97,50.47,57.47,44.64,44.32,188.66,187.31,0.32,0.72,54.38,HIGH,SUCCESS_OPTIMIZED
2024~1451752,1,M1-T09170---- 24 001,ML09,Silica,OilWet,58.62,55.12,62.12,45.91,43.93,194.14,185.75,1.99,4.32,58.02,HIGH,SUCCESS_OPTIMIZED
2024~1451752,2,M1-T09170---- 24 001,ML09,Silica,OilWet,58.62,55.12,62.12,45.22,44.12,191.21,186.54,1.11,2.44,57.65,HIGH,SUCCESS_OPTIMIZED
2024~1451752,3,M1-T09170---- 24 001,ML09,Silica,OilWet,58.62,55.12,62.12,44.24,44.02,187.07,186.14,0.22,0.5,57.82,HIGH,SUCCESS_OPTIMIZED
2024~1418382,1,M1-T09170WS-- 01 009,ML09,Silica,OilWet,59.07,55.57,62.57,47.35,42.87,200.23,181.25,4.49,9.48,59.11,HIGH,SUCCESS_OPTIMIZED
2024~1418382,2,M1-T09170WS-- 01 009,ML09,Silica,OilWet,59.07,55.57,62.57,45.57,42.43,192.67,179.4,3.14,6.89,58.6,HIGH,SUCCESS_OPTIMIZED
2024~1418382,3,M1-T09170WS-- 01 009,ML09,Silica,OilWet,59.07,55.57,62.57,44.19,42.65,186.85,180.34,1.54,3.48,58.54,HIGH,SUCCESS_OPTIMIZED
1905483,1,M1-T09170WS-- 02 004,MB03,Silica,OilWet,60.93,57.43,64.43,43.477840293406686,44.22,183.75540048534145,186.9,0.0,0.0,58.11,MEDIUM,NO_VALID_CANDIDATE_FALLBACK_NOMINAL
1905483,2,M1-T09170WS-- 02 004,MB03,Silica,OilWet,60.93,57.43,64.43,41.2608309376647,44.22,174.38539867994135,186.9,0.0,0.0,58.86,HIGH,NO_VALID_CANDIDATE_FALLBACK_NOMINAL
1905483,3,M1-T09170WS-- 02 004,MB03,Silica,OilWet,60.93,57.43,64.43,40.87625,43.74,172.76,184.87,0.0,0.0,58.07,MEDIUM,NO_VALID_CANDIDATE_FALLBACK_NOMINAL
2024~1284387,2,M1-T09170XT-- 02 001,ML09,Silica,OilWet,56.88,53.38,60.38,43.1875,41.72,287.9166666666667,278.12,0.0,0.0,58.93,HIGH,NO_VALID_CANDIDATE_FALLBACK_NOMINAL
2024~1284387,3,M1-T09170XT-- 02 001,ML09,Silica,OilWet,56.88,53.38,60.38,43.18,36.93,287.86,246.21,6.25,14.47,56.18,HIGH,SUCCESS_OPTIMIZED
2024~1284387,4,M1-T09170XT-- 02 001,ML09,Silica,OilWet,56.88,53.38,60.38,43.757777777777775,42.04,291.7185185185185,280.25,0.0,0.0,58.73,HIGH,NO_VALID_CANDIDATE_FALLBACK_NOMINAL
2094369,7,M1-T10035B6-- 03 001,MB02,Silica,OilWet,34.41,30.91,37.91,45.000416666666666,41.87,300.0027777777778,279.13,0.0,0.0,43.23,LOW,NO_VALID_CANDIDATE_FALLBACK_NOMINAL
7569403,1,M1-T10035B6-- 03 002,MB02,Silica,OilWet,44.73,41.23,48.23,41.44,38.27,276.29,255.16,3.17,7.65,43.8,HIGH,SUCCESS_OPTIMIZED
7569403,2,M1-T10035B6-- 03 002,MB02,Silica,OilWet,44.73,41.23,48.23,38.9,38.58,259.32,257.18,0.32,0.83,44.11,HIGH,SUCCESS_OPTIMIZED
1923756,1,M1-T11923---- 09 002,ML09,Silica,NoOilDry,50.97,47.47,54.47,44.14263888888889,40.97,175.79204791479,163.18,0.0,0.0,57.28,LOW,NO_VALID_CANDIDATE_FALLBACK_NOMINAL
1923756,2,M1-T11923---- 09 002,ML09,Silica,NoOilDry,50.97,47.47,54.47,41.86263888888889,40.63,166.71225841116322,161.8,0.0,0.0,57.74,LOW,NO_VALID_CANDIDATE_FALLBACK_NOMINAL
1923756,3,M1-T11923---- 09 002,ML09,Silica,NoOilDry,50.97,47.47,54.47,41.29263888888889,40.77,164.44231103525652,162.37,0.0,0.0,57.77,LOW,NO_VALID_CANDIDATE_FALLBACK_NOMINAL
2121469,5,M1-T13127---- 19 001,ML10,Silica,NoOilDry,62.99,59.49,66.49,58.71496527777778,37.36,252.92600427350425,160.95,0.0,0.0,64.81,HIGH,NO_VALID_CANDIDATE_FALLBACK_NOMINAL
2133133,24,M1-T14885---- 17 002,ML07,Silica,NoOilDry,65.07,61.57,68.57,33.29,32.93,136.77,135.28,0.36,1.1,64.72,HIGH,SUCCESS_OPTIMIZED
2133133,25,M1-T14885---- 17 002,ML07,Silica,NoOilDry,65.07,61.57,68.57,33.75,34.94,138.66,143.53,-1.19,-3.51,64.75,HIGH,SUCCESS_OPTIMIZED
2133133,26,M1-T14885---- 17 002,ML07,Silica,NoOilDry,65.07,61.57,68.57,32.98,33.33,135.47,136.92,-0.35,-1.07,64.09,HIGH,SUCCESS_OPTIMIZED
1827617,1,M1-T15215---- 08 005,ML07,Silica,NoOilDry,78.63,75.13,82.13,49.91305555555555,42.1,206.86287086375893,174.49,0.0,0.0,67.83,LOW,NO_VALID_CANDIDATE_FALLBACK_NOMINAL
1827617,2,M1-T15215---- 08 005,ML07,Silica,NoOilDry,78.63,75.13,82.13,46.721375,42.0,193.63506512729427,174.06,0.0,0.0,68.46,LOW,NO_VALID_CANDIDATE_FALLBACK_NOMINAL
1827617,3,M1-T15215---- 08 005,ML07,Silica,NoOilDry,78.63,75.13,82.13,44.24290277777778,42.16,183.3631257811986,174.72,0.0,0.0,68.41,LOW,NO_VALID_CANDIDATE_FALLBACK_NOMINAL
1879790,10,M1-T15611W6-- 01 004,ML07,Silica,OilWet,30.84,27.34,34.34,36.89527777777778,39.97,224.38483444347912,243.06,0.0,0.0,51.4,LOW,NO_VALID_CANDIDATE_FALLBACK_NOMINAL
1879790,11,M1-T15611W6-- 01 004,ML07,Silica,OilWet,30.84,27.34,34.34,37.02583333333334,40.18,225.17883000289606,244.38,0.0,0.0,51.36,LOW,NO_VALID_CANDIDATE_FALLBACK_NOMINAL
1879790,12,M1-T15611W6-- 01 004,ML07,Silica,OilWet,30.84,27.34,34.34,36.50909722222222,40.18,222.03621247224638,244.39,0.0,0.0,51.29,LOW,NO_VALID_CANDIDATE_FALLBACK_NOMINAL
1967814,1,M1-T15760---- 06 001,ML09,Silica,OilWet,50.96,47.46,54.46,35.26722222222222,37.76,138.84733158355203,148.65,0.0,0.0,55.42,LOW,NO_VALID_CANDIDATE_FALLBACK_NOMINAL
1967814,2,M1-T15760---- 06 001,ML09,Silica,OilWet,50.96,47.46,54.46,36.03402777777778,37.66,141.86625109361327,148.29,0.0,0.0,56.56,LOW,NO_VALID_CANDIDATE_FALLBACK_NOMINAL
1969488,19,M1-T15760---- 06 001,ML09,Silica,OilWet,48.54,45.04,52.04,42.24347222222222,37.67,166.31288276465438,148.31,0.0,0.0,55.53,LOW,NO_VALID_CANDIDATE_FALLBACK_NOMINAL
2392855,9,M1-T16734---- 06 002,ML07,Silica,NoOilDry,69.35,65.85,72.85,45.463055555555556,40.44,185.83438767234384,165.31,0.0,0.0,65.17,LOW,NO_VALID_CANDIDATE_FALLBACK_NOMINAL
2392855,10,M1-T16734---- 06 002,ML07,Silica,NoOilDry,69.35,65.85,72.85,45.17583333333333,39.9,184.66034063260335,163.1,0.0,0.0,65.8,LOW,NO_VALID_CANDIDATE_FALLBACK_NOMINAL
2392855,11,M1-T16734---- 06 002,ML07,Silica,NoOilDry,69.35,65.85,72.85,43.62462962962963,39.22,178.31965396052985,160.33,0.0,0.0,66.26,MEDIUM,NO_VALID_CANDIDATE_FALLBACK_NOMINAL
1902317,1,M1-T17771---- 04 003,ML07,Silica,OilWet,39.24,35.74,42.74,45.837916666666665,42.61,173.81658540989525,161.58,0.0,0.0,34.79,LOW,NO_VALID_CANDIDATE_FALLBACK_NOMINAL
1902317,2,M1-T17771---- 04 003,ML07,Silica,OilWet,39.24,35.74,42.74,42.04125,41.67,159.41969122426866,158.0,0.0,0.0,34.41,LOW,NO_VALID_CANDIDATE_FALLBACK_NOMINAL
1778363,20,M1-T17771---- 05 002,MB03,Silica,OilWet,36.27,32.77,39.77,45.21069444444444,44.33,171.4381696159865,168.09,0.0,0.0,34.08,MEDIUM,NO_VALID_CANDIDATE_FALLBACK_NOMINAL
1778363,21,M1-T17771---- 05 002,MB03,Silica,OilWet,36.27,32.77,39.77,45.61972222222222,44.33,172.98919585891414,168.09,0.0,0.0,34.38,HIGH,NO_VALID_CANDIDATE_FALLBACK_NOMINAL
1808244,3,M1-T17771---- 05 002,MB03,Silica,OilWet,33.2,29.7,36.7,45.85,38.86,173.85,147.37,6.98,15.23,33.3,HIGH,SUCCESS_OPTIMIZED
2263738,1,M1-T18191---- 01 003,ML09,Silica,NoOilDry,95.84,92.34,99.34,49.27916666666667,42.0,204.59914986160535,174.36,0.0,0.0,90.04,LOW,NO_VALID_CANDIDATE_FALLBACK_NOMINAL
2263738,2,M1-T18191---- 01 003,ML09,Silica,NoOilDry,95.84,92.34,99.34,50.00736714975845,40.82,207.62252078784647,169.47,0.0,0.0,91.22,LOW,NO_VALID_CANDIDATE_FALLBACK_NOMINAL
2263738,3,M1-T18191---- 01 003,ML09,Silica,NoOilDry,95.84,92.34,99.34,52.405833333333334,41.89,217.5805654408857,173.9,0.0,0.0,90.83,LOW,NO_VALID_CANDIDATE_FALLBACK_NOMINAL
2024~1425828,1,M1-T19012---- 01 005,ML09,Silica,OilWet,107.28,103.78,110.78,42.06,41.65,280.39,277.66,0.41,0.97,108.29,HIGH,SUCCESS_OPTIMIZED
2024~1425828,3,M1-T19012---- 01 005,ML09,Silica,OilWet,107.28,103.78,110.78,44.67,40.71,297.78,271.42,3.95,8.85,108.21,HIGH,SUCCESS_OPTIMIZED
2024~1425828,4,M1-T19012---- 01 005,ML09,Silica,OilWet,107.28,103.78,110.78,45.52,39.39,303.44,262.6,6.13,13.46,107.92,HIGH,SUCCESS_OPTIMIZED
7775201,6,M1-T19012W--- 01 001,ML09,Silica,OilWet,85.31,81.81,88.81,44.73104166666667,44.51,195.21028158769744,194.24,0.0,0.0,99.31,LOW,NO_VALID_CANDIDATE_FALLBACK_NOMINAL
7775201,7,M1-T19012W--- 01 001,ML09,Silica,OilWet,85.31,81.81,88.81,44.280833333333334,43.66,193.24553200332502,190.54,0.0,0.0,99.08,LOW,NO_VALID_CANDIDATE_FALLBACK_NOMINAL
7775201,8,M1-T19012W--- 01 001,ML09,Silica,OilWet,85.31,81.81,88.81,43.54680555555556,44.51,190.0421688833472,194.24,0.0,0.0,106.14,LOW,NO_VALID_CANDIDATE_FALLBACK_NOMINAL
7511035,14,M1-T19327---- 01 003,ML07,Silica,OilWet,34.15,30.65,37.65,52.75763888888889,23.51,190.53448844175014,84.91,0.0,0.0,27.2,LOW,NO_VALID_CANDIDATE_FALLBACK_NOMINAL
7511035,15,M1-T19327---- 01 003,ML07,Silica,OilWet,34.15,30.65,37.65,51.86763888888889,23.51,187.32024879258208,84.91,0.0,0.0,27.08,LOW,NO_VALID_CANDIDATE_FALLBACK_NOMINAL
1899501,1,M1-T25045---- 08 004,ML09,Silica,NoOilDry,66.37,62.87,69.87,35.74472222222222,39.13,152.15144758623018,166.56,0.0,0.0,62.39,LOW,NO_VALID_CANDIDATE_FALLBACK_NOMINAL
1905456,1,M1-T25045---- 08 004,ML09,Silica,NoOilDry,66.27,62.77,69.77,39.37638888888889,39.14,167.61004695787304,166.61,0.0,0.0,60.09,LOW,NO_VALID_CANDIDATE_FALLBACK_NOMINAL
1911891,3,M1-T25045---- 08 004,ML09,Silica,NoOilDry,65.67,62.17,69.17,34.0,36.37,144.72,154.8,-2.37,-6.97,64.59,HIGH,SUCCESS_OPTIMIZED
2022369,10,M1-T25045-M-- 01 001,ML10,Silica,NoOilDry,60.26,56.76,63.76,57.12680555555555,38.19,246.0847008547008,164.53,0.0,0.0,57.23,MEDIUM,NO_VALID_CANDIDATE_FALLBACK_NOMINAL
2028005,7,M1-T25045-M-- 01 001,ML10,Silica,NoOilDry,58.97,55.47,62.47,53.42,36.23,230.12,156.06,17.19,32.19,58.8,HIGH,SUCCESS_OPTIMIZED
2028005,9,M1-T25045-M-- 01 001,ML10,Silica,NoOilDry,58.97,55.47,62.47,54.11,35.89,233.08,154.6,18.22,33.67,59.32,HIGH,SUCCESS_OPTIMIZED
7770764,1,M1-T26104---- 01 005,ML07,Silica,NoOilDry,54.58,51.08,58.08,32.20430555555556,40.04,128.70690202049036,160.03,0.0,0.0,60.89,LOW,NO_VALID_CANDIDATE_FALLBACK_NOMINAL
7646653,14,M1-T26104---- 06 003,ML09,Silica,NoOilDry,63.08,59.58,66.58,29.47023015873016,24.66,117.7799663780252,98.57,0.0,0.0,59.49,LOW,NO_VALID_CANDIDATE_FALLBACK_NOMINAL
7646653,38,M1-T26104---- 06 003,ML09,Silica,NoOilDry,59.67,56.17,63.17,33.6,24.66,134.3,98.57,8.94,26.6,59.77,HIGH,SUCCESS_OPTIMIZED
7646653,39,M1-T26104---- 06 003,ML09,Silica,NoOilDry,59.67,56.17,63.17,40.53,24.66,161.97,98.57,15.86,39.14,59.5,HIGH,SUCCESS_OPTIMIZED
1818453,1,M1-T30087---- 08 001,ML09,Silica,OilWet,57.73,54.23,61.23,46.32347222222222,45.24,187.979307568438,183.6,0.0,0.0,61.07,LOW,NO_VALID_CANDIDATE_FALLBACK_NOMINAL
1818453,2,M1-T30087---- 08 001,ML09,Silica,OilWet,57.73,54.23,61.23,45.5,37.66,184.63,152.81,7.84,17.23,57.98,HIGH,SUCCESS_OPTIMIZED
1818453,3,M1-T30087---- 08 001,ML09,Silica,OilWet,57.73,54.23,61.23,44.98,37.46,182.54,151.99,7.53,16.74,58.21,HIGH,SUCCESS_OPTIMIZED
1907516,3,M1-T33025W3-- 03 005,ML07,Silica,OilWet,53.02,49.52,56.52,45.85314906490649,25.53,305.68766043270995,170.23,0.0,0.0,45.3,LOW,NO_VALID_CANDIDATE_FALLBACK_NOMINAL
1907516,4,M1-T33025W3-- 03 005,ML07,Silica,OilWet,53.02,49.52,56.52,46.772999400155534,25.32,311.8199960010369,168.81,0.0,0.0,45.64,LOW,NO_VALID_CANDIDATE_FALLBACK_NOMINAL
1925692,2,M1-T33025W3-- 03 005,ML07,Silica,OilWet,57.76,54.26,61.26,46.65926538123593,25.17,311.0617692082396,167.78,0.0,0.0,44.99,LOW,NO_VALID_CANDIDATE_FALLBACK_NOMINAL
1782804,2,M1-T33025W3-- 04 004,ML09,Silica,OilWet,49.79,46.29,53.29,50.42194382938938,47.2,336.1462921959292,314.65,0.0,0.0,51.06,HIGH,NO_VALID_CANDIDATE_FALLBACK_NOMINAL
1782804,3,M1-T33025W3-- 04 004,ML09,Silica,OilWet,49.79,46.29,53.29,47.650775316579505,47.2,317.67183544386336,314.65,0.0,0.0,51.49,HIGH,NO_VALID_CANDIDATE_FALLBACK_NOMINAL
1782804,4,M1-T33025W3-- 04 004,ML09,Silica,OilWet,49.79,46.29,53.29,47.49644722802933,47.2,316.6429815201956,314.65,0.0,0.0,51.24,HIGH,NO_VALID_CANDIDATE_FALLBACK_NOMINAL
2024~1528000,1,M1-T33025XA-- 01 001,ML09,Silica,OilWet,49.25,45.75,52.75,54.97,42.03,219.6,167.92,12.94,23.53,49.13,HIGH,SUCCESS_OPTIMIZED
2024~1528000,2,M1-T33025XA-- 01 001,ML09,Silica,OilWet,49.25,45.75,52.75,53.41,42.39,213.35,169.36,11.01,20.62,48.87,HIGH,SUCCESS_OPTIMIZED
2024~1546888,1,M1-T33025XA-- 01 001,ML09,Silica,OilWet,47.97,44.47,51.47,52.99,43.15,211.68,172.39,9.83,18.56,48.14,HIGH,SUCCESS_OPTIMIZED
